"image","image_sha256","mask","mask_sha256"
"42463520.jpg","0d8f21fcc942ed3568e7e3b408895349c74af39f4b1a78ccb54f85c0f97f3caa","42463520.jpg","724f92acdfe515445243b01cdf0dbb792d38eb00db78e2372dddf8fdc7b38852"
"42795613.jpg","f7c463c93710f70717f7aeb042df1fcd9afd0b7ea6d7cda6360808128707f32c","42795613.jpg","49222027d03b6fc7da6864857b911ee36cdbf0eaad11545de08c0bb63f3a750e"
"42925587.jpg","d4d7bb5d9dc508747ec9357c03e3a253edec33382a2b671c045236ed99926a12","42925587.jpg","5e5e2788cca066dc83a0c2bcb13989abe4701f4ed7cfc2429fb152513b3b4c0e"
"42960140.jpg","6e141f46cb8b75f63d6da1661ff9796cc5c81dbecebc12111bd807ae1e71df1a","42960140.jpg","c029ca0a399b18e72074f5219f811dea1db55e19dc17035e242fb2dbc15a84be"
"43079279.jpg","8abc2935ef3cd5a22815a8cdbb9efa3926130cca8783a24517995a733febc8f1","43079279.jpg","a8a4ee34f4d33871f9e25ea672376f1c8395a589d57f328023a62ac0c720ef53"
"43189696.jpg","c8f07f8a5472b6e9f7e166b2bfd8b977afbb47116ff579c1242bfe1bc86f59c1","43189696.jpg","c1a17f76fa8c196f24a81ee5e65e3cdbe3b729a48678136f583583fdecdc2680"
"43311605.jpg","90604064c69045be25a777633ad6a52bfda85870812c8dc0aed982c64cb37d44","43311605.jpg","ecb682e085707f65b60be73667d6ac13758be48b4b7f64f7a394d096f64fb4fb"
"43311685.jpg","1a732dec7346d12d5e70bacc4b4ec27a3dd0822bffdd37f124250844498e8bf0","43311685.jpg","fe4a424fc2c711b06d31b73ebff1a89cf0ba6c8aa101f6e4012bfed3f63387ba"
"43752579.jpg","60c157bbd7a6fed779166d2f2708beb85f39f6712113a71bfa0c8c2031031c40","43752579.jpg","06009a3cd9d4e2f245c1ce67ceb6e8447d6de86d68cf616c9064e2614f5be6da"
"43769828.jpg","6b94439af05b1de503acc934b1d61748c86286a1c8f5ad7ff65e7b538718c6cc","43769828.jpg","47fca9663457e8a76042ae8129f76237428c7ae87e993217b04ac75d06d4702e"
"43769992.jpg","a498ef882e268edd9dc913336168c77661c39642092a9608e3f3c6445d5a9bce","43769992.jpg","51ed4f04ac0b5a4afc9cd373390087c2d2fc261e39555e9b3a62dbb2bb95b264"
"43783081.jpg","b4348e64b1d6fb3868668b119e522df524d6b610d70069612002236e62e3232c","43783081.jpg","6cbd58bf5faa36b54768995a8cdd745a457b426d5bbf78890dff7cd2965f5e7a"
"43788959.jpg","cf157dadb42d602425121fdeafad773860c43c1247703d87f87189c1b30251b7","43788959.jpg","b84f555ba0c16baab4f1468a68a22054a26373dcdbb15db29428c2eba84b9ca8"
"43789633.jpg","f8a8476f5755370b3623503030ae5e9b58a21077d455869043626bd6db46909b","43789633.jpg","390e4cf9cbaa907ac2dd8dc27e104e54c2a73d8d4d504c1f3b4e578f6f7c5cb5"
"43789853.jpg","d44fa26ac2ee692e70fad03dbaba19a693702cf1a1d10348cd6c6bb1f1599488","43789853.jpg","13480ee723d13068ad1a43aa6d1a892e09a231344953f84639c7e3a11e64e9a7"
"43790150.jpg","f004c836c8f4726b3c63ad6c2ae60fe4221dbb49a088f7432549ab92e0ea4298","43790150.jpg","94e97f8f0a523c8e7afe45a54495deedc33dd52538f6e6b64f4681c7840f27b2"
"43937195.jpg","7cc44902c43bdd553df8ccfd6dbd19037601a10ab151b9630c9c0ea48222df85","43937195.jpg","d87b23153e6dc8115c423237e102927db2488db26c6f0284ecac2f449b967a33"
"43950094.jpg","19956bfc924a52a184395d9fe30ae2daf8626dd707fbdae01a31605c8216735b","43950094.jpg","43fa53e518f7a4f15c84a10bb29b272acc4ed6f62004073f88cbd6916d04f5b5"
"44057738.jpg","ff6f8e98467af99439d6274e30287ab150e3699a5d94f69fdacb16c540c86b11","44057738.jpg","a72af1eb9e3401ad43442f96c5f0f68b7ee988328475046ac458add3fe2633a2"
"44139970.jpg","de087009ead9daa56a7affeffc2c756f73b6cb607b76fc1eefdd93632a44fe95","44139970.jpg","29318b81a2b42e8a3b5c25a0a8a05be3b3bb33c241ae79638e10544b4c6c9c89"
"44159646.jpg","9fff420e2fc0f8a47111c383a24decdd47373566b06bc5c65a92eb6b9ffc3513","44159646.jpg","27b8b45cd4c05880db69b800e2b5bffb58a9579e6e6ad38a6edc75ba08a7e625"
"44213691.jpg","8a650f80658e00434f4e884a7b678cc9bbe75ba1313d28b12d2b955a75e06176","44213691.jpg","a453c3987f94fafaa221e059896854bc87498e66e7009b7c3bb7e0cac4231d97"
"44214679.jpg","d1c524310d0241eb2d032c2dd773bdc3007e5ed51dab1773cf5ab25a3d079cc2","44214679.jpg","a9a667c17f5bdff0b44e7ee2b64ce8c0dd1b9fc0d76a75c432d3c883fcb28f0b"
"44239359.jpg","3d8efec68c84d97a88615a86696d6d95fbea058b4937c2e940f8da825ca2d3c0","44239359.jpg","34dc415b889a2ea8b3e2e7d2ce602378bff6fdf02b9baaf8f8e18ab99800b2ae"
"44239378.jpg","5323d31b5a16aa8f659833dc3b875fd619f76cef75e3537f5e368863e88f1731","44239378.jpg","0d70937cd15e4414262990e035a8a3128c7ec6468e8bcabc5911c160395392ca"
"44240128.jpg","a9dd6b82bbc46449c39c81344dad898254863bb5acc0d4a50c0e00a5867c9a59","44240128.jpg","207c2ce317bfc8f898e2ca1c5da3700c786aa6c2b574f79335237c5a0441545d"
"44505399.jpg","6678433f013228d9e5c2c152a59f9b5987e4e94ce426d5120b775679a2b1f2a6","44505399.jpg","b9418d965da9629b9839f031b2e878e29eb07cf710d0403d537850dcc30939df"
"44552252.jpg","03a37f2d185b734ae9a1bea49e1d2c24118f2ba0623cf2db1f73134027febe8e","44552252.jpg","4d06b7407c92fcbd167cd80f896dca0d522cb72c853ad5886ba27851b4559847"
"44599571.jpg","32e98b488d06457028a9dbfb0c431070f483b580a5740b7e49d387538877f5dd","44599571.jpg","cb9585a120615c15490d4896c4ad2bf6d015a8f14ef76801b216f862242c4299"
"44602134.jpg","5c15f004c01f4d2305520fcecb49cebdbc79421628b5ad9b7f6bdac03859c81e","44602134.jpg","2437452e49d0470a5648bf1e50758a24745cc80bf277d25849e223614c88032c"
"44609586.jpg","c7cd84f53204bfbaed2e89dfe0b1eb1ff87d64ec96756c8fd0a548f950c2d595","44609586.jpg","b5f36fa2de0a3fccba29799d4487e6614282c3ca6da9f6f2da4660d1dd6462c1"
"44624338.jpg","52d57b45ffb5628689ebba2adff578e99ac4b977dd22ed3c8442e62040105e41","44624338.jpg","df8ced1981c33e5c9e278ee65e884f1019d33458e2378efbfde60a0c6a2d643b"
"44651102.jpg","b740d2aa85d8c7d1ce0e6b61b29c253e47ae241da0850979c80a2cd7bbd10a7d","44651102.jpg","f660c055931e8ea2acd19d3a56ae2ce908833612c0acb268a7a3263157abf28d"
"44652186.jpg","2bfacbc70002ca0844d684c32e6b76244486f8cbc58ece6f52b6d4fdb059f0c5","44652186.jpg","9a0838286596c4010dd23248eeaaf9772ce82081198b90c3972d79bc662a2373"
"44671556.jpg","aa11579984df4dc2d3e8671e00799f467c82a90c8166460babfea83ce96c486b","44671556.jpg","4eb6f2c94e62a284108206e71c7285de810b7a676e9b6f37ed170607cdc10c45"
"44685449.jpg","2316149a6b0b810033664022ee7077d7f7f5e4a4902370cb36334cda7e1abfdd","44685449.jpg","139d4c90675685ddc2d027800dd348f57f215fec5857c1b08e10809c8a31158f"
"44804368.jpg","55768bf952cd81ec00cf7d49ba32fe6d10dc287fca693ea90df52fff9166cde4","44804368.jpg","10ad14ff81a2e8b52709840306abef999d0ef42e738267340f194e4b200faedb"
"44911716.jpg","fd9b1b07d582e2b8be717d2c017538120cf1967d59f6f8ac9e68527b7ee9a822","44911716.jpg","a50607ed544f769cf5af43f82367e20775d978878f6bd457c08a84fd0b0f54a0"
"44916258.jpg","6d6979487a60913d974ff0d4dadb71516a7803bbf998b6dd668fc1d861a399c1","44916258.jpg","5fbb92accbccf8eef41eba315c7bbc3fbf551d969956f591573c17d7f773913b"
"45050576.jpg","448d170dbfec916a2e9e098499d0a309736b0f70f5d7c0279f075d36c52fd991","45050576.jpg","72501f7488374bb4b730e0bb0d5e32cf9bc93d1f9a3a785eccd113003f61e52c"
"45059355.jpg","acf5ac3342149e28773a81b6eb1144e4a59ee8c1e689c9b95754cef901652766","45059355.jpg","11c86fed5222ea8621977ef40a63d991728856ec718b441e9609f7040dc5046b"
"45059518.jpg","070ee403ea367f976d9e5a815360868ca48d95f09790247b7cb6ca56f513951b","45059518.jpg","d9185b7cdbd3afdd6a7cf5615965ecb1af344cd97b6e112b9666c6d80df3ab6c"
"45062861.jpg","d9006a365e32218d66990e1c51d2c318ef65242697fa634c9d9e79ebddc86e0e","45062861.jpg","33dbd65350341964edd384834d89cd831d5d621ce348d317acf47eaff4e9c395"
"45082213.jpg","0e485bb45aea629076ffd42cd1bde438aba552c53854ac24ff38fe968dcaa2ef","45082213.jpg","494b021d7db0abdbacf5fe7b68aae5e426d3baa17e03a10135bfc7d91eba6197"
"45095891.jpg","361d6cb070e08f666983414a8ebc0155cb4ac37c0da7825985116106d006016f","45095891.jpg","e54adf3f94bfdfa6d8a4db2b086b2707f11b8805413c6e7c8f30405c139b7d88"
"45168126.jpg","4d6b675c524cf274f8466499c01887baeb743652b1a98e17fcc823c852ca0a55","45168126.jpg","1b842a1a91b1e64fbd276b79cc14d756f5ba923f06fcb5aa4615b7b42d3de5b4"
"45177362.jpg","6f19aed452f0e1b47f766b405404cac7f1c208f29c9ac9c781a7bab4db5cf522","45177362.jpg","c43daba9e203106a9d91b2d3504850e85d4754e8afb495a0f2d0d09d0ea4730b"
"45265266.jpg","9c87040288a2096b7408603c8ac606d90fbbd66e27c723d54c7f2dc5c8f495aa","45265266.jpg","e74c6b46f5b7a5146caf10c0c9744ca1871a5c1abdd0ea60d2ebfa25e078228a"
"45277581.jpg","4379651e54cf534abf355652e64daed03ed5429181c63c2f7727e00f92ec36d8","45277581.jpg","301f887d97c1e7a969734a82b9f4692739fc08445fc4fa80e86ad763d99786b7"
"45317325.jpg","232fd095624ac7375fb4cb94a64c0462f273621b6c7f0723884dcf5cff8ded1b","45317325.jpg","afc04374d4afd936ba32696fda8beacb6b543135bcbc4b815cadd1339915bbb2"
"45358428.jpg","5c4f8677fa11be1e103066a5413dd6e2337b378cd63b72a77dfba4856e84290d","45358428.jpg","6af45b2d56b55464d94fdf99970a30771ab50f50372bc7d1835f7ab6d16c4a19"
"45441053.jpg","df58dc576524c061ce20f2e3efd0e19fa703eaaf49233ac57dcbc7fc8e74d747","45441053.jpg","8471917dd136ea7fcd7e89be4cd17b5a33a824485b5b1cd597529292f6d00de4"
"45449248.jpg","1e0169a0c9bbcb06f17ffbf3461235ecafff56b79769f8b46a6373d0567a903f","45449248.jpg","fb1bbe0d9e91aa51f12988b1758f80ee98e32217cb51609abb0be34e22156e7a"
"45564959.jpg","3651c5fdfd669b913f8ed6e95de747e78c6de1ce53b0b365048872e47fc4abc0","45564959.jpg","8922881cb4f0d8289174dcaf728efa384623f623a1845d904e980c165b1ad239"
"45640751.jpg","fa0298cefca7592944edc1192ba561f6c33fe5f90a94b1bc6f1f104eca47b5ae","45640751.jpg","40448d076157e815e88609c72aaf2f957afb23f671635ef3750ff78247c4e0d2"
"45693870.jpg","44704350fa54f064d70b42bedea7796980b0096ced9be50cc212c2dc95fae7a6","45693870.jpg","3f28b296b21515ab93bac68fbf7f8c01403072ad0c1d83864e630a96b810f584"
"45820050.jpg","1ecedde735f186e0c4868b946be397d93838b2abf3efd02b4776f1607b86342b","45820050.jpg","fc7e512861d9829781fa67f654c45d0f4059af03584de555f1cc49d087dfa522"
"45820285.jpg","b15a9084154d39596464cc46b263aa1f9bd9ee1b74e100c8c71de661cf36d337","45820285.jpg","91c3e56ab419ac864f24233e166a599a486b4f8089d064e3e51240d73ae35e3e"
"45907038.jpg","f17bb181759531e5e45b7a768828b1775b12dfeacfe540e0facb07eb81eee791","45907038.jpg","7c3a32bdd547c7324f6354b9f87f729f9b844689ee38c09d33c6ee6404b924be"
"45980414.jpg","b3862a4901d4dee7276248928157ee7053fdf8d72be49e3ea7df5d692e3e525e","45980414.jpg","1354212cdfa3693c2d0b6ba492e5c83b223020aead67ae6a0b0346b6cd486c0a"
"45981305.jpg","d7b1d52f949b8b39680e6436f2246a7679c1799610f4c1685af29a5f8d0eaac9","45981305.jpg","20788384bd7f703af660916ec3dbbfb248fb54977476b82d94ca92ccda21a6f7"
"46012368.jpg","bb67b8e496b763d37af0a039b66e41d12af0da75528ee555aa56a2139938e9e8","46012368.jpg","5d176617357891690fc63aeca1fa5f23ddb7dd853fc6e2b9917ef8f93b4c0727"
"46087799.jpg","a803719c9907e086e1612a29321f233c6d18683fdd7f61e8c024ba3badfa706f","46087799.jpg","21ddea23294de7b5f091f8af15316a64dd6c303bd3fd177fac7b9671ae234fac"
"46165035.jpg","3407a49da2ab2faf63b793d228e452336ad96f6a9449dcf87872b3944aadea0b","46165035.jpg","30335805b71121bed5076043633939f8e8b48d04d85159cba489296887935088"
"46212003.jpg","13a21fbc2b39de5ef9e1d1dfd4ec98a554b53be192fcd90b1e545ac43c37006e","46212003.jpg","23b9136797e8835f9e402811598ff7d014f8661817d97de3ad406818b739eaef"
"46212056.jpg","d3bba966b0864b5dfaa4e287d19b528d39dc509e3f96035af81a30a3939a8e51","46212056.jpg","8068dd13b50ade9715c1e4ec65622f236390ac6bce69d1ac57d4dae013083993"
"46438480.jpg","495309ea87904ba291c47ebb3d394ad8b04cbb236d4a9612aa7e1a645df740a0","46438480.jpg","ecc68ed373cd6152d5b1728fb09a26b195aea507724fd3c1378e5555045f9016"
"46447880.jpg","ad9d4ee8c681dfdbab36a68b50b2f39853e5a870fdf7b5f0b7c873311900336b","46447880.jpg","fb8ceaa4aee3615a4920f2c92aff9fedda34ce59add17701993666d1eb4f782f"
"46469625.jpg","d97d9d9e49ab5449b60a709372e532cae1f794c5a99554e0cf8b61f483b9f779","46469625.jpg","61cbcd0685f48f9736b106aec93925d8642113b58119e059da12fb0a03d97759"
"46602030.jpg","67c7561ee4fee91db2d6cc27e0eb763f74606fbc32d8d6817fc0277dc2e12b09","46602030.jpg","d8ddb9ac1859111deb1dbf5db6307aa4059e8feff4f19afc4639d1d8232f0f9e"
"46751367.jpg","d49b28c7bf905f9a40361b744509d6127bd7f7aa997aee076235bb017855eddf","46751367.jpg","30676abbb88d8483df6c45c25e08ea13204a5697268a58fc59cb7e14fe385428"
"46826811.jpg","fcaa9d2acf8d81086169426f9f452e66acf9823b361b48ced680e554bf903438","46826811.jpg","828fa0d1730e07ecaf059101a96e6a504556f13e20680d2bcb7e01b798a2ca72"
"46845498.jpg","23438095178692bbe296da93d7a3cd250a261db649c5d3e7f186bff40b362a5c","46845498.jpg","f4d0cc92af161c949420b861fcb7f3149a8468d2e58548c6f9bc52aaaa64b665"
"46863141.jpg","c32253b33b53e2475df68ee504378eeb72005bf1b9010846ef7afd1a835b453c","46863141.jpg","278987d5e4baec26c6b9448221c4583842ff3aaa4bdacd0649e6bfbae2211a91"
"46866103.jpg","cdda4958b6b654930e65a9513a25696650003d0b2148ded1e3149ba32168ca1b","46866103.jpg","ace5ef276c4e8a3bacb863229c852263d24e721a5f6773a696078e96025e3e60"
"46942307.jpg","9b8136378652bcf34239268e0af0bc2a3b0d8bb9485c608ed136761d6bf531eb","46942307.jpg","56f486d30f4ed4618ff12ca968bf6728411f4e8b9f7945e64c87b0d48e46e532"
"46970128.jpg","98cc8c390f38e4e18882982c7d788e57660d9728ed1259467a83792b6a5bd031","46970128.jpg","422ba36db23daae9bf274995ce2c4f7e2dce120d2c99fcd8b1975c3cd05d0ec3"
"47003829.jpg","49d2c346e23237d7e8b151dda3ac90e33f87d77817f4f02c6283c6a4d3b16cba","47003829.jpg","507bd4a09dd42cb11ba575a36fc9cf1099c38fc844839dceed392713717f79ae"
"47017661.jpg","e52d46c53ca001ec677a88b95b0513d518a2994f27be98672cbfc475dd627cbb","47017661.jpg","35a319cc49a8bb003b4bbe2ec5c5e6aba0a0a7a8ec468d66cb93905033ca3cd0"
"47028222.jpg","ad05114c88879e64da7e23ede4f0330490b33097112c4c3be8f133f915600804","47028222.jpg","bf1c47d0b38d0f05d02437d4b3696f458dd9189850bf6ebafd650bf02ff05e16"
"47053920.jpg","5bd527720afb17f33cd0c4f8764f5c88f3ff8d435f4495fdd7f4e703ff1de465","47053920.jpg","dab153b5263da687d19844b0b21bae3e3c48cda5f461d44a02507af35a8bac48"
"47064510.jpg","ad1478928a1282a1d54b85d8bc225dc420df5bd3da44527d81ab136f393f8c9c","47064510.jpg","a91220c977ad46ed4ee5bd18f180a4b58ccf7d1dadd3d76bf771a2c3fbcdc345"
"47085774.jpg","bb995fc87e0b9e903d1d24bc2b4c73d1bc46c8fb72269fafced707491fca3a4a","47085774.jpg","1cc82e4e32e8cf3bfedcfc1c901faa3b181e19863b53d706139f3d3a2fc4ebe5"
"47085962.jpg","6e3b122e39f0be65ff604e9cb8122fb93767123909e901e3d177ab5b81a49611","47085962.jpg","840ae697611676334123ec9a8db09ef10d859cf9666ec1f7cd4f6b9d5529ea9e"
"47125498.jpg","ad1b9ab272f1fb31e1d5dffda6eb3e73528abc82e43b2d205fd881fcefc9e53f","47125498.jpg","2d21ebd61e8bbe8ed19c07c79b2e0b949eb34d01cdcb10d189ff47360634a90b"
"47126413.jpg","70053d4ed3998728a154cf7bcfadbcfd37deab7e10ea2a8c8f9d01a38b5ef407","47126413.jpg","3ad5d45f6131357d2e172c03e6daf18efa6120366f2d234a87360533a255486d"
"47126430.jpg","319f2d5c546a867f2f888b33376db9cdf04f99acfffc43e68ad0bd565f1c1e97","47126430.jpg","83a2263e501b94dd898900e502bd14fd01b40a611e1ed2fdbd85b760186d3c38"
"47149991.jpg","5b244d40c6af2fcc99217dcd125718fd8bbb4f7ea081d2b7f30556c117dd31fe","47149991.jpg","fe638e0d1eced196a13cf7cdad544d3f49bc9fe27883a748f0b680ce696ea74a"
"47175483.jpg","2d3105f9f7f50a62dee10c848d8a293270a4860ea42ab1905bbb7bea508034e2","47175483.jpg","424999e7295366f7e1a9cb5dc79e99b5e61a7a8a314dfca86bc79a2cb75738e7"
"47293665.jpg","f4fd0ff13244619faa2381d4f6af09239bbaecb8a642766a63069772a0f223c2","47293665.jpg","00fc9157630a7556c8b5271374dd8f605e8641d88aff460a2dfc4f5c8fd7c794"
"47344019.jpg","6586ef449794adeed730d1473109ebab4444026364a1ceb67c660ecbc5ce472e","47344019.jpg","815e7974ca0e1665fefb093c813ea407c94c5e734130ac523ea306b5df89cffd"
"47344232.jpg","167b0f3463976df002e4cf43ec2af1ba4bb989eaf909bd2b72daf7ae1aa0d6c5","47344232.jpg","9fd3e728db2ddc9de4cdcc6f3195fb156461458a43ea77d4e5834734336e7760"
"47344250.jpg","40d8f13c85887800e26248caf0be0410026a0172910e7f380b09b15277a7bdd5","47344250.jpg","3ea03cedcad9dc33009c8612746b9a705c322c9a8ee78d52cd9389eeb820be18"
"47344636.jpg","97c5c9fac2137e2d70d569a54436ac1a87b358a1008a27505be562170079390d","47344636.jpg","534cbbc5e62af54f0777554c9eadb17666276a03db443f3426afd6bbd3d5427c"
"47345322.jpg","50753b0c9d2a6594cc0c39528aa4efceff25f5ab320f4c7b4a20fa41d3f6562b","47345322.jpg","4e4816609be1ec9b64665a2eea3deec4cc0a74f3965a73a7b9402e43736f5057"
"47345330.jpg","b62a0ec0132932934705fe30b89bf10e4e348b5d5d62f081eaa3a23c7a111b87","47345330.jpg","22076a3e2c37560efea7ffcf7eb5e726b85b053737ece625276a3720c5af09d6"
"47429345.jpg","53c3cf85a7507eea4898b96b0f482ebddcde4da772f36d4025754540922a6f61","47429345.jpg","ea0f060baf52da69242b0522af6c1ef41901a2c310bc93f518b8a927c2efc083"
"47439933.jpg","62992fea35992bdec951cd9376e8423a0095dd574be5370f1b5a7cf97c90a36c","47439933.jpg","9de29b01faabfe2cba64ffc727bb4cbb0b13684fc804e33b72a9c7edde32a444"
"47440175.jpg","ea55c4aad75de82c5bc86cad89284a8bfdf47c9b5659d68c38f5434cff957d17","47440175.jpg","2072cf55beccb1db3700888f08b2fc73708add7f151f5b0c9fe3e9660bf456e8"
"47454531.jpg","fb3d74ddff7b0c3049ca52657764a8e5269f78ed88c7154616fda0f38ff6b7ae","47454531.jpg","479f8be5cc6c6ba3ac8bb01b77348e4e33c5616fda4ed1e0eb06eaa73ab9f089"
"47463912.jpg","946fd93d235443de31ad359d68af67c9fb605ec42de298e33db0966c26513b92","47463912.jpg","070bbf21808819217a505cfaf0875c89526c934d53c7e0e2ccbaf47c5355dd44"
"47524067.jpg","2ced0f21c0efe349a63e6bd3af5d015b513b3943fd442d206009fe0ff2d98f16","47524067.jpg","fb6588c9cbd0ce5ebb0409a136020563607f39a93d4b91027df970e845de08c4"
"47539401.jpg","846418934d5cb1a07ae764c0497b52e3b552761ca4ef71b3214b20a35afdf086","47539401.jpg","b17d1b6a815736392e2f65cad28c4b96563df8c31e59993ce65dbaa0a08d318b"
"47539406.jpg","cefba9f1342d2bf170f566d75983a8537b0f186c3ed0c507b87e46ec3a550df5","47539406.jpg","d70b89ce65d3d71c4c374fd23ee24b82a3a0f7f9d91f103f2998bac87be80dc7"
"47568231.jpg","c15ab6e3241d8e154a3b1a6f6d886b9988dcd3105f67112e5e732c8e8c65d3af","47568231.jpg","10cad87f966832084f674486bbb18ddd46add82b919477dd224391aa98bf5715"
"47568247.jpg","0ef1a177c342d3e4dd635bf7952021566ea25cb609e7b16de8347368ab3343ca","47568247.jpg","c7e306de78bed20146d2866bd1a1b798055f352197751f53c7492dd0a1cf5b6c"
"47597102.jpg","c5aedbc36cb80a7a4770a7cbd49c037d6783ec26a132458dd6f53845a779afe5","47597102.jpg","aa6b947de388602d1f78f61729008c5f9df6209997b23664293e6d5a698cb668"
"47598442.jpg","7cbba90c2ea2a9a47664f34d437ef3267cacef9e80d4c647d90a3b96e0fc288c","47598442.jpg","8c96fb22085000d5e86b8225bbe51d5f62fda3eb04d2b6dbff69f56133c153fc"
"47631846.jpg","099114a8e7b6a2bbd45287bbd459609067aa9970524eaedfd17f8d810444c86a","47631846.jpg","9559ab9c308a09b4558f15a24659629530cc58b84c8acff4d65d9fd7ac53b2b4"
"47682379.jpg","d73bc0e60a88534f73506cbda3541712ad8ff8f1c3110a008374654563a3cc44","47682379.jpg","dd36a686ea225e66e64a2fc03cb84cb3f0fb22ed23a38642b4ba5c6ba410803a"
"47688953.jpg","b9ce6581ceb96633c2c546243f515e5e09712678386d7e7903bcefc4b7ea00f3","47688953.jpg","6bbac101ac6bc4ce6e6a96180cfca2c78bc8cad1f68de40d345ce2a56cc1f1bb"
"47724203.jpg","60d49496c33dd25e8ff08a811549afb36cc5ad9fa77e7f969bd4367620cbe235","47724203.jpg","7d6274d581b167bd450e02cc323f0b9843f5533ed56c4240318d3d6992771ab8"
"47740051.jpg","7ed949fbe1609008a2a998409cb7051efaffb01dc5ce1887c597314047c39293","47740051.jpg","233bb41d4bc07576895ca54a170661d481228becc443652d42020f1ebb110a39"
"47741102.jpg","b0e00e2c36ad550e2640c1cb210b0c583e85a3889f0617c22c322ed69f5b536d","47741102.jpg","10cca8e2ab8ab60f831aeff57ac5713186bfbff946b900b7147c63919fda5f28"
"47741107.jpg","59cee5bce011f0e3fc6d0dd0422a8aeb3a0b64e80be562cdb418d47591f242fe","47741107.jpg","74172220279d9c9fe0474831a55742812a0290843e5d7c6324a1f392691cbadc"
"47742068.jpg","2eea15c9df63537bc413a71ad9933d4ce57cc00c3c387adce07caa79122a7c6e","47742068.jpg","8e3ad8555a032cd8949964997d0fcc228c84c8297f67cdfeb361598c00bcdc4f"
"47768237.jpg","fc83d5ed2cd62f9fb4beb6c1b1164aeb4f12b0cddbdfa01ec4c7b7228712cf45","47768237.jpg","e8261926cdc3159d42f041ff2ee54d01ff5a8850486f0f35281b2c644496f11b"
"47777268.jpg","d254efd5183dd58c5901e7707d9a56fa574c62636a7dcd8adaf967cec1a15629","47777268.jpg","6b643dc268442c163b9fbd060e4af172f32f55a0f616f85c2e419c184e355c10"
"47783345.jpg","210a8d4da6167bfbce4040acfd55e7dc7dd1b5d2d8d659593bbd1bafb6c34bd8","47783345.jpg","b6e4c6ce6e198dd3147f6eaa160388101ea595bbaad72a77d9646c57376ff405"
"47809156.jpg","c01c18b8fdf52a65b8448b19edea10034dca0e3fa0f8cf9d7d866ff81dfa27d1","47809156.jpg","85b6aedae1274b8df70aae6f1b659532c1e9ccf980ad90b368a5a0100d5c6ecd"
"47825088.jpg","cabc9379aa73a2b4e0df5d002905fb6c7189680165c401d3f65ebff1cfeb3e38","47825088.jpg","af9698c5b4075b8f66d283ad5913bf22ef1f416aa6824ca07fdbc6460b556627"
"47875882.jpg","6387ac8255a6059422f37765b89164237bcf8a411a03f4ea2dc983b92f3e51a5","47875882.jpg","0ef032c39e2a72bfcbf603830c718082a0213c5eda3a29e0181c40c613a58897"
"47876534.jpg","9df486c5ff8a1d38f613aca31f63e778db5b82294473fa43991c8cabf69d2e2e","47876534.jpg","f1cf43c74f4769f15494e7aa2cb1e904033ab946f270881cf9ab4097fd2ea4c4"
"47899775.jpg","51e6b81f2022503e250087745e13d26004186a9923a8caf3d15f4847e61d7609","47899775.jpg","c3d82d5e418296cf70ecf20c35c601515fafc06a07ed37f1c5de7cd34116d6bd"
"47932839.jpg","9eabc065a52088f88bc4623d650cfdecf3546b4769ce70a30342571a42871a64","47932839.jpg","aa5429d53f349f3d87c1d0cca39c4deca837e7ae8f3fe4088c1f2899aec5dce2"
"47940991.jpg","006303209327a207f75d878b0762fd35598b869582dabb9ab72b3da0fb8a10e1","47940991.jpg","b605f971c902adf2f4b1d3759a0a01433d16a3b2b853be0a768b51bfb03b4716"
"48014696.jpg","4a73f70c0ffab327e3d64b823ce0aa0395ca6b60f2e107f839b38275182bcc4e","48014696.jpg","a89ecc95b526a9f1a12c5fc66e4078b896a9b7b976580c4fc203f48512c76b9c"
"48014699.jpg","5179581cb712801374d0480596bc440c184be9ac149a7e26c045d2eefef4f7be","48014699.jpg","0121384197375d33b81f39621a5a8f409ea724254f2de0d86414b1a999e46b5d"
"48059211.jpg","8b5711d64a0a9dd35d30228a88d2a2b38230236a3b3948fd1733131b6ddbd2db","48059211.jpg","0663e9b621091b806c96345991d1067552c020a48213ae988aafd29f4c1c2adb"
"48092037.jpg","e3db8a4c3d3fe5335a1fd9408b53ddb05bf8f678a98acb1ac8270f3070288122","48092037.jpg","71402ec03bdbdeb27f49a6596f025fd28ca26c8cd8a50cc5d2b0c12a3263fbdc"
"48116033.jpg","6773ffea3622c39bc62ee3d8a6c0b18a7bf5bdf3f1bbb62f2b7b7d47c1b69f5c","48116033.jpg","b893f5350bf9a350498b02dc3947186f87cd4fa4dc4b63f2fe38eb62206ec760"
"48140146.jpg","0934698f6edf3b052cbc5f98a4516078973b6597aae7eadbec2e5939d65b2041","48140146.jpg","f99d35f25b999d4b5afec96bff4ebfc72cb600fba38ab6d182e82400285c6898"
"48150917.jpg","a77916c0570fff3a860640846aef1aa811d64d2db9bb51aa4fe409c6469ab665","48150917.jpg","8bdc6e60a3674bf3b106578f8d08329cfcb82e795798f3401e244d8728c60e9b"
"48235310.jpg","869533b9c03b443c2c03685d41a42b44f4ff0204ecfaa3ba237e7697e22463df","48235310.jpg","b6d2c5ae135eea061ead3efd9c56a48e7a804ccf3d42af0e8feb5d48fb5458fd"
"48258457.jpg","756a38f031ee6b78927e64fac0c94348ae05dfbbf484694b257906ed5c971009","48258457.jpg","00fedc6e6673b3bece9ae214d514460cbcd485b14cb7994b97369e93fd31b49e"
"48258683.jpg","25b2a0cddd4ce90789d63b1e347d28bc9ecbcfc76ba893b1622930ae07799a14","48258683.jpg","359e226db64996e9707c4e6a360aa0f9d1678698fced1156c1dccb3bbc67f720"
"48286799.jpg","f486bcc4a6228ffa8eedb59139ae50d45e039012a318417eb595ed75c447a7b9","48286799.jpg","bd184fcc0f090af236cf08ec6cb7d925807a18111d66087de50f6c2bbfae857f"
"48317478.jpg","fe2e567c58a0d64eb95592b90595ef40bd8346b1d6b47e9d17f105d92ebf2c43","48317478.jpg","83d1aee1f6c66b1ab28ce5f3eaba6c2add9b9dfa03e3078eb49ea1fa1940341f"
"48329859.jpg","b4fa604d8ce2903a5cc55c984bfb072da8b02d924b7d603c79126971aa66adf3","48329859.jpg","7261e9d7a87d31ac659246bccfa05c5b70c145fa1e4472a6f77bf0432e87fb51"
"48374218.jpg","26a2fe3a88aece229458fe17bd401d4bc2625735059266c6aa90262d2811877d","48374218.jpg","09b555d2e3244f00ebf87ca02d5013b8755075290acf0d9bcd134d3618a0f821"
"48380927.jpg","dc50f489ada12e686c79cfe36ac09773775b578c45b3f0900d709022a99c9b14","48380927.jpg","8532bbc1f6a3ee41875ef2a736c1b88ee7372fb4279ae597b6c2260fc9f29560"
"48423932.jpg","3239734bffe7b342a3ac79c1d71c11145b122d33941ee15eb11185f961e1a90c","48423932.jpg","c5d84247779fa8603cb6acb4c32c4735b7080f15586bebac3bd9c7080f4f6641"
"48425005.jpg","64a5410a0999950a504c9128515e1115cdc3088e1fad2e08a69759359bbe92b4","48425005.jpg","b6c6a76e9ef0b3e8885e4ab4ad9577925d156c275dd23e0d5bff71b334a53db2"
"48452648.jpg","5f5623410ac4cc0df80ca2387c72bac1541f775b18e2bcdad25458e771bebe43","48452648.jpg","d7a61437e5d10a15b0f5a83fd2975b39af7c1eb5068fa4b3e2af8f5048e17010"
"48480354.jpg","e9569d34fe16b1b6341f800c316a47327ef81d92e8c062ef8f19e4982d4df2bf","48480354.jpg","33556524437f5ad617aa6f0fcb770a629a73a1f66070457d1b48e081019d149a"
"48511546.jpg","8143bd74e649f165d46e42f1a4f2e3867bac117ddd0e7c0c2020bc17a783585a","48511546.jpg","09dc3bb1538e8f91dd9922e3ba336d013f59298e4735364fae0194775025448d"
"48590394.jpg","a116a30b2534cd68683f9a3d61c70db7fcbbb09c6872bf018f49b9f70eae953c","48590394.jpg","940bb8b2f481253a609014a8a3e3825ba3c100a1cb0f8789928704202203904f"
"48606267.jpg","aa9c240c98cd7276e271327ad4fdd3bbdfe8b7ae551c8c6b543d08b9a58baf57","48606267.jpg","f4029a807ff80d6d76f4d954c4f63b0ad1b6c2bb64945448ee441d3def561352"
"48635954.jpg","b2b2aac2590f0fafc8b74d3ad8755476c8d0b12adfeecf17ffb666791a495a8e","48635954.jpg","702e6b6ffeb1522f15e95ff7f3f47c1416de8d3c8b4c629c22032bac559ad541"
"48647182.jpg","5a47f108487cb9ed2eb06bbfdead566720deb5a1475763faad9601b0f5a761e1","48647182.jpg","4324e34533c114210df30b3263dc0e7ef96ab183ecf500ef41b182653a3be39b"
"48674538.jpg","dcbdde21c8d15d41ea19ea0209090d150138fe05c9fe30c55816d9d887b94d17","48674538.jpg","46f99178e668cd322e05aabc272c7f7869a7ef7c465d92dd7fbaad53f4c99303"
"48696512.jpg","a91c53ecfb5cf396b808a2bd64b1335fbb81fc203e03ae9b3fc0595d52d0407e","48696512.jpg","409cfface0a886ae417b358f84bc8c0f979d3b8cc65c05b23aba91da67e57e89"
"48744707.jpg","c82035ce67e027a6059289c01683cdaa214c9e4b0397d724694d1269a88c86c6","48744707.jpg","5bc017a74bc0becd45ef0794fd7fc2f596fbe300d74859db02e268f90a297f7a"
"48757878.jpg","92a475a565504d4b7dfeac1ef04b1540bb176bebc96297895182daa8c0e0ad70","48757878.jpg","c3951b2199bf58a6560b1360b35ca855c5319ddc9f753df7503f27a7c913bcec"
"48813011.jpg","5f0becfa24dc566093b67e0e87790e84bcf7f59419ce78ba8a19d6c972b653be","48813011.jpg","c52bc6b105219c7439388992350182e337131699dd7b62b0dced050186cb96c9"
"48813856.jpg","50624b08fe27693ce0ccd5a60bd5504b79127398465d9fca6f793a6a84070302","48813856.jpg","b041ed2ff08a5755b07cd48c68ba469e61fad140f104b8acfc9be33facfcf7e6"
"48840892.jpg","8855ee4cc8a8b84f9e8f45e3191953b82964031103828d961390bb6f10068b43","48840892.jpg","c49ecb132db73a8306c680198322e4fb06e5cb58faba5bc18a51fcf29b0992ea"
"48841921.jpg","c88a3e2faf3f25f6c44b4b5dcc05e08aaef3fe0619e084d6ab2493dfe64df623","48841921.jpg","be2b11e6a42b7c166c606dcfbcdec05c899bbbca419e6a5adda4a1130bbb1bee"
"48843041.jpg","1699c0c60de9188f23852b6727f6dbbd6db8e82ffdbb2b25f87ac6a5f8404a11","48843041.jpg","a0a4a9ad97ee3b99b0c664a61c357965f6f5619c42ad5ebd96c4eee1f3ca12a3"
"48874476.jpg","ec57950ea2ff883507c0aeb5693c363e828344c7781d080d4caf4a54e7ce4fa1","48874476.jpg","8cf97faca01b455a335810d8bb2d5aedbed1e08de1e329b0b7551e7f1fda3c15"
"48895604.jpg","4cbaec5d412d02ace2209f52a2367907e4b2d6d688e25879bbe0de39606dadc2","48895604.jpg","5aadb6f00c96bc688cfdd8d0127a3e4683e1d97e0808d2265d2444d867b810fb"
"48930430.jpg","e37171308fc37ee5c7fb61d1c48779a5c2e50a560b394bcd4ccd63814692946d","48930430.jpg","e12f0360abd18d5f6635865009b1eda1097ab805942dddb1482182c4660e5e20"
"48959561.jpg","c963896ae136e0fb5b18db3c4a94ab411529ebe31b0a22bad37ef143f4408034","48959561.jpg","a20c6f56a6addb5fe1137d077bf6510582a5bf6fcd119a2acff5673cfa6a099f"
"49002667.jpg","17c8e30fa8c6b037d340281921d37d7300e0bb0581729cdcf90e75c479612f87","49002667.jpg","6f743c28c0a29806a8ea49b4ca1e1215e9ccbdb7788bcc6b08d49011da42fb95"
"49046579.jpg","be55da28c288f9d2385235ea371878d44c196fd46ea8fffa071c0db3fe6379a9","49046579.jpg","3e8f65b3a5814362bcd17b89de1bc07b89ab982eb32d9fb24107b221d49efa8a"
"49097791.jpg","6f6effbb031343b64b334f91c613f455fc7b9820309226bf877f39a0c05feb38","49097791.jpg","d80c6f021d43bc6c906f499962cceb53f1d1826b83c5d21d61ca40f1c2003b05"
"49098999.jpg","db1542142d7bfbe5b10b405ced35ccb88b679958ffb86e75cbcbf9d7e915b902","49098999.jpg","4785a4e7a3c1e749a6d2ddcfd88a1de7d1878d8214c1467b8ba2c5598d8d077b"
"49153153.jpg","8b0a439b07132823718c74a7121b00a2b5b9bf716bb478d891a147195c735ba6","49153153.jpg","ff9afe463d95ac46a4097b543ca038abe7007f9ae2923562d549e4bd5aeccb39"
"49153350.jpg","b54386b8d81526ee1144e79e0b94a81915fb4a96ae0b330b1b3eb9853a5fce0f","49153350.jpg","52a32d18599ce6a78aecc5929646dfe7a87f7d348e213f96dbc6e4b827b348e9"
"49153799.jpg","4ca2492f3b7064aa8db05a47113c5e956c01c2cfef24730898781b8cfddcbe10","49153799.jpg","3afd0ca5d79052de1d37aaef4620927829375337407317e174ac5264839ef756"
"49179867.jpg","c637842eae92cbf6db85302270249d50153c1eab1350578f57cdf4a1d469e367","49179867.jpg","e1fe5cb455dab94bab27225bdefa7ca2d560d5fe2b01eabaa58d7b4c4afeeb46"
"49230203.jpg","26ab63a25010ba12fbde7de1abf31736ba32780f70a7957560c6165b2e6df06e","49230203.jpg","85daa6d0606c90d949948dd29c2e95669f73b85ebdc59bf891ab5fbd39658d46"
"49305084.jpg","ab8c23680bb881e9176c0c4b5829db1046661119168dc3ed81052d2cd8d47237","49305084.jpg","cf81f7025303c4ad4fa99a9ad55c167dd83f1149af0c3cadb5d1ea64899bd831"
"49365204.jpg","37fd4a35ca3c74c9f775321d83114084886fa1f3e513f805688528560eb30087","49365204.jpg","f6aebc6ad899e8243fe0e69626dfa29f651415600c9febbd85cf637c61b5872c"
"49366010.jpg","16b6dfbb9fe3d47e48266be1487533022c40e5e1e54dd3b1a0c8bbda8d14218e","49366010.jpg","0459028820cab13f2ec6147cdf99f28afc8ffac6c4fca45fd461371c3497a14e"
"49382349.jpg","51f75752851bda9372d6cc1b115e8e4b7c413f7c01ae109efae962578effd63c","49382349.jpg","3954bc76767b5e06502fc33dbce3c302dfd5604dac9d218c157ff937426fcec6"
"49391881.jpg","ea5e0bdfd19113d3d830cae208c88a3966dd65e072042738d477e755db5d5e2a","49391881.jpg","de76596aa3c5ea1777fe9262af6bd4057df305837d78206c43aba998188880e0"
"49396516.jpg","22fde1bff0d5478e1e966e78cacc820a0ea72f0495b5ca0075dfb45a5b584d1b","49396516.jpg","0007b3e29f710740f1e49424c70a868a21d138d20dae6f06872c7ec8f98c2b74"
"49422580.jpg","2b2dd3403e675f1a96a5ebc92383f1de85f8c47826d4f4391b565407ca407fa6","49422580.jpg","9881953ac324491f88215a9953d2ca053448d33073a18041eec463cd50296b47"
"49422836.jpg","232663a418c199fdd0f98d7e6e0f9c78d5a11bc70212799d40f4bbc378b59b4d","49422836.jpg","ab87af75ceccc7ce83b11cb0463019d5db30a501d340f23044408e12a2a879ef"
"49438944.jpg","c7a54a43eb302b0c4e0e2e0a7096678c9ac01dbfb702b7c2919fda22c9e66b94","49438944.jpg","57294e092c4dbf6536f3ca174bcf60136c756c76c1b96963d4816b3fa872d53b"
"49467447.jpg","a3b7abd441f1c7c50b5dd5fc828a2ed5f429d0af296126ce1c783fd83542da09","49467447.jpg","d1b32690ac82f14bc3779fcea82ad6d633019d48e32773bf3031139dec9706f4"
"49498192.jpg","2b2dd3403e675f1a96a5ebc92383f1de85f8c47826d4f4391b565407ca407fa6","49498192.jpg","b1ce30dfb1d4c6ed81e5dae11d6e84b994ae4b8aa83071b671af56d345c06e93"
"49500103.jpg","f0662ec6f2919c0e055b67b7fdbd2d9abdfb528aebd3ed91cc4287873bf7ca2e","49500103.jpg","4caeae4953fd727d418df6717f146355abe79f061ff45bd2bf6ad809af54ef87"
"49530256.jpg","359f2aaf337ff47d7af951173cfc890e2f8458b09e8574d5b71047376ab81a54","49530256.jpg","d08c08dfb060b4a661071c1af3c88ea57f4d9624fd7adef89019ff7e4c49694f"
"49553471.jpg","bfda5f51134dea74c2cf00be8eda001f92aea3891ba08ae68146a807f19ec236","49553471.jpg","2f2864a2457a036aafc000e9e64f8a8a6fd3d015df6e7d0806a5a3f8002b1862"
"49606069.jpg","78377c9c7c48e0798d52a7db09fae1786245d9e70194457605ec80b26be105fc","49606069.jpg","5355c19fd0630cbda2dc12d8e909422a8703a5b3d0773ead64d3df8cd5a09d19"
"49608747.jpg","441fe55487e9bf3f2d37e6a202ee552e33b0721c433de797a6570388e6ff6922","49608747.jpg","edf4f596289aa73a61bf2f02bfaa8cf0185b50007cb35208431e59dedb9ab781"
"49627556.jpg","2e047810ac7bb320f059ba9868039c195e9a0bf8c9d97fd303866db13d50cfc5","49627556.jpg","7aa8189e222f4a42e8cf456191b777a3998685bb3418def4d9a02cdeadba3942"
"49631897.jpg","0fdd14b8dc458795ed4055eeb37cee3677e03d1081f34d6c796d0c30305635fc","49631897.jpg","4b423ef4b3cc19c8d78cf2a47bae0b986434d9688cc46b83bafb1839610c7b95"
"49631900.jpg","8d9a09a538f36148ecc3b7f5f235f232098b90cf254bb85c51f5555eedcf416f","49631900.jpg","dac624490e18c62695c9b6981ee71d68d97e969f4759defe90b66992032b76b5"
"49665031.jpg","d86572cedee599ef5e791b6e7698a15ba73e08b7e598ceb8dacb613df5645d88","49665031.jpg","22b329b8fed0e77c542d0ebdef6c5c9ca041a652162ff850d9e9f21b05454185"
"49668471.jpg","8a5deb0714dfa0bdf35ba9abc6211492f88b07f8830f1b2bf12ecd61f73b24f9","49668471.jpg","113e6b681cfe509b5dc008f8b98e996e38aa55e78ce050ebea5d1f6e5eb291eb"
"49725590.jpg","4f47bd9ad374429ca414abec80d1ba7e870ddb931cc52a005daebb5c88e99d5f","49725590.jpg","70cb687db86f5aa1873b37aa6c18da63e2451e77301ddba07f8989b922bf5a8d"
"49771541.jpg","2ebfaca6743a1b0bd70c0b0b2f32a180613acfad6270aa2aeafaf7b99f12ed76","49771541.jpg","596789bdac6589d8b6b9039fc5d4b66354f49ee71b802f61c080769c46347b4e"
"49777015.jpg","a62181b71528c74061e9c6a599b5b37b907c740d8bfbcdb7ea775b3abd3b83aa","49777015.jpg","9166af3d01658916e185c36e65942b636afc6ec1b25a585b62c85fc603ea1e63"
"49778907.jpg","e5d1d0878e005404d669018b11d29def8b79be0d22c254e63bb6d289fe463d9b","49778907.jpg","7257f3f035645e5507444984f4a6c6f956dc85accafcbe591c731f4264a907da"
"49827480.jpg","58a19c73a9c981b9e6cc2c5ac440ed48148799b5bf5277e594012ec99d64c718","49827480.jpg","6acf8f8580e56d38a28ffafa1b43854720ec30721efc620e83247bf18915f232"
"49828017.jpg","9adf26d2e2b6e34e014bec7cf6ec2c5e158fa114e460e06ac6d0a64b1f5ea798","49828017.jpg","456e29359785658f4f4ae4c3cab6c774f945a13aa18108c07b6cb86a018ec25c"
"49853688.jpg","3838fa01ef5c4032bb44fae45fe5261c3f89828bf0cd84ab67758c0941fc2b06","49853688.jpg","b57949467b76d476fe153416729705037b675205a2578c7f29aadd630cb77c36"
"49853708.jpg","f3abf3d04834ebc6aceef49785002b5438175b2d17cfa38be14e4b37a1f367cd","49853708.jpg","ce3617ecf3426d7b4da20c2033044cdddce990b576e748dd1bd2c0b0e4844687"
"49898649.jpg","2e7a6677021302c7763aff715943aed902a9cab8314881448301e820d40697a7","49898649.jpg","49cafa1f3100419b91295b64cd11d6a2a35d765bf51655445be3fe8f329264cd"
"49916069.jpg","fe802f5c00018bfc038249deb85e3f3e1b37e45874bfe1fcd220d78ac03cfea0","49916069.jpg","082ce1a6a9792f00f66a7c09b191b3ae1c6eb1daf2ccb43356a2fb3b660a83a1"
"49916120.jpg","5130345f5e30a50c7f396002940bd8c2d85702c190cdee81c690d581261eec64","49916120.jpg","ece6cfd5148dffa39b1b7418420dc1083d9cabc1698b211f18f2260ef408372c"
"49982541.jpg","b9ab56a562862ad8077838173cf01ef2eac5e11f16c2b36fe70242b528d77674","49982541.jpg","fafb199e99c841e933d3e2bbb033a437e561b9c34316f5192eac7f8dd6269996"
"50007663.jpg","8cd125223176e042f03eada731faef910bdfa3f3938641810601e2e4755509f3","50007663.jpg","58236ae3b8df743fda10eaa176fbe369c8a528c668d6a807409f24d9d2b69447"
"50027721.jpg","7139fbb45ea0eae38200c702a6137917e43750a42695d8ee6e58f7f81eb72444","50027721.jpg","0b27feea04674149b4fb106a3b668101fb1ee98d396447f6b565f4c6faf76d10"
"50028797.jpg","44042daedc47a6c35d9962cb8f143eb910d07427dda7dd90d2642bf669649cd4","50028797.jpg","7b703474abf952610b199300d618514af2f04ff54559e18826fd215e821cf368"
"50037772.jpg","fb43a5187ed952afb7681b703f87c37f2f66130da35bbba5f0e77b007fda62db","50037772.jpg","051b8eebfa08e5a2eff4259dae1a6efec07b4ffb305cf15eb10a7b9236c3ae13"
"50087664.jpg","914f35dadf92e4a60cad1635ef833d8cf62eadb306d2666974c58ffd55b053e4","50087664.jpg","7b19c73b70a4c06b8d47f0f993d69daec1a3a306a0e9006644ec79275d7beca9"
"50100662.jpg","a5e37784e2508d8e51b39fc596fd45e96ccb9a9f3fb4e265f0b0edf599ea87b5","50100662.jpg","834c0bc98a5660690976b63b726ed6ce81b322f3e92bbbe437cb45a3c25c28c8"
"50113207.jpg","8e806588246d9b890e38adf6b86cf20de68371d8c0f6ac9d8d7205698baddc96","50113207.jpg","de1a99016d1f8987dd9da51346986a8e6828fbf8b272534db9e703aca2b2d925"
"50155059.jpg","7e688a043db44b03327783031119c52bc8ab2b250015bbc237d2253d81348086","50155059.jpg","d0904531a27b8296e4407bf1cc9056cf3a9fcd9f75dc55e29366b0f19052f736"
"50169394.jpg","87c4b164798b3b66c3f1e92f30ffbaa9538d224403fe966435cb23ca14a553a0","50169394.jpg","9a82758f3c0b8f78125a20d3f81fd4ed62d132855f7012ef5156730ac86af904"
"50177349.jpg","3649f01eb64db12576d1efdb3a4e7cbadc62c2f7466a7be2466acf06e0a55eb8","50177349.jpg","cb054cdf656a0fcc9df363a9419bafdd67af41db1458f953ef55a4a308eaeadd"
"50192482.jpg","80aa1e301f43972b4257770d3ae258bb83d17211ec41fc1f9f5a7df5f99d3fa6","50192482.jpg","c01f4c755799940bd697c23ac5d376b5f5cc90c18b612fcc026e7378ce61df66"
"50211691.jpg","8f8c72ec0c1dbc31394df20cc987e9256a87b2004bf4b3da53e89109ad86d77f","50211691.jpg","b7d53a530c996ed8c694e1c5f343fd1a9ec26a3475176ff300f74d31a8cada6f"
"50241347.jpg","6e412131475ed8c47c02a3edd929d058136a30fd7426d0c00dbbdf05dc65cd01","50241347.jpg","888369406ad75b9fc7407a7465f7beb8b71a565bde0b70cf93a6bb48cc5e1188"
"50247678.jpg","504648f4bde99a0a26fa1487314a9346a4cf6aa2aabc9467a977a0d2f6afe2d0","50247678.jpg","ac374fe12cfd659a930286ca92fac5820d6598c278e112c8b771b4407521b462"
"50255349.jpg","e27fbcc6c0f78f62095cff1fc4bdff456b498fdfd59b408d7e7eeb375f189d97","50255349.jpg","1275dbb494a6bb5c4a3b25eaf6d1b9e0e4fbb039875b8b68fb37638245fdae18"
"50287455.jpg","b153a985153e92f82e96f583bf9c59cc66dec73195bec06b8ef2a544f84e972a","50287455.jpg","95c8dd15f13e3cab41f99a6b1bef68d6da6e0471bca4772d0ec98c45c673289d"
"50293730.jpg","376effd135a4519b6b12f202869e8fe8adf6d37690b6949607dda9ebe39c2e2a","50293730.jpg","9799c69e07c01dab69e64051e93ff42409b289b2326c73b0f3ae164ba0c36975"
"50304890.jpg","d5d6e14f1c2f63ccbdd4428bf041741b7c58e7b1ffedd6f40e48a436f7a72534","50304890.jpg","a98b16bcef6fcd2018407dc16bf6442791f20a967ff0daf4e85d6e18d8e2a648"
"50368924.jpg","af7912802dd547a0eb3cb3f0281a516efc782e6408284a474b523622f997704c","50368924.jpg","caf9e5ec5a539740173c7a88b1f9bd1f5575070cd4de23712db8c6202351a4b1"
"50374510.jpg","3d85c541efcdc793d55ae6e517b1e828cd9663cf07c4172de6252e0d08364b46","50374510.jpg","b0636cfb9313bc1b0ef1649e701f5116ca8ac3610634d389f8fd66d40f447b8d"
"50379139.jpg","bdee49d6b461d2f020e41c29cfa21f22b443bd8a5b71a4c8eb326f4baf40e977","50379139.jpg","a36a2840e88a032a9b8f0771ad45948085d18f0e286fecbcc72e8ca43c249762"
"50395006.jpg","73dd4eea2ce241b3a543c54076f8472d2a7a349e9809165d9a7cf59a4cd51819","50395006.jpg","1c68359bfdfaed28f953e6f8a97bbcf9ae7d2b397230e63c933841f2efbedaee"
"50431945.jpg","f38e4292dd0f9fc39fd0da690f774f78291a39e9fd9aaf078d3035dc70d49223","50431945.jpg","ed2d2e701d8f0114fb5617f775e9e762c26ed48505040c15a3e9ddc5ca33c8d5"
"50459613.jpg","44c2df97bb0fe270fe453ee2450aa2b7daa069008973b2dcb06c8ac1eb255496","50459613.jpg","5ce58ed70145f3f54ae86585a2ac4fc1d44511e2d752d49649337b1e23b917ae"
"50459624.jpg","d95fd9e050741d9d214a174fca1cf75faf0223cb27884c95fd8c5010a394c657","50459624.jpg","14b8d78ac04c5e4da3d0a32b035db49da7c62b30ecabe938a8a0ac83c4a88de9"
"50471585.jpg","663ba02f26cb5c95b725855f8856b68c2ee6208a6ccfd378af976373b7725cbe","50471585.jpg","2f0284b20b0653ef8bba86ce99794ab47764c1c5c3d983921b5ebb143b8f543f"
"50483150.jpg","03f4ed99df07265f21261ff668505f93a2c0b2161b0208aa6437c0421ba30ecd","50483150.jpg","efa27fd88a4254527dd5743896b722eb1ab4a55f5ac8a56f09dd58d1daa5c228"
"50502618.jpg","9160bed9edd68310d030591dcb8f7c5614078295a707ca0e81b54b9383bf4ad7","50502618.jpg","6c6f54f1e0cfdfafc4fdbb869c9d5e882ac5aa2833aa71096b596293737149e2"
"50507395.jpg","b6206a60d495b2121e0bfed31918c08664774c40d632350f779b678038da9a4a","50507395.jpg","2abf19fde8f6d2d57ff14d78a91792bd9ad3231481b51c77b50f229349332981"
"50507475.jpg","adb8c06144403016ef8a5572a5305730c9793d44836dafa034d0e3c12d5c1313","50507475.jpg","694bfd66c6071ba48e6ef527d117b414c3a971e38641e77e32117da0271dfc26"
"50509732.jpg","8278a153c6474a4220e6703b92db14e35e3245c42eb2b327195590ab27f417bf","50509732.jpg","dd029d914d5d8322d370b5917ac993b1fb4f55c7ca6cb0a494ef0bc573462b55"
"50535769.jpg","f94dc0ea6193a3b8d2e1a96ab7f6d32b92b6ba4c6d944c66db2ac54185fd2f9a","50535769.jpg","4e45e4c886423ea299d42ea67da16c87ff924caa6178fff447755505da034d5f"
"50541379.jpg","9ac8799dffbb762d9db117249284ced0bdd15d082ab6c8f1a5ea1b786cb7f8c1","50541379.jpg","067c9d769b9a842dc6e50f0c3d9f0d23cb7d1ffe35a06d8176d4d1c290f1c444"
"50560156.jpg","54495ce35b5e4c59eebd1223c2452e98000f3f2d95c8e32d3242ab64a94f4b64","50560156.jpg","4045dc8b2ed9a9d1643ddeeab40cedb79b61b2f69ccaa5c13c4a366ff804fcc8"
"50560205.jpg","4b5c68bcd2102aca08a359f656abf362b6b41aa2a2ee8f58dfc2cc4aacb032fc","50560205.jpg","4cbc501a81aebd84cbf70887d4074d0eae2f3fe8659329033f2aff01dea5c493"
"50564825.jpg","51ed297091b6f2c1f2a870fb037249926dc328d7b33e6446339837df173baa37","50564825.jpg","85a5ee0c4b9a1d8eed6984ee2d2c0e90cd3fb0cb68bbd2e574b2a83010d7fbbc"
"50627225.jpg","57a1c36e2fe61287ae07e259b000a12aaf189021b03c2cf8d3a578b11dc5215f","50627225.jpg","45841040c791ab1697549793c6499d341fa1e17cbf371100e7a4d7f88c8d364c"
"50627262.jpg","d6547043914c93f6fc133a8862a42bb61cbefcce367b46a2eebc34c5e76f43f8","50627262.jpg","bfe57aa47c34e67fd08d59fd6123861f8010da91b3ffbffe039d3e37b6d4237f"
"50638444.jpg","0c14ab4a7c75bdd8ff163e49a23e2d10dfdc2753c0768496980657753f18ce04","50638444.jpg","3fa1193067848220d440126d543f55b46784f6481b19abf7504119f901be9ab4"
"50657718.jpg","3f3af5b35dd9d0f926dfaada1274ad25c57f5fb6ab7422c0913a8d30d78e32c4","50657718.jpg","d8b5c3a28c836a745ba8b49baaf53f2af593bea6c2d705f8ff9a0751780d21ae"
"50678934.jpg","d8f622f26b14943d7ad694397ae67e45ed7fd981d757489e60188a1c778d93d0","50678934.jpg","a899e6ad99fea2a02b5931afa6ef4f2566a05b4cc9c36a6f98f28bb326112bb2"
"50685239.jpg","4a42b849b36c2b62632d672b8e4e2d89aa7fb33233b7f89bafccd09af50da6f8","50685239.jpg","6de4002251b960c1e1b80572977d37347e6c712e9e8cd9be263ff8c191c20062"
"50690020.jpg","5f80783304b3f8b9371f2a56c1d948ae35c4c3f88fb0f483a61862a1539b1cd3","50690020.jpg","d3c67cdcde5a282ff650860de4e837e3eb4257130b042f88be4b533dfd00951d"
"50690890.jpg","1c659db58aa30a325be69ee128943b714a91c18a95b8199160d2ffa72f1781af","50690890.jpg","4d173767d4ae7fbc8a6091607ff93c911ea3cc959d8bad647ea8ee07b73bbc7d"
"50714911.jpg","9f22229e44cc67bebd7d7a9af4e1e28d9840ce3a5a8168ec9d22f78a587b26a4","50714911.jpg","36daadb4cff238ec67c9f4ad935526843be09b6b13219d908bba97a9de90941b"
"50728547.jpg","cf33876a8f219b60d6d5c8314d2d5a674cfe10ce445cae850cb0a57f37f62870","50728547.jpg","478134672017510b856a8b18c1d4fb38b4f21a919eb4a621eccd28c45de8effa"
"50750036.jpg","bfe6c750020b4a5b0093ff8e212b6a0c39809d8f9d9e39f1a03baf28eb16b6a8","50750036.jpg","21df3de34e8782ffe7e3d8f5a342ca81fe9fa516a2a54fd45059f58973f00db8"
"50750226.jpg","07129c16a738fc1089574b046eb605454816cb0972595f2b988ecf5b1b4411d3","50750226.jpg","21c656f0a0a2822236dc6b8ca1c41ee5e34d5f060d11a06c4024a47fc065fbb7"
"50781718.jpg","e0e8c55d6d4840a00d12c679b800004068e80a49cb7773b2508e0d3b6b0b5709","50781718.jpg","f2dc1b9fd453993789067cd5c1ad2082b1a550167b70f7bf15858e61af45eaa5"
"50783506.jpg","3f14284d7ff45008d0ac814a9f8969b2f5bc99772abecb5cc9125e9ab47bf12c","50783506.jpg","6f7c9ace8e8f97b543f1ae8919d766efc84cb2b90305066ed5eab07acb8ce813"
"50813784.jpg","8a24699c546fc3bd6ff4cb8b1c12609e37ac3f8a6b3bc89202d98109a6402a66","50813784.jpg","53ef9f6c5c3d32be368049a8c3589261ae35c2906d84cdec9b83cc0ab6f64a74"
"50815296.jpg","661f78c0543a4b4cf5699e016c26af3519acb1c02d0fcd561017ec193034e78d","50815296.jpg","3354912c830dfedeaf2a1f1c5d65571e1e18057f367fd85c2a9e1501ad9c28ae"
"50848748.jpg","f4ba78e224353cd08db0e91f78301683c9bf0afc2efdaeecf20f78ab87b2d24d","50848748.jpg","084501b9e2d35aba718b63ed32c26c0d85466d3d22a21818fd918eae51e77b9d"
"50869152.jpg","ef5b52cb34a3765cab6165c1904f51b8d54f85c45a4c57096c067d0ede4e2406","50869152.jpg","737d5c16870ad66bc1a3c8a0c841a2ac16b272ac4de05b2a307bf6702d694193"
"50924513.jpg","e9f1945898675952b0f8a2ed4e231076dcef5b8b8da34d7c7a6b795f03cf2f19","50924513.jpg","f6c76827e2d9cffc989b7750427451cdbc508d10f192b6d98908d15fe3523a09"
"50946876.jpg","a436114ecd19765e89274d147404963b317539904da62562b64216137fbad9a1","50946876.jpg","ab16380c7c3a9352e2d81ca39f1eb777f4d768baca8efb313aff5996720d50a0"
"50958727.jpg","c775470cc9524e74bdb7c8407327308b7e8f8c92cbddfb93a84cee008bf63a85","50958727.jpg","6a2d265c685413219868bc65afb2ffea826a383a5a20bda23508cace76a79f7f"
"50970008.jpg","9a0869a54fbe7cef9a0025f2835290338d1973bf4c1479938c766c7249abe4fb","50970008.jpg","0e94ccbd8a74c473b67d62581e04769d4405a007aa364226f9993dff7ec0d619"
"50980478.jpg","f0d3b6a6ac388176a56c35f31d17323c321738a5a21ba001fa0c14d04c9e9cb6","50980478.jpg","b0fbd5e9a338434eda27673b26bc86ea4eaa6f9b09e12c1a15ad75c66c93bb08"
"50989831.jpg","98d4904f4bcab0ed84992c048f40bfb42bd385889382a5e8681bf07ca261ace8","50989831.jpg","a58709a140703e87994584fa118dda93c286af2ed46409ffe5b19179f8ac31ed"
"50999698.jpg","3c0058d8ad163cf7b135b01cb5be4b17a7148db3bc77f382bdf333d3fd8b6575","50999698.jpg","59343ac06e94b62153ff555f88b1eca54717986d43036715287130858953790f"
"51035109.jpg","6a1fffd580fcf3face2a72451e7bc149d85be386169afd677fbc987daa0c662b","51035109.jpg","49a294e2a8c9b157b43348ddf2c7286108cbb715548316c42512b74396508a8b"
"51068039.jpg","35cba07a4dae460d1967c604cf6c2d612ddb1a10cad5524d9bd77136403b1417","51068039.jpg","deae59f8fc1f9b27cb4d87b22734051276897c8ce613686e15bdaab732254518"
"51080234.jpg","830d7d07230514e19131800a7ac7c24429c70a24dca7ad4692bc1726401fd63f","51080234.jpg","1bc74b68eb0804fe18579a6f52aea3ce2b91aac47d77cd6bfa2c57319b5516ac"
"51086108.jpg","87e5bfb5fe30f42ce5165eb14c556d94190c2d331c12571a257fb687b415b9cc","51086108.jpg","f88b2abae3cf6fe07be09baccd28625410b964f337db9ae509dfb8b1e8848b12"
"51161737.jpg","d94e2be0b10414a0773da201e437ea7b4247152abdfccb0ffe6bab3d6fd0d2c1","51161737.jpg","d6704c65be88170363356e9e6e072c70cefad74aed2249be2a15f3f6cad3569b"
"51192454.jpg","c30732979a2f906759d6205c18903d6f417577ba58bf0fcaa7fe14fc16d18dc9","51192454.jpg","1af21f7b9da1137a52d387405ac4c2d48a26957b3bf04c84b7cf7636f3d699d9"
"51197888.jpg","585d0e68e45894029afbc9f4d7045b7670ddcb3ee242c71dfde299c9e97cfbce","51197888.jpg","7d3b1ae8903b7a4d14e72cd6f5343b93fbaa7d227d58023eac92aa1e62cc3d1b"
"51208793.jpg","2ef188f69782baf04474fee364195eae47f377d6a2842b5a35545a318298914d","51208793.jpg","0e2b5dd808107c7aef35284cd2761bf0fa46bf24af87001423e316909bd22d9e"
"51226327.jpg","43f1576e2cade2dbc09dc3d11abf748b317b23f4bc14e6ef64ce8dd83a12115c","51226327.jpg","e3b3b4b4170d61116517548130a4f272237717e43048d15081b50a9ad676bb11"
"51237232.jpg","6f8b17487411fbcd79ae0a5646e7376e186c94f5a87da797d37c39db709d4f72","51237232.jpg","050685303fe0729f3ed75e613b82009e516404de43dcd0e844d2e3c96e5d784f"
"51247698.jpg","91f172d749a65aa323abbbe911c32a6d15557bed5830447ce8149957a222ac3c","51247698.jpg","6df8f915af154ec0d68317cddaa1172d73fc8954c53dd506e1e82fa1bf777d9c"
"51277885.jpg","685f57ee459b5c76f28270cf78e7a95d0c70bce286929043404e9931391a3e7c","51277885.jpg","22a7067f46b4fc5e4d0b3a173fc807dac210ffd685b0411bd9b585c7e8e1b140"
"51302863.jpg","6a3a3f6198af7790a3d93730b5dd3532309ffabdb14f4984e5569ef780aa43a3","51302863.jpg","b4a7f111a5ae41df7510379e8269001035ca0e00aad1681eee822f3e7aadae2f"
"51308646.jpg","014218eae41c367486ffae50f4bd49c728d51fa1d39b0aa8c4a0b75b00af86ce","51308646.jpg","bb7aa57cdba3735df9be6461e782da9e03bb49f86bcdd73cabafe4abd5ea7437"
"51327522.jpg","e24dc36cf7e5b3a5065d4247583a513ebead78f3ed49e7724fff67da6455cc55","51327522.jpg","2ab65a24ad1980cfb052347d109a726626948daafab86f13ade14d8c2e78f2a8"
"51336803.jpg","4c99d266ee719c0b209343c7f0310dbb132400fdae6c34f1a2f9d5d96a74643b","51336803.jpg","c2fa1058ca8bc42bb56328a30c545c80f15ce78caf0cd4df0124771332ed148d"
"51353932.jpg","c7a73ddf1a31e06fc6bb0a89d6ed34fd28e766de317f9244490b46eed656b592","51353932.jpg","1435638669c259318b5b4305d70a21f3c93725b231d9d38acb9b9839f2e566f3"
"51354658.jpg","89109a3ca8b476e549ff27a3f8ec40f42aabaa6440933beaa07fd329494b59b0","51354658.jpg","de82341c6d13e0a5c0f09ea17bb73b0844c4e7c293f885d7698a1a9cf2435af8"
"51355831.jpg","c69c683743d0beb3a9c4035a3f7a630917d0e94baf71577bf0eed10f80bd5b15","51355831.jpg","b611b26a3284e0cceac610b129e6b7fb193024bb53c20174055740fdbe9426ec"
"51364802.jpg","fb8e5bb106c5c3552aaaf295fd7c392a0223d58e82f6ccdb1f58fdb6e70eaf0d","51364802.jpg","a44faf6dc53e8703d340e217410468a26b2ab8c320d72373bb8b068738642f9c"
"51375345.jpg","f970c565e5a684474b08ea8e393696aa71ac20b899fbcdd905bdff68174d124b","51375345.jpg","3cecd0652fd2fc75fbe4908b88b23676203fa813671edaa7b4e9485bc63255d8"
"51399881.jpg","60dd5c3c997d6f73e423e97ec2679d95f02ce742ab5cd2d8e60f9b4527c13d89","51399881.jpg","e02c1b385fee97748329bb01d97305e7cd59a388749e2446dec1aef001749760"
"51430499.jpg","4b23629449f19f7abf3855ef3ebcf07d358f9bdb70811241d0a4f0cbab4e00d3","51430499.jpg","2640d5009292ad0a50c051a3ceaf3b3c2aed15d2c3642841bc1d421d64225876"
"51430593.jpg","f2c2c1996e90a16e2c447fb1c14bb30da57f8442b4f91abb0b22d61efb72020a","51430593.jpg","01421711c9d4c6bccf765b78ddc48a86b903d06789804e4c7b669ada6ac14fac"
"51438513.jpg","ef96a5a6092a84c9cb64d533c3a3658682bb578e75222cd43a8465522e0c8f71","51438513.jpg","2df60246bbdfba379aa6baa3f87f1b6dec0621772cbcaaf592caf98bfd293aab"
"51441769.jpg","9577c3b3b5bad174c66028e2e2b434bc1540e48fd77e71def791cdb8941a5829","51441769.jpg","4890116383c08d4abf71e7fb3e6fa8f39ecca21f5eaf1164ac349268e75a4351"
"51479130.jpg","7abcda63b571ade572c0a229a8cd0e387983408a3419d1551c6bc869d5135b5d","51479130.jpg","f151f9b327c2e4adaaec8e39d88ef4a619576eede4883c0d47ce92d0f9d4a63a"
"51494601.jpg","1bf5280f0d28042ec6da813b2c42bfb0ddce5b9283c7c09a80f65b701fcd874c","51494601.jpg","03944892fd594cae0e204d1be3fa4926eb08fcca0666d473105b09747bdb6bb5"
"51500874.jpg","f71ccf1e0f4653d17e0eed3ecff233649b63d08b7cf328ee5f401edf9e013c03","51500874.jpg","cb4fcf662590e6e1e68fdfc8507e31015456d9cf491614647f55ca72f2257a5a"
"51520101.jpg","85448629052e65e3c5821f7099952ad9dbef7da8c21e22116d6d90a7764119bb","51520101.jpg","a0cfbf130cb4cf1a17c4a383500e7a72c511b987a274fcf6cebabf97c9e74eeb"
"51522206.jpg","7576e37df7620b9477db264f92676848bf79067c085fc97c82dfe4e992d3ea50","51522206.jpg","0de1a11ccca05cbec412831049df66873be7a37b451218140ef535df6f2b0504"
"51527485.jpg","b885d81872232e73c9be5c23c491e26488a797749e251a057334a9c73718d306","51527485.jpg","e6edee602522387835617892b92854dc929ed61d5c91cd4f91993357487e4e98"
"51545679.jpg","c42acc0df52199e8cc046bb7e383fb52717e7e4bdb4af6acd4d0d555d4e4fff6","51545679.jpg","4933dee0a881a4da2be4f97711a1f02a6f4bfedcff38e8bb7e03e2db9f20b907"
"51547862.jpg","399a0148d86ee4853fc8aa87c42ef0c60df23086a133acc32380555da4608cfc","51547862.jpg","3794a99296790fd83d2ab81e6c50fb5f5df87d75d4997279ae9972db856c8dd4"
"51557371.jpg","134d7c7ba5500b644a92e25bc30f76bf7acbfd37773c200face6e942909d7a25","51557371.jpg","14db51cee4d90efb1046f984bc9a7b769d9eb62324494287ce0ffbfafc9c1e34"
"51572589.jpg","2dfc4c9168abb253f676c688569928be33785c9840e85e3dea22024eb7e00afe","51572589.jpg","6636c860a3b0b0e3ac66b27834b68969de94eb875d0517f545cd382c2e96999e"
"51580760.jpg","7490bc8dc82e8da37a9c4b8e03bb02fdd192245b1c79a97519f935b4be678837","51580760.jpg","88e386a4bdded83760d6b2a09ea21a66ef726d21dd0f2049a56d1a238e426661"
"51602497.jpg","bed22cd16505152637e932d47a1d59037186f8121b1ec7f81610428631dbdb9e","51602497.jpg","af6bb778a4cd1321c74acfe085f6f809f0dc97e890299ea8234daee8418da6ac"
"51602622.jpg","93611b8ff9f6c1de8ac64f3ef5bbabcb9f856cbe6f6a248f1d4ef9f6f58cf3d1","51602622.jpg","add6ec61ab559e8c7ca791b6c3193d2a072d35e2e06e19e6c69d3c237ff7cc56"
"51603705.jpg","03e62d2d26101323316c592b92a2c96c7054ae0f5e58b77dde21815bd0bca1a6","51603705.jpg","573df589ba5c576249416ae34a2a53ad4b046b718788502f8e5e005e0e9a6d7e"
"51617292.jpg","2b4334d57d56a72c35708fa94b0f8202f1e93ed66633f53cd5365cfa513391ef","51617292.jpg","7f32fd475d9474976bbfe2615c0768650abd340cfbf67202c87c28fb4966e285"
"51617534.jpg","6a63abd17bcca985f85ab7cd124a3c06b836e45488f3197bba8a075919c8079b","51617534.jpg","949f9ecc846c844d61a9e1a7aa3e85a0c972f85a37a03883f494340197b802a3"
"51618378.jpg","fc6989942f59eb1c06682dbb695dbfbb99b4da3ed421788286014284895a073b","51618378.jpg","f4a2fa20cd70322c3a2c0c89479ed05032b7be70366d3477488eaf34e8070d5c"
"51625689.jpg","f17fa50c53627ab4e4975ec1abee3cd9d00cffce1e53db2ec24b90a0b757143b","51625689.jpg","46509aeed65f66225e3d92a7b0507869d5712242cbffb3179f126e2d3bdb51e8"
"51633962.jpg","98e549bdded241a0a780c7f06fd3d14b6db5cf06dd8cbee364050cd005f3cb56","51633962.jpg","b527027acee3768a2b93f8113741183f309272943eec77a3b32a06285afcfac6"
"51634145.jpg","7b970e345686812eea503e8d23f32b79afed92e5e8e85613b8f299abade4a0e4","51634145.jpg","5556727e5214088a9d9c279c2fdf86af5b752f98db669be699dccf38beeff57f"
"51673504.jpg","d5f56d400d28d8b7891d45ed9f70c0bc33a7581ce37991e7613e6737f2b1a4db","51673504.jpg","75bd67b32d3a8b063ef3ee55743c446cc061f81d45b4c01b0f5514f4cd277876"
"51676743.jpg","cdde8cfeac6756bbafa70eb810706cad0b247ea513545ce23ae00da6d129caf1","51676743.jpg","02ea79dd79df383c86a95b2f0ad9286b397d6b9774d3643028e1093fc6537864"
"51676928.jpg","da828293c415265629d949fbfb6c1fc735a088d3f2cdbb736340fd29f6ab54d8","51676928.jpg","18187c9611aa4dd7ae3ca6a79a6e0daefd123eab0bf2156797db4cd664b55ee2"
"51677009.jpg","05f5e43f583289c6415d1099f799e212387f8d2736cc1bc65532af17ea4d6806","51677009.jpg","d7a70aed82a3e9002a8380b7f2fda4800455afd0b33ffac0988c52c4c47c1fbf"
"51694882.jpg","7007f415557c6e4d23a690f18e06d1941986fa639b5097618e465d0c20e057af","51694882.jpg","042c0697fa5f117a0f785ddab66a62d282776ca01c2c6840b9bd7eb320e06368"
"51698411.jpg","b9bc0647f8c5b26e31048fee44806eeda29e5dccbc65bd3b3238df9e82fdb850","51698411.jpg","b4635800ffe8e2195cbbd0ccd3d3a8c5cca57dc21d88ef8558e09023dc14195b"
"51699935.jpg","086110c765e9943a7776531cb5c5b930f71bc9b6a8b8c1f7a0197baaceadfb68","51699935.jpg","98ff53bd1773149da81b33ad2fe6fa0b07ec3dd047d58673dd1e8c7d13c85651"
"51710488.jpg","99aa7ab1427cc20a3c1c7155960ea1013ffcc8dee924f4a31aa51fa8dadfcdbd","51710488.jpg","e098c0ac51e1a42229346c5b5701941b91a1774dc1b9d42032ee85a4d6c6ba06"
"51724062.jpg","ad9ebd3edc7c3a9d465a72c096804f2d390a681366832fcad9587f858d9161b3","51724062.jpg","56104c8362ac019ec0223b69ed7779faaa1ff82506c84cb1033351fc0602e76e"
"51724441.jpg","d1933e796893e23efe3a3e3f5b5321136a2b87317739a70f0f8495976aca2ee2","51724441.jpg","d804e1958766cbe6d6b03165ede6a9d7b5080fcba2dd5e5a880633677887480b"
"51724566.jpg","3419844da21fd81581d4154b78b5f88e0c5b3b4c5861c39e1a0847c2565eab2f","51724566.jpg","3394fd3ae756ac1a8bd7758999759aab86cc1ea9f9fc5477ba9426bc8b6fb07d"
"51726024.jpg","6d28ab7ba4eda25602ee5ed2b8b9ca6a1b399907883e27858f784dcb31c20a90","51726024.jpg","fffc0dedb4e66f101074ccf9a3a00ab7a98c57322ef20549bb9eabaf132ef087"
"51734048.jpg","8771bd8c890461666678b69ca47c00d0ed75d443762d41ae48b2a35e5e33aa82","51734048.jpg","bd4c5d83afe343e4e1b3521f56ba4856c025775bc702660d1a92c94096eb799b"
"51737757.jpg","202db4c3efce47933ca783090d991198f438df03684a3e8e414887373fe3b000","51737757.jpg","377e358db4dced19e2379a63b7bb458ebc61a17fde2389a7e7253db4d9ac5839"
"51749228.jpg","55ce010f7cf6a472373eed3cd89eb8d41d4d8a8316ad1b49adf12508a05ce302","51749228.jpg","9a5b598a1ba8e435fb67ebaf1f52b0578d5ad8cd71b6e650b9fc17802b7dd6f4"
"51763168.jpg","54030f3ca95e35589d9ab0f7afbda94f341bdcc1f056f2307a150e3c756cae28","51763168.jpg","6c968ce44cd595cec86ca57a883d45a825de080cac7880f0cc750497870a7e77"
"51772008.jpg","8954a7b8e428cf0a5219f8ec24b54b2682638597389463d719446bab67f8ad28","51772008.jpg","9a3616792703638db4a40c09a466c936348f5078a6e134b6950c6e36abb22a34"
"51778290.jpg","bc500e421ab63b23cd5ed1c5c35c4b01786d501c7b9d96d49a6547eb60fd7276","51778290.jpg","7e49f0d120b4d715981e00eef7d42d90c3d37caf0af9ecfd28fce0fca98eb42e"
"51782743.jpg","3474d0aee82b2da87b92a2923fcd046fe04e8830eef41f36703ecd733ace41ac","51782743.jpg","5b0d20a005e8e6120dd3405eb15e87188e0f3f52d044daa5ea676e836c43e0af"
"51811391.jpg","096545de59aad6133bbc1bf5c4830f6b1459c93cbfa7b8b0099424d72eac67fe","51811391.jpg","a31aace91456fe2e71330f872612f1b64ca2861e5e75a977ba736aeddf6f9573"
"51817440.jpg","c254ef65b74e87ced0576bd1d34d6b103f34bea812b8bd7abf53f477cf24abf6","51817440.jpg","9ee7b374a67dbe412412751112524990322f09adfe32b094ebf8c747f84e87df"
"51827044.jpg","93bddd8eb5c48a40e7087906e06fed374f12d307227d03464cd12a0f407a3f32","51827044.jpg","215e3a7d14f5576ebfba98884ab999570d1d8945800ff64a8c89fda4a5cc9bf3"
"51839649.jpg","3d84dc120325dc2d70c754bb77483a29ba4797a4bf7922d8f7c55fbba8152d94","51839649.jpg","edcc218d463970f74f02226c26bfaacafd421c82eb5338738ac326d25c71123e"
"51843324.jpg","03cf9d5b9e4ca4064e12e09f2e3f46fee9846bd756b7490b199643eb90533a05","51843324.jpg","5341d91e5ee6e7dee4b694c8f8271ee1c5ec132b1fcb2dad4fc0a2cbdeb22583"
"51843446.jpg","948c823db58df4121ca8279db8407ed6efcac5a238a1dbe7ec6f76acbf74fe9d","51843446.jpg","0d7f3a2b3f0b821d88544e93a106a07ec72a57570636553762122ea819f16331"
"51850070.jpg","20601c3cf9cfc420a25cf92dc34a3f5aa0f1cafa8d70ebad7643c85bc7a25387","51850070.jpg","5a8d63e38712010c2405c77de57e1bd3850e93e33f2126b97f3b82054cade034"
"51853939.jpg","2822832c4aee428ed278707afebde1fdd67bb7bb919a584698f7e67b37695a95","51853939.jpg","94dea9540f1f5f8467946fd00c75170ec4b6a438389a92789e85e51f6f31ebfd"
"51880941.jpg","6451c625da6bdcc32e01fc9e9750549d63644688ee8a8cafeb874e137f16650a","51880941.jpg","7c7b0c6b67a660dd3aa225fed9436bc6f1db7e69b1f54bf80e69dcbde363a6f6"
"51894359.jpg","e46838efedaf0ac87dd3f060482dd53ba26e367b598c4bdf961884679d514343","51894359.jpg","3a6f35cb5cadf0a0699fce93a2cadce5203ded56c698724dd91517a642655836"
"51903506.jpg","a5b7706492881d6a3f9914ea218f3ecf31b04727b9b341980e7b4825ffeb9ced","51903506.jpg","75784c3320e5a853b569ca0dcc890d4c3c79daa63a80976fedcddaf4a0fff84a"
"51917953.jpg","c871165cf39c8118ff98c76beda20939a9d7b5a5dcac234451be46e2fa37c5e5","51917953.jpg","72647857d07845080e491f6d39b5e5b369474e3da91f760320ef9f74bad889d5"
"51932822.jpg","2edb9491d8b6c3908f5b7892efff448bfe80c7e8ea2c64f16f43882c352a99cb","51932822.jpg","e8a7d773ee4f7761b0e486ee3d723fa6f7f151017cfc00186d6a986aef42a72e"
"51938816.jpg","ea01a5a2f667bba3565a8f15d35376f62930371e706eaeac1fa01ec3de928a06","51938816.jpg","13f7ed7362ee6d4132f81641f2e48f44004d9638b2685ee4da509059db31fb7b"
"51938860.jpg","110819b0b720d92902f2ee849be42f0bedbe0e59ba7d29394e403bc940b9bfe1","51938860.jpg","b6ced551efbbb0c7c6939cb58c9aa76960cadc761e94afdfa031337d456a11e6"
"51945014.jpg","5b00070db96aba24662673bb494e87157965e8509bbbbfb000f6078188644517","51945014.jpg","a6962ad89561de33db01d01c4a7a6a810a2a9dc19a4f22e8f52a4c81e7d1fee5"
"51948580.jpg","b38bbd8c04d017c5292e99b614e71f6a8d4cf54dfff70db81af8e24ae0ca9a10","51948580.jpg","ef0b9b46e5e63db1c4561dddae377b53a504cd7c4f573b3863a2bdb851b51d44"
"51957069.jpg","da0da2457ce1e4ec4402d148faa88fab84b646d3670fc2c8f3750f306a77a4bf","51957069.jpg","fdb386bb0543a5ce72bed8661ecf8a930f20478393b88042eefd480bdc624054"
"51968475.jpg","73317bbb8cf8b5106085fe041ac95d72d2e49692f32676d6a3d4f1168e700c5f","51968475.jpg","2f012532c48bb16e3295ff16d59de0ac76e9fd14879fcedfc0f2ef8c84e207e7"
"51974599.jpg","9f210077055a79622c1b8689c39f7785ac2931c402e2ba45169eb7edadf40d11","51974599.jpg","b51100092ce2b62bf5628af655c01fecce0fa20f1e5487bb85602c1a753c5efb"
"51974887.jpg","0e67d4578112a85e7d0ed8288447ef4cfc5770122a430c75c1b4576a4c1a049e","51974887.jpg","afc019980cd8b15c23446edb06c7a5aa723bdb9909889dc2f05d36ad6be16fe0"
"51996026.jpg","facd1d31fe6b873afdd1773fac0c3e4bb464ff0332d8fe050c18034289332d77","51996026.jpg","34bad994ae61260127a3d007a4b6043085eb05a61cda45b0cf90a8d4e23ffabc"
"52026145.jpg","9717f79b9f52c848005b787d73a1158331796ddd5ff2e91be8771ff52a04ea1a","52026145.jpg","7365835ea87bc4b27f875536e24dbf83d786a2109daac5e98b4280c6eb08ca0a"
"52027939.jpg","e504695e02080a4cbd41a1382a23ef63196897f1d36187428c301fddba893afb","52027939.jpg","ddd9766dbdd1580e87b9131f19966b7d9f30038dc21b5a363c6bb2e35fde0e66"
"52045324.jpg","9f2e21fea02fc698282a6ba8ef9b356aa81a838163ba81f12ce957f85022d6cf","52045324.jpg","70fdc3e9f2a52f28a840c914e0829eb38cfd621dca33ea0a0c6a2f0bf77d0664"
"52054584.jpg","338050547f751bc1e5e0a6175b3530f5f3d723a1ada3c7f6588b3bd9993244c1","52054584.jpg","a73b92a845f035ec7d5b78de82cb8b79fcb73d67b3bf85e20751aa6ca0c4833a"
"52068986.jpg","981cd29484bd5dcb7c21134aa2ef19080763aa81441469e9d7fcde9a98522335","52068986.jpg","86d0ca6d4e55f1c8a7fb6a2484d912befc22bc4d1b53b5c8c4644223dc0f4f81"
"52075987.jpg","477e48e0a902181ddf4d1ff09fe1a063d8afe11adfc2f4311d56d53f43267e9a","52075987.jpg","e22f810cab13b28ae5e12e5098baeee52ebd8ed53cbb21931fc6eb1223277fca"
"52103029.jpg","e24dde4e342d286f91a8d2ba4d34eed93e1d507ee664412bd7d4dfa057ce2d0b","52103029.jpg","29901caaf04bfc6f4011082a39ea20a3e8ad01cdfd3017da71713d0e26a9d337"
"52103288.jpg","ca979814cc2da8c735e28a1e97905dd63fca3ab72a82d2588f0561107649b4ea","52103288.jpg","6a927d6bbb328b5378611a87d268916a738761d488d1b28328555ca5f77ca3f9"
"52107210.jpg","5f434ccddc19731670d043c66d880498e8ae71f35b59038bba17276fa29a36c6","52107210.jpg","5d8a6199fe870c84a78bf7169919275c25ccf9a1155aa253bd04218929e6f616"
"52115145.jpg","2a62ecb1b06a5319b5598a6bc60bc532179eea0b939695837365f8ec70f38880","52115145.jpg","39d3e2811a45f1e4aff0e4a392f9b4550f8b9b31f93b396a427dc50e7ebee462"
"52120366.jpg","1c3378034d02c25ffd46ff8b6b30c453a11cbc3ad2f3836c13158015759a1ce9","52120366.jpg","f3a3003df881b75b4573973e83a4c9b6e13b7a5354357e4757883d83cf33f09d"
"52120903.jpg","390556fa102c46d558218b5f1fc7d4872b78297f142a85970acc578d86783cbe","52120903.jpg","b28401b5a42d2943d555324ca3743755f177861705daa3a7dfc4ab6f8c771470"
"52122162.jpg","ea5883f8037a038e7f5db70187586d7658dfa3aeb1770afa9ed7aba9b14cfc8d","52122162.jpg","c501491193cd832fab114fd8a299af72a2bfc59709a52e5abdc6a066fba96b96"
"52122470.jpg","847bb8397e95fb2ecdb962bd1c53a99ed88436d12fe88e66743ce9da445a9a93","52122470.jpg","87c59f17551a91283952fe13a9f4aada14e917dedc8fac8683ab5e85bd3703e9"
"52123574.jpg","52c266fb871e04d2d623a2378e5017075dd2f866f25b6656b6c19509c4fa69ee","52123574.jpg","5abd93035af8c357c90c90049f0a8cea8490f7efc199fcf8cffa29bbd4d2b0ff"
"52158876.jpg","041fa038501d542b3d3d35c266474e5144984057a0ca3da4338a1de9d7283ecb","52158876.jpg","8a1617e43d255120c43212c38ab8dbd176161de21384236dd925c5bdc4738d34"
"52168792.jpg","a390427cdc62e8ad341d4d1fe78ed77d52ae7d4af791f128a2eff9e731e9295e","52168792.jpg","2be6be2789ff074646f0c6a9a40bbbc34022bb0eae394066cc2fee132d481f9e"
"52193290.jpg","c163c8a3400d59968ad509f34d7b6b539e12f6adbb82988e030a45d0f3913d76","52193290.jpg","6c39ae537d5ee81eb6340b2bc859da81035b9c69e9e146d08ac043f3302ab977"
"52205241.jpg","71357fce5fcca7cc4d0dcc252a56bdef640652db69a9458effedc2abdab1deb8","52205241.jpg","76f3de51aeb918378f6c585393f867eda5205b979b5f8e1ce226c05444b9f8f8"
"52216726.jpg","280a36455630feb65a7b3065f17c65a0e3565c29472e1906dc8a9983aba51a31","52216726.jpg","9180e8600b2fd765235e9cfb5d04fd042e4c238c859dd3a827b771399e293bd5"
"52229087.jpg","7d420daa9f47701bbf0177c865eb78f64f1bcbf56236dc95f9cf547afc55c5b1","52229087.jpg","a937b66600913cc13e2b127240869e8cccbcfbcb91512e921aa4e9558c70aa06"
"52231712.jpg","4056aba53f3bd0a04c0d9277b7ed6503e48e00e1103aa10940ff395f716a8446","52231712.jpg","5bfd880bcd924fde29259753dfcdabc5338c2ca1baccf2b4e49bd982ae0fc1c9"
"52232551.jpg","0c42fd2fa1275203b76350c765d8a85c97497140681611f8f9d2c43d0dc2cb95","52232551.jpg","0e50f52868e846579f29fb6bc722a042bf8ef7f47bb7a7de05ef44ba7d2c45e2"
"52233095.jpg","63c9d1dff6e410b2b244253c9552976baa504f1fb2dfc88e697a2e323e395288","52233095.jpg","a1e7e688c47fb47024bc58f8e2c80b299034a6c961ed5cc39120649ee967ea75"
"52236347.jpg","3f9411dfbc365a01c4fc838f45c95775f06cd879e3943ecbfb02e9b1af452b45","52236347.jpg","4b0d133ab5682c230c41321ede6f9c544ec10aae01d08f52cef030ac738ec7ab"
"52239175.jpg","4c1c696e66dfaf1fb3662e7eff13ae692f465892a0e8e43fa382fa94031ec22c","52239175.jpg","14ada8615fb2be578d41eafa08095c5d27dd4fdfad106fe031e49244183b1d47"
"52254297.jpg","740dbfcb2ebe7dea65a508249eb48b0b66ce5f79ebf4a2d5102a5cd7612b6475","52254297.jpg","3445f9cbc0247f8b2c0339c0618e0ae70b582639f7e368f464e7434d3aceae81"
"52281907.jpg","0d3c259161d2a47329df2713ed140c48f416db7d6cbdbee33483cb65261f8872","52281907.jpg","1993fbe407058046b59d3a7a24aadd43e73f112a7a490389cc4bf7b291892845"
"52307352.jpg","530f768f5cc66d6ea2f70f30311943e1981bc3257ba50394e473ba22cd4a51b6","52307352.jpg","eefea3ee63e5ba64e8f70f41cc6ed1af7cdfb724c1ffc7176436058d5808de6b"
"52310321.jpg","7f25e1544416237301ffdf23e62252d34df6825dec423550f875e048c3d0914b","52310321.jpg","f73c44747ea0ef413112e95214288243fb28c81a5f06702070745a9b832da338"
"52312355.jpg","3e48d9c414bfaef111b9993ee2de7b4b32bdf09360c526bf8399d99061b33d36","52312355.jpg","83bf96982a7cea95c3abd5158ee5240cada04d33a748d2c23b450d23fc41a8b4"
"52313037.jpg","3feaf1baecaa3816d77157262f8ff618d4bac7293b961b20241d29808570f3a6","52313037.jpg","3119311c127d7151d4faf107343539a0bb40bd933366ab7d5a43d5ab63d02e6f"
"52320379.jpg","4b682fd8d37464ec6204ce600d253e9726afc97df7229e707ee29b31750ed0bd","52320379.jpg","c3422e55ecfccda14e9a8c0cea8128da3daef703a6937d60238698e5ba42c297"
"52320387.jpg","7ad43f68e673d978b942ace217ebd585eebff95fb4feb262067cdecb5f421efa","52320387.jpg","020200b824e8f08e7f673a37eef03ea4de1343635f79504f832f62ecf6d0fab7"
"52320439.jpg","1975dd5b90bba0b350c44f6921c04f9959289f2e4aae2707249e240412848964","52320439.jpg","30eeb82ec4bc55bf46649711c728dbd16080b89e2d59896f3b1df74704259e7a"
"52321607.jpg","d0e1bcc87e2d5c26fdcea1d0599f59d48f3eb33325ed593ab2011fb06fe1738a","52321607.jpg","533c6a85acde43c4ff5539e2daaad825d0f46fd7f08db4263c6852190ed05053"
"52323895.jpg","2c286fda9cf3d56be14a83674e434ef6ea21d0a1c00e517c340e0578438019a9","52323895.jpg","7496e4b58d78f51efb8c25413972e38914165ebd9d8a67ca6a06187ae8c546a4"
"52332887.jpg","b2a83a2b5f21483edb0e28d187ff849c1e323114e89eadd0428a0db0480664a6","52332887.jpg","c2b4e383fbc489d47151b2b4cc6ed378823d3ae5fe1ef93feedf6124ea7dc131"
"52340861.jpg","250255d6308501aadeaa31485a843ddce4130fb29f208222023f13f7ff79ce84","52340861.jpg","fb9586f74e189dfcf74822fd4274b8320bd0a10386adc737475dde4b89d2d91d"
"52346361.jpg","a30d006c299b79d1056712c5f12ff624ae10a7f7d01b333509e014543fcd1181","52346361.jpg","e90a8eb07e10755a76819dcbb526d377c94a89ccd956674b42f073a575a53562"
"52355500.jpg","e7763cb297f7dbc7e38b616aebfd016ae4ed2e59c0fa1dfd940e47e75d89b382","52355500.jpg","08f8f4e07ef7a86acd561c423681196474127381dfe9aab62ff835df79979bde"
"52356388.jpg","afeac39db364d2bf9cb7143c4289195d2eddf8bdd00cc5e65bb21653da7567b0","52356388.jpg","d3f74582d9d3e0bdcc8c5cf3e79bbacae83209106cc5b7d0ff002c4d0b57db14"
"52366848.jpg","89cacd4bb671228756f458fd1a466eb08ffafb2b09faedeb022fd3f5e1d99589","52366848.jpg","4c83cdcfd9da61108c472649e40e88e20c2b34f22d53ebc782fdb85abfb57be2"
"52385862.jpg","7ab6eedfb54bf621872b37742b6197feb37195099b01dfc03154adf0bc52b3a0","52385862.jpg","49548a8154a5db0f9c642ec06ba9326e73449a6fcd53b2d0203c85f3d0ddb354"
"52431356.jpg","4941105697fd3947ed97baaf305c95fd37b668aa5d258fee405b362b53cf7a4a","52431356.jpg","b4ae3b94cc22e324158bed2e7895e1fcb222fa32fc69aa2a3099f8301f4d902a"
"52449079.jpg","03721b4874dabb9a5a9814b5f913a1fad4d78925ffe280775c8dcef751fa920a","52449079.jpg","5e4f8ccfe2463773bdc764076d98e649dee75444c76a25a3a7cc79bb774fb57e"
"52463294.jpg","346d604e4e7230c3bbb32c9101922a72c166352abefe14423ad2169dc712545c","52463294.jpg","2df71e5b4308d3c38c06cffc9c74586fe89338b85a6e0bcbd225bdd68f6c57dd"
"52466269.jpg","7beb5dcce668c006511f84486aa8de4d344ae825f60fe031ac662ffb306eec90","52466269.jpg","5444a1edb19ae5ec048e0fcb7efb415a0cae0d5b67ceb4aa4c2ca942b3623a7e"
"52466858.jpg","67dc01c0b84d81ac9b9ea2998b49326f7cf96bed709efb8a9c9575f6c7c1a7a0","52466858.jpg","c70c15a559bf2d81f14a1f50b1cac64cbec10e24a3df0dea86d810bdc80fa22f"
"52476180.jpg","98b8e2702c26dfa0aaf180e13d3878424eba890072cc1496176348cf4bf56e1b","52476180.jpg","29286fb0381147129382e1f4d90141bfd035b0997616954cf0405d2bc78f5588"
"52481754.jpg","eebcc4c99979ff5491d829ba9a7ef72e2ccafbd52f3c9846540248a5b2f3fe1f","52481754.jpg","963ea3ee496cfaa6c8e0e93d9b4769404c5de1082c24dc1fa2b5eeeaee4f88f4"
"52483612.jpg","71564aebf0708542336ee4b40293d175f09bd325253490039f8e51a246a7b921","52483612.jpg","8e578254d58183a706277dae2123865ec40396d002c4a60c42c1da66e0a967c8"
"52487580.jpg","7a8de9bff4f5e7a10e953ad42b7b0d7fa2ca44537ac8095caf193ee3f416af44","52487580.jpg","0cb12a2a7e9f287de8f2764bfc728660ceb08ba8bdd9be0f444d775968bfde53"
"52494675.jpg","599c0d655323fa22951c9c890965c3ca477fe232585de82e500f8b8d5c9714d2","52494675.jpg","d2cc82cc06c09b044b5373370b44146169004d9cb19df30de7aecb8e78aabf0b"
"52502810.jpg","400f4a64a505d2b685bc9cd2597f111704cd603567993546e6f9b43011f32469","52502810.jpg","d5103cea3f0dcae09e6a0f03e18809dbc2772a65a3711883910d9a1de778b8e3"
"52537453.jpg","d40d02e03154929643ddebd3915e99fc58e1d505103e537c29e19147a0c9c598","52537453.jpg","212a5c68d3a6c3fe728cbc64ba56cd71bda4c0ddb68feddfafb4331171689d65"
"52539394.jpg","1ecb4e8180d061d50a5e66cf265e952cdd0b9c9456240ddcf835b37be5c45127","52539394.jpg","4f8bb7ac7a0a1464f4e13af2b03a00b7afa856ed8a8f9af4c67e7d55a1a71d6b"
"52539922.jpg","0f146f01968a7919e9d4d1528ca2f4f87c001c67f5a622da10cc6dd566adbc18","52539922.jpg","b66024c6553dd80df414658d09b4e69a7a363912afee0f8bd3f2042c83310f45"
"52540392.jpg","b8edd602661694f17646b3f8f188834c99b9a6de17b37da4eb83b63837819d49","52540392.jpg","78df57f5d91c25da95d9217353fd4bc65a248fbd17b28d1665f84b0c0aeae4b7"
"52560126.jpg","e9b5d0feadc1b4642137714b26ba7c03648f9751e042b6a2bd7650f89ae843b9","52560126.jpg","01b3b2993cf2b6c2b4c4e2a8a576990ac7f7765e2a32ea156ba045d89dbb5b0d"
"52560430.jpg","ce2f356354d57068d8ef76da0a5b24ccac5a42814ed6435a9158b34af5a0adb9","52560430.jpg","e7b2138666e50316eb694b98a3e2eaf0f422f6bcd8b3b417a74fe7bb048ee873"
"52569537.jpg","eff8deff5f1dd196cd4a1fc57f03d8c54b0d432b3e08dda51a112a5af4bc9a05","52569537.jpg","f2d4136be2edb56651558a5b46638cbfc7ddf154f9caae1c80114c0976e3fda4"
"52569539.jpg","eff8deff5f1dd196cd4a1fc57f03d8c54b0d432b3e08dda51a112a5af4bc9a05","52569539.jpg","3b6e5dbee2dd0174dc8c291a749b4977ef073b17f2326aced723fe9e668b6f7b"
"52583344.jpg","81fddf7e2c1678fb886288eb57a0f15e3e59027db2192fd4aede6489f5287327","52583344.jpg","6889a09ab7f185d16e09f3c2332a52f50bd580804316b80106780c2b77c877c6"
"52593764.jpg","e27370ed1613068e7530b3caf007e8df2e9d87b768400c8ba0d2fac9710721ac","52593764.jpg","47fabf82a3d03db6d1ec6a72d5bfe537520c10f60a4928bc289846e1b8897909"
"52604887.jpg","906f28f4f4e07a6dfb5e0face28f0e535940c3e01aea29c6dc4922b58c591d1b","52604887.jpg","d5245cf11ac1300f2f8e7cccd9053640d07c6026265e24f153fb50cc4cb2342c"
"52606916.jpg","c1f1359cc46efb2637164d21912e0cd9fd19cf69df8e3bab291b5f05a49ed31f","52606916.jpg","d9dea2851d16aa0a3420ed2bffdd0675951d461c201bfbb3ede6a170a8988bcb"
"52611088.jpg","eb597b867a4c340a5df09a6848fa4aa80df2d71a56046fcc751c4ed260fb24cf","52611088.jpg","a87f043deb547c67473e5209d15263c6c81a06cfca8e6a57c9b7c8fb480f31a2"
"52619451.jpg","67171ba20a11acac1af309e525941e84ea832029f8e92a46a4679bd7130e6dd8","52619451.jpg","e6ab441771d6c0453aa8acaab4842bbe4ddd0580310836d846a61b4180fb76ba"
"52641372.jpg","8ee22ce15afec00d8acae33082e937beb8c7cdf29fcc60348ee575cad5c6a2c5","52641372.jpg","77dd6d177a62d13fce855336f410f7d57a0584593ddc6a9f23e980c66d781995"
"52682595.jpg","f44f9cb796b30b4a21dae49df27ca173969acf047f5cc12e6f6211fc95268d18","52682595.jpg","f6b5cce7810e6e02c776086a95745409b94690724d07c79820240d7527ba0974"
"52690435.jpg","f064f70d9225c77d0cc0db8cc2ceb2d1a9d78699fa475f995bbd689bc6fc68f9","52690435.jpg","d3822611c149fa332e05c06d51150e6b8a110050dd27f7b01e8a8f4ced3c6bb1"
"52693188.jpg","858a12c4f8846ca4dc5e333a6f8606c0d75dd1fe50ded2a3b37a90a534cf682d","52693188.jpg","7b78e498bd75e20248ced2733e05935d0736f6b0cad87e5b033129369f70bea6"
"52701993.jpg","266ec8d41f6abe9cddaf5d8b39f0c46810d12bb98a29ed64c291511bfa4b1c77","52701993.jpg","d63c1727c40e9356f708a3a9408ba98bb120924250f756278da1ef246a7ee793"
"52703886.jpg","d255da1a51a449fa533654ef02f5dd4fd7ed003dac8bfad8c4df1b0f50fa6046","52703886.jpg","a38eb9cbf76a693ff4f71b0008630de1cd231191e2096540612dd025264b606b"
"52716131.jpg","fdfa0dfde6424104b28ab82a324331fc75ffcd72de7bcf8909b7c2c048c5af28","52716131.jpg","40562e5c3f96be66efa210306f25392707045b7f532cc51e1d448c65811e76ce"
"52730939.jpg","c0ef1c03d090641d6d798a9c2aa92ae3455ee82f57b798d076937366aabcec80","52730939.jpg","1eb3b660a09368c05375cd45ea2b387c9bcce809812359c25d6c83763873ad3d"
"52741899.jpg","ed44fd91882025b31870d783e68e7d90b34666bf5f4c2169fa369aab1b842b14","52741899.jpg","98a36e24cb0d7a76d803004743c88ead05dddd9bc36ddcfd02f4e318fe2f6644"
"52746310.jpg","e600abaa48256e48f9d9757e009fcae293808aa99826d2e36b6a1ad565a106b2","52746310.jpg","e993f30b08f4e67255c4698463ddd6776592dd8d01ffcf2ce5f57a556a9f6c4a"
"52752556.jpg","cbac655241d5e65dfb9e287f79f6306fabbeba67622275d4deb73c07eb5c42d1","52752556.jpg","40171776f1e22873841aa1b5832422fceeff74a9286ccd5f65e55d9b427f4918"
"52754106.jpg","984ea91d02b5c0d85d10f32dd1dd075f260894a8fa96fe4b94b720f262292060","52754106.jpg","29cc1d3c97af76b25a27b9eb9775169ab09a36c69bc6aba8b186307176af8d83"
"52775455.jpg","9838e64ac2f9ec70430adec96aead9b0e1600ac885769317d0647ae1348b63bb","52775455.jpg","a1d71d57a639816ec4b003231361c0579a42da973fecb896fbd42d0a7fe30a99"
"52804882.jpg","a24dc58da369cfc920c10495e047cf9a3f68942e88105665d12c33ff1d730131","52804882.jpg","68964534381cd7ee8126cc986e2f8b4bdadbca34e5e479b1061f6c53e523653d"
"52822459.jpg","c22c464a1338a1751ef6dbf99ca36cd5bd269ebc8f29b44694c792923b4ac127","52822459.jpg","d2645336193f475855305caedadeb027a7b7985fcc4c13049ebc74a773462287"
"52844621.jpg","c6c4b66c7ce035d5e494dc63664ab03d5c7b8c31f286b2c925ec537a3a1779c6","52844621.jpg","b3ecadb032d2bca40a2649646133293dfc0297c702583ed14110418d84d25c30"
"52845853.jpg","dc16c669f2e23a17dd55ef32865c226f43cbb555fdaa680fd11afb52a1857fab","52845853.jpg","ed58498462ebb16eba81c9b734914e8996aa40fe0d0023ad0778ffe7e64dc0a3"
"52845929.jpg","8460d132987968e95b43c609eb7910fd605dec9b3086ba090b592bf987b0e768","52845929.jpg","c19026f774f1ef36c4065a598e433c71e4073321d816f3a86c628de0998c2ec7"
"52846302.jpg","898a661937ee8c431b74266b53399962be404f4250521730e1fd96cb5251eadf","52846302.jpg","6ffef0e83d5f184dfc391860f80e73d6ea5e9c0af40b5dce43aae3572b8f0511"
"52846340.jpg","bb9f9c15ec7762672fb95eccad7077e050e49016873c20fb09d8ebd966fa9971","52846340.jpg","f9a432a58c0ae1801d443ca6ead37f7779320e0669a80fbae3bcc0a7eec7ecde"
"52847472.jpg","7965d86ef045d49a6060119efae30e591d99a642bb60d3579052ca557c6eee17","52847472.jpg","392b4177d7465d69c9fd93ddc8a6b60c9bf2d441f987f519ca5763194161f283"
"52873067.jpg","86655615094b080ddc6cb3f8b1e1f71ef2285621751441ae6d9f9549615c8bf0","52873067.jpg","d1a213bf9070ceb540b9c536d4866a961729077619ac01d7327b18a08d8c1d62"
"52878046.jpg","e10e7feb7f2b468fa36cc5941fb8f74207f62d4ff8f8f546828c3dd86b834056","52878046.jpg","1a9bfe17b955567ce6c6e7e544b292553bc81f836e3cf38c7c203ab324b9cd1e"
"52901394.jpg","1fa942442745619e5df92b2a4263452899d80f6c49c4bf92df516637260a52b0","52901394.jpg","20c42feead9a7705145a01eb19cde36dd38b8891e18a9ee32b70185bceb845a3"
"52901416.jpg","c22c464a1338a1751ef6dbf99ca36cd5bd269ebc8f29b44694c792923b4ac127","52901416.jpg","87498b4b8d5175bf21ac803bf02f88cc8410b69ecb54b15e6c27a262096bf5ba"
"52926471.jpg","c0f278c3d61b15bac8ed273c24498672844ea9ab17d4fbfa90be7de382da7996","52926471.jpg","c361b26653f3f102d38a6d37b691abec3dd4c515dba0c72439fd8509b7f80f9c"
"52944461.jpg","c0f07670e739e6d5e1405773db267ede87750bb4680fe700dc7eabbd66803f0c","52944461.jpg","984d9d5a62d33e6faa1feebc609a799d2c54f48784791537860a3ed5eed544f7"
"52980007.jpg","27e54cb60583da7f36fe2f8c4bc986c55cfb481d308a18caedc82c111c6de1f0","52980007.jpg","af8604f5f7b0fed1bd6ef8138c3a2a0dfa90a2b4bdcbec1fdd1edcc03180e281"
"52981689.jpg","82c18bfef095dd0ce4dbcdac865624cb4e498bb587a6daadf88dbfcdafd77fe7","52981689.jpg","d5d21d1509f18f5bcead629bc7717d7e023a804a792b59e4837b17301a48e0f2"
"52992004.jpg","e9d3c225c5cb64b8c23e5857253fb74a53581fcec3c2a001a4f3ca5864d9673c","52992004.jpg","aba9048d19fcdc73beef659d19fef14407b98fb7492710056d3af66170d0e6b8"
"53006431.jpg","1730a790a552409356607f721f0c364564fd0a03a8a022742b668c2b5c5b2cfa","53006431.jpg","77980570c591263941dfe094829e71e9765100be9851beda18f1344c2e44b569"
"53025522.jpg","078d15bcf5e3c397286a23366f22d54cfe5722aa34c68ab992fdbc6a1a39cd31","53025522.jpg","af220b02e2404938aa46f047b678cf45f62d8f33942477e14b31abeb795d5c4d"
"53042331.jpg","73e2409edfb9fc28de55cd9dbae3a8f22bcb182da5488016942ec9265630caca","53042331.jpg","6fc425330105065ded4987a70487de712f78551569f3894df3f88384ba6ea30f"
"53050192.jpg","c883aa7337b9cd4f9237ba56fbf9dc032cd4587a29524459b7e12e860978421d","53050192.jpg","6ef3db5c52fea8b477bb71335bb5d9620b5bea06f8333eb54bfd1a9493b3f005"
"53073628.jpg","c54fa8a792fe98207fecbf986556dcaf832f6e73ae1768525709d3a1cfdf689f","53073628.jpg","5001cc039246badfffe290352140ebff49e393df9eb33c9168c6910170ddbe4e"
"53127224.jpg","7ded4c507f2fae1a880823fe9cc0991c1bc1e0fc398edfde3daf1d46c206cb32","53127224.jpg","ad9e9a9df00fadfad7b60c7a50044f1a50b8006f81fd5205e326c62b22debcb8"
"53130737.jpg","73e2409edfb9fc28de55cd9dbae3a8f22bcb182da5488016942ec9265630caca","53130737.jpg","f314ae4f4ab811a9d9a5889c6e801a7c150242cd3c3f8622869cfd0b21a606a1"
"53136097.jpg","fc5ea01466e33611e69064cc051bbc494e3ecaf6cddf47cbe59c406a4ae7db3b","53136097.jpg","a96c45f836568c2972b2463f6a48faed55209f518ff4471f60e45a961cc51a55"
"53153055.jpg","a110f567a9a87403230d3c9b8bc07f889a0473f947279f40a50f57e850327f45","53153055.jpg","633ef313f25f1e411f88461f01ff1b1e362fb81f32528eafc82fbce15d5fe0d1"
"53161651.jpg","8e5ead94d625edc25f3f55ad62eae79054302ddbf91ff5fde3ef865d72363d6b","53161651.jpg","9e06399aee6ea5c64f9541aa4366fdb12ae0302e8062197b882a8296db600f28"
"53185031.jpg","59c9053f38fa40ffb361b8d683da08638263af4115d83e79dbf475b177082104","53185031.jpg","44c44b44531a3c3a56c7e941b55f5ac2530b0bec633baecb74047d4f78a62cb3"
"53194145.jpg","b48ac04f1c116945ca3c8d681ac543074b0b31ece63f576fb3ec0480261afd73","53194145.jpg","6e35d6969c127df97aa132f08dc034aec596a9e41966be74736ea67ea6916eea"
"53199830.jpg","067b4556d2a2249725016dc52d18aef6209e8d1d519564e2982b5b2412afbc56","53199830.jpg","afcd86a413849470d5624f5196fecc7a972b586cd9b06338db9bad96e4a890ad"
"53224756.jpg","e6f1be5bc9d9158e49b89e058042e7177214d46b94a796e68ac59d4e42d287c7","53224756.jpg","b47fb77063b63477e3ea0bdbcff0c6af6b9925260e39a0fd00736bb9d4ca0718"
"53233320.jpg","e49277ff826406d5264b470f3e81edc7715433cc9857f901c54f789a95dfc1e4","53233320.jpg","cf611cb98ae67b05b2895c4e75a4965505b30663fe64142410e717f672bf83cf"
"53262106.jpg","fabf3cb1bc0b7db17f70d9f8dcfe75102ced40a41e7814779cb73789370e7676","53262106.jpg","06fb3258d014ae2249b845902457417eb919820f04ebc63c217a8373d679c47d"
"53333892.jpg","c8f076454bb7c36bad4d358cd25eb376551b124961bb215135b063990d4097a0","53333892.jpg","cd1b30252fb5972e28b91b892e463f26e6bf52c98458ac67891dd612a772c0d7"
"53343975.jpg","77e3ff01332048212adfc538cebe08fc22d0fa1ee92576689eadfed92272c830","53343975.jpg","88d86ea0c73fb0e89352f0d9f4b317bf632028bd3a38d2e5aa56dc38256b057e"
"53358120.jpg","a7ffca44e4bee063fe70d2cdf9a1cc2554a71ac2ba78640a2680694861272a8f","53358120.jpg","cdde49658873351ae4162dd28d57c340abb2d1d3b5d3fdefd968aafc7190bc05"
"53393176.jpg","587870fec308c57c6dc375f730b713a195e33bd907b605c43f44ac80b4373c1c","53393176.jpg","722870f25f56727c6052ea1ca5f716095644efff0cd3899499f0825db2cad19e"
"53414526.jpg","780148a8a657b54f9707012953edb818c3deb4099f733ac61143596693294202","53414526.jpg","8a87a6ee05db28a2fe19e687553184a89bf81f1518a4823e9ae57d7f5ee55da8"
"53416847.jpg","eca9fb4fe99688bc6317d99da35ba38f821a14a77218c874fbc6d91f10ebc2b2","53416847.jpg","e640e0a84965ceb0ca0718fc8c1a3b82bf06df66d2a5ba526a5b1ce53dee4374"
"53464631.jpg","2239bb2be24954e034592d7c3820d42bc7d9e3b550c1c7cdf9a9e67876ef14be","53464631.jpg","be0cc32411aee877c74fe1def049182ee20f29356bff3b08ca5da455661b102c"
"53523351.jpg","dedbf5b91c9cec40dcf75527ff066bcf97991c37163ad348754294dd655427f9","53523351.jpg","a6fc97f975d367864866a6702cd4521b941353487cc5132dc87ae060a334dbf3"
"53525204.jpg","bb37f3e59087dc13b75f0c1083ba328b68b4707593e6170d5e4526d7a6bbaa12","53525204.jpg","d6590c0de9692b8ea1ca3ce5b6c3224fd16121847293f5299a327cc9188eeb19"
"53525210.jpg","1ca5027f7d4f49877c48bf16cd33e0ccac0fe903157d05077cc073c684a1e7a1","53525210.jpg","997170abcd475b3638f03790a6c0190bc3529e03bf24454461cdef4feeb7fe4e"
"53537132.jpg","e5218e9b4eca016b9adc8558c5b2d867cd008adeb8a4ff3b286f86ef6c5f555d","53537132.jpg","917b98cbe542c09cbb45b758981cdeb2bda05474e0280e19baffa6ce3666394f"
"53587804.jpg","e3883998b2b5b7c8f32ff21be2d91c7c7e0c78a8ee2da24a28cbf3345fbed61a","53587804.jpg","8dac8a18d633f51afe7c2e47a0cfa9325578f9e6d14d8067949accba2f326698"
"53589651.jpg","e48c7748d034a470dc82467cbe7e25e13c22de451f6b632c2e442406a1524100","53589651.jpg","033e10650a1750ee9eb1f42669c9009572c023dd8864fe1cd4621dfcb72b9f8e"
"53601763.jpg","0693c4fb1e4622c3e961f32dc0f666664331586e720106e73a6e63015f1684f9","53601763.jpg","af31f1e14e7ce6d9cb855f6741453ea9d4a3df7285da7a94f7a646cb1dbc1c55"
"53616505.jpg","9ac96469d54dee537fbccaa254b56678691fd5b3e10d17b20015bf2c7687a50b","53616505.jpg","243892918dee5c8522883b0d9a27a19fa9e3af9f80c42e1ce6f1c8b20d435baf"
"53619567.jpg","8e3362059b290a1b11225f0dd521609ce6a83ed571dc8d78a5199434e77a32f2","53619567.jpg","0e4dafd44fa7c1691aac1f5513ea503b100dd67fc6ccf8f8a55c5f7cb00676c5"
"53632644.jpg","e708b5723a67492a4e52ee45c6a812711e343ffa22ba5f11175eafaffe5cda93","53632644.jpg","b9ab37d36073f7abd9ab3d99cd536448561e1d0c2f3cd2e8812a54fd7a112bfc"
"53663013.jpg","1e27a38d03fcfad15dbcac8abeb247b90c6afa8f7110de6edcb5e1964c1c0c87","53663013.jpg","3bcd66506387c2ba9163bcbdd7c2ceee403060b143fda5a953369cb68c686a5a"
"53708811.jpg","274f57587194ae84d05756174e58947bd81a15a468b23ad220820f8a3368963d","53708811.jpg","dca9451c7bbc8d3cf5bf609f5e4884bc4a14df562acccd687e0315ac0ff392a8"
"53711741.jpg","be4d6196e04fced8c448ea6e34636630b079a056d0b05f2371d2408df722e287","53711741.jpg","baa9fce193a1c0add3f66c0700934db7ad8afdfc769ebcf0a3a88eb27ab19981"
"53715392.jpg","a6227f3d844a1030a329f8f009388f2a2b3130389953df539f85613b006e07f1","53715392.jpg","e2c3d2775140abf470cdee26a66765036cca1f2f63aef296800b54208da50c9f"
"53739336.jpg","db968b71cb66636bc01f2966ebdf0e1d3dcc1cd89c05b1866f5e7df0fb260300","53739336.jpg","08dbd7ddee9f85bc7d7d0beca561fda3254452b2a0287e5f9c4268e9853ebd0d"
"53739997.jpg","2e4d2efad6662daaf8237117d448ea38451861aa080f2148701f486f85bc16e5","53739997.jpg","f446ce954633cf3f7bd794efb2d85e6b94d5bc8ed0d0a53f7a8d7127d318b9c1"
"53747378.jpg","c48c97037b956332e65c81fbfe7592980859660fbb379f8112b06543ebb452e2","53747378.jpg","a719a29c4a4b503563c16e69720ce6c65414ac2eb858926d7a7cc011a333e440"
"53762706.jpg","4aa35bc5e699a4c90e1d0aa4b480a73c8e8a7fef6a360f13541088dd71de9553","53762706.jpg","e8acf37fd897fdc889b0f3d2ed8c23b517fabff4c210013369090da3799d23bb"
"53768711.jpg","6d0821a1f91727b5eb5aafaa719ad3c727e9bd8e1c5bb02cd5324c0b8eb67b3a","53768711.jpg","97e59409ec8dc1e12b839d0bc3b8f2273ecfe71fecd958a17eb81aca3985f4aa"
"53820110.jpg","8662824b9197979ae19c66c1b8960c976d73a32e2e31f12b8c6671b8eea2e606","53820110.jpg","6f28e598c12894bab54e6042c09abc038e5f230ef054d532fea333c88a57e9cf"
"53822559.jpg","67fec7181138428ef0da8e3b8fa7fd7c50ab303eeac2bc60852b601dfba02961","53822559.jpg","392e583b259242e11595a8cf4005c8ca85e22c4a5791668d54a0dc3ebd92c896"
"53826461.jpg","a670897c360793dfc73dddfbf45c3b2d19e1a82191bffd912411be9261596d17","53826461.jpg","c45945819445d2c26cf2ad0f275e17cabe5bf7f502f777e5e0a08187d90c0045"
"53832277.jpg","5ad889ea9d9b1aad5d65590f1d08e214bdba2343c080f71f3c5209c452587c69","53832277.jpg","c51f65328f9f9c1e98f4e4633a00801185a6fa3ed16dfb6f5945b43e16b4beb7"
"53842937.jpg","172f8f614e818e957e3740ae77cd54b0dab2b622354967109ec553ea1eb414c9","53842937.jpg","f5213765bd2e5c9464d5c1fe474b72d532dde3adf09ea1e9f2c5734d514f8e44"
"53844607.jpg","862e928d9c48851e7fb52cd4c66cad5aa306bc1254af578c81e14f13e178d8bd","53844607.jpg","4cfc2790e9121f1a11ca59e34221745da0fdaac837d9b9e629ea95ec53cda7e7"
"53854949.jpg","922cec57f8193ed08c547f0080b97d5a5cbbd3076b07dbfecdf59a9d24f84759","53854949.jpg","ea08866c69d86304c8aa4ea58fc8f4857dc7e016c89ce762684b6b0963beb35b"
"53868729.jpg","ac91924c4a26315bc5269ed7b08116dd18d402cf3c04d8b78b2e777371733003","53868729.jpg","3c5bfb7c9fbc95c4625717fb1ab33cb0f6fa1ef1726493856fcb52b2fd343499"
"53873152.jpg","1a85aa826a544fba92b8f659245eb4ec44b7d03aa7b2c358920f0ea69d46c51f","53873152.jpg","940dfa66f93096dc3f19df19a0b039b4069df2989435b4d1402d5c02ad065d46"
"53873269.jpg","aeb6b148f177de3c69176db89cc0620cac344dc5264a1906ed81f8821af618da","53873269.jpg","84270b62d713d6dab1e99d4bc41ddcc83d7fe3975e8863be78f4d6ebd28c1db9"
"53888174.jpg","2287f37b88effdaa30463d52f84d862990659f788a032f906920b4c6e9b8d5c7","53888174.jpg","5aee971272ef08f9863bc165a9b947cbac59b43448fc302819e69919b04a1054"
"53888948.jpg","21285e481d263f96003b453c309c78958eec4d6df39fbfc78a3652c3bc3ccdac","53888948.jpg","1cdfc9e58a14d997e897763d33a55ad745c75e0b02d5eef3218b888ebaa09894"
"53899876.jpg","dc61e0c5427bf481726afdbbfdc4407a8e4464d9a01eb2d481c2b85b08081424","53899876.jpg","79ed95bc9bfb45711a9c028f466822a139ceb9eb71addd325f9f942438c67b5f"
"53900967.jpg","4bf04ecd776b30ffdcf40d743d013aaa695c6630c62d7e9403406d245b1e4fa0","53900967.jpg","f242bec2b6c9553f121ccbdb906d8ab275c829ab62807936dff034c2eb03110d"
"53928342.jpg","8201a203ac34df9793a69fc4c67930f486c19ecb6710abe3d346361a1951b481","53928342.jpg","7ff2836219d5cc7fe6136dc409969738b81fe1d690367d801089d480dd4106c9"
"53947581.jpg","e84a4d507e4e6099b43e411ceadd5a861b316ee3e36f323d755f93359bda633b","53947581.jpg","67044cc7741959c5af1deeefaa5e4eed0a4110cc212879b4c9c4c24e384af02b"
"53951679.jpg","fedde71cf20e8cff2a61272fbf768f94044d7198af8b5186dbd6f40d64a0a2a5","53951679.jpg","ec134afc437e8e3efa1c8396b7259918c51729e461a586f475c80427aeaa9741"
"53977800.jpg","199b30ec24cd6952a2604843781d899474c820e5c9e359853382150797a1b4ca","53977800.jpg","f3b71ace08b63c6a5bbb02939f8f1346b696741bd95329257f13d468c4ef80ce"
"53978908.jpg","a01efd92e099cfc374b3bc33bfc74c74424266b2cc50a3faf2b849b92ce13942","53978908.jpg","abe33d962e470f01f1eef4ebddb864d43e458d897f11215eb0e0b9db9f8de529"
"53989498.jpg","9b08a2d42eb5496dfeadc2b6e67718bc8059b7b28bbf02ed12c5f65758d385e4","53989498.jpg","05720a80005ee88f6fa5c6d1cb45d35170651c8ec885a171631845fe9d30aaf0"
"54018394.jpg","f3bb2a71583935575f104f04a65442dc6216005aa84f86a172ce47b4b27bf10c","54018394.jpg","e0c0c926be2ebe56bb05198895d8c3948bd7dc1b94c3d8dfcbc1950995679792"
"54022102.jpg","330d8f7a2b6e2bbe6c2070129b4cf0914bbafd70ed27b263cbbbd6c97fb31087","54022102.jpg","4785e419d25a4a5ec1b3d15fc5d9c86d99fdbdf792a5cfd66a788899fce74a99"
"54023289.jpg","09bfd36b98cface5e9940679abbec049378e15046dc1714f5aae9b16b7ddcea9","54023289.jpg","65330b88f385ee57c6ef84b16dc95269eaeea988089cafc9338368656d9b5766"
"54028864.jpg","6414ef3f9f8df0982960d9539124a8efcf912cb765bc5c4c4653d19964c2f880","54028864.jpg","5751e63db798be205aca6e6b5c5ef490c809bed87fd7f98b2556d676a54cbd18"
"54032440.jpg","736eded90645036fd1a50fc524ed89aa952af007e447eb5fefbb547a5e575d63","54032440.jpg","bfdf5d6a13415323638da1de55ca564466a67c18987b287989a999b29a76879f"
"54034212.jpg","f2e4cdb956b1e083b2b2f93420df34d9870066392629e9af75c755fbdc8ea6f8","54034212.jpg","3522ebb9cf2aa75124f6ef8c815faa22c5353f5a1b2cb3bc68a49a992964a90b"
"54057389.jpg","344ce581b17356f655273c8a111df0c2858720d34dd18e81f153d7cf3c693a05","54057389.jpg","fe3383dd0542215593a3b0b1f9a3c32cb5df4588f9b7628062ae7346cff3745e"
"54095147.jpg","7a250fcd202387025139293bd951e55f72153117b97a25c634fc430c909b2272","54095147.jpg","0b4ce29a0f82f641c1d9843f36a185261917d8b9de600aa5e1fd891e44469ee4"
"54105574.jpg","367d5af7dd1eee5d1f63cf4573186b4b669f0f2aab780ea733eacb1e4d2f07d7","54105574.jpg","22668586361d2eef97bdb5e72740ca2eb482369e0745fbbb9ddceddf1e8a8650"
"54107089.jpg","bde1014875354572c0c23b84c3c1ffd739f57edf1c1838bbc2cbdf0613cbc1e6","54107089.jpg","f50cc5d4a69d49d74fe69fa45d875e79b64b8aa010f7989e59dcfd4860725297"
"54112676.jpg","73f62ae4dd78ca3c54eec3a1888f0311a34edce96126fce89fb99d45c01d4663","54112676.jpg","a5f18d8cc59d76fd1d1f22dc0743677883c89f4a48237318b07afe48538976d1"
"54124906.jpg","b4b7fc7d1f4c74b10c43d7797e09f09b713031de2764923004e93b31dbaf31f5","54124906.jpg","e5b11064a0bedc2308800e86c66f22e1235112f86c342022d2a58ec4cf41c3d0"
"54138504.jpg","aab8e1ed4a33fcce0c9c389370a02d5dcca0344fc3b1aa0159aab1a2240f5827","54138504.jpg","b3ae7b9a377fa88fe2b255d049a78923cf1d5c0a1d2a830a5c08defcf39d20ab"
"54138938.jpg","c184bdb25cb83eb46b699bc290230e9d57aadd04cc774e8dabb27daba22029e1","54138938.jpg","45c4ce145fed0f0c866489a78115218020015c6bba7c7fa8d76260d71a766b3b"
"54148638.jpg","dac301a8e0fa7c9057115791d8eefe995230052388ccf416433f866e2750fe80","54148638.jpg","fc3a990d14992de463e7554f92fb750c9c2102b63f6b6a7de81a2bb2f0538142"
"54151185.jpg","c9a151c3ac48102fe1c56eb2fddb2a85aeadba6630f9cf5c42b36f5ac1f6e809","54151185.jpg","ec9b07166c9610b2f35a1c659ab0a693f9ee8d2fdaf1d6016b8bdc0eb2586d40"
"54154133.jpg","999818724e1b127b5b0feec3936e6ddb3ed39b1c0de02c5764780d3053f722bf","54154133.jpg","6339b124c44afad9b4f7db5a9958abd9cf587f2b509d34b37bdac444921ed465"
"54164519.jpg","3d0288811a6ea9b9f69e9c6839c03f514fa765cf4bbf3dd37dda409b8743d6e1","54164519.jpg","ce860d2351347b6cc94153ad37bea5c0bc4f3594157dbd17a02c38a52a2e6442"
"54168197.jpg","5f11cf6cceac92e03f8f031ed4f85e7100726b39602b8d9e73a83035f4337e82","54168197.jpg","ca28bf2eaaef17bb7a8d7afd79247b6e01a012b1be67d643f34ce2dd1aead64a"
"54201159.jpg","9ffa4dd9d6fd157e874691d57883be39edda328bc5b5b3c0196bb98d0ab59cf7","54201159.jpg","29ab6a43788a832882a87b918d32c61b5300064f34b522e2fcf6e83d2c2bb383"
"54214012.jpg","ef84ddb6a67fd987dff6a1516f21cea780ca1bd90989113028126ed2f60bc8bd","54214012.jpg","fdc8335c9f2efb6f5c9eb0159d0d6244c2fd51e7c9b595dad6b5f1eeddb8ca5d"
"54238350.jpg","97ff93e1462a71f8dcd31ba08a21565abf015580699922f900de8580e5c34b18","54238350.jpg","e4eb7a7bf082247d06d159bac353d175abfa3e577c8f4a76065f669ec92fa9fb"
"54238500.jpg","4f7aafede89e579e74e225833879d8c42a3613fa20c1299b6464838682fc509b","54238500.jpg","e2e501c5f6451e540c7496069b34828a638a7db45cd4e1856c10231d9e36f689"
"54239968.jpg","7092a97223411bf1cf942e9b5b47a3878d4fe6cc6ea0fbaa48b3c3cac10d505f","54239968.jpg","1304619a06ba7ab74aa84ec75bfbded63c369ba62c7237e847c4fee456b15682"
"54241414.jpg","af628bd9d7a7a319bf4f8b5d4f13dbfcd0c7b0182af89bf0f211f15d15f7b83d","54241414.jpg","fbf48ecc42086d240f9a1a5a7b862b448a1318b1ec8054c700aeccd6379acb82"
"54242827.jpg","dd29cb82cffc70bac8fdc31e59c05fa15007004723c8acd72f0800011f8c4113","54242827.jpg","b0beab196cc9ea8419a66a6759f7a4c50f6120b736139d8d67277306bdc61f59"
"54246973.jpg","339fcc8e357a301daace63de3a0486103ed1321b501f8ee2a9ff1f22c07581f7","54246973.jpg","2fbd49d6d418f16b1bb3d46abb7d3f5940cc6098e5abda45264fe71dbb902a85"
"54250452.jpg","d713cc64d7cef618cbcc8b8c2f86e85887f0c6f47f6c79ab46b3d6da884e2e35","54250452.jpg","8777818a734cd40b4743bce9b9d5ef9c1047645802dcfdf4ad4ef761a3fd7fef"
"54261393.jpg","4a6c661138a34e1128bd73629983f7c7cf78312465ed83a704ae5be24ed5d574","54261393.jpg","d74a9ac632c88e1566e6a8678411c09a5d50c13bfc02f7a4102215a76e034ef2"
"54262358.jpg","b774ca51610b53987033af416f26ad40a88b8bffbdbb188de1a97bbd98059f22","54262358.jpg","bd0bebc32e9f3c520c1547c2b3995df84d55fd8249c49f919b46e2d55b29cfc6"
"54264876.jpg","84643e951b2151f120a39e949000db3495802ab8bc18896a8734d1049c49966f","54264876.jpg","27f95e29be0896937eb8c4e869479cc3acca849883f0d8ec219c927e19627664"
"54266027.jpg","fa30c714aa7c5d911ac078a33fd781a8b0dbc29f1cf131fefae627a10d5ebe90","54266027.jpg","cde86956b15b4a2acd46baaed34eb57f36662c4ff00f20ce3f44035b9324611e"
"54270050.jpg","c17ca8052c7d7ecdcd1571c2644cb5a56654ee2d31c0e31d4e3f26d55dfc08f9","54270050.jpg","617612925c1abc8d0f9bd3c2047250cbfa052d6de91ef24c0742229c2fcb71bc"
"54306738.jpg","d118ee801edbda57dd148bb819225100db3413153c370587b25a1a5607658e4a","54306738.jpg","0c7579f0750dcae284133c94ce2b0ecd2b011799570543403809a36fdaf234c5"
"54307099.jpg","cea2649e435f4933730e73ca890903b6e20dc153afbccd2069775d1c914b0eb5","54307099.jpg","7d6566eb215773955a5948edd58754cc36025511c577b40c1daabc34ae4bf968"
"54309428.jpg","65e35d6a8925785731085d6a3d3bdd543412d19ce509511e648ad7cb44528772","54309428.jpg","aecc4e2693edbed6ede4b3f9fb1bf356a998653e5e6330c383b3c0b7bcf3820d"
"54327302.jpg","b73a74e645a6c962a8e5c88ce5f0564a66469da5d6b5689a3bfc2eb7f659e1d5","54327302.jpg","11215a8d195a51bf4a5222823a61e26a30a4c16b4028b8e8bd5151f30e7586e9"
"54345058.jpg","b5cfd1cf4178acb1882441d8234cd45e033d7dc0dcb526b292867cfd85824034","54345058.jpg","a69e4b71f279d314c51674a2d59a0855218ccd5e844e4102c2d8fc7a4476fe66"
"54350062.jpg","8194fdbebb9fb1b4121c3e26a6dcdd5793004d0b1fd3661c8702c00e4a4e06c2","54350062.jpg","5e705710fb8ed8b35e75de079816bdc025dae8f583f7385d5c1b5833e9e328d4"
"54356346.jpg","abbf46db2ae8fc78996137d39636c219c6fa466c9a5a26a2dcdd7cbb65f32a03","54356346.jpg","068329201580dab4fd21070dfd96c0ba1eee874033c05bfe532d59474e0d7848"
"54375944.jpg","835202ab06bc830106ea2a04b99dd59b90dff2063a9d1657765cc32a940d91eb","54375944.jpg","428a22e8a0ff14d01c0a8752fed666f48260d219ef9d2545af4578aeb4dec5e0"
"54375955.jpg","f6d4834a8ebdb0703f0dd09df615d149a9fbae2b0ac621b9385ac10a3040c1fb","54375955.jpg","9acefc922c5e152d212d2d19864c0bcdf79939372f374b4875776c232fc400de"
"54375962.jpg","92e114afb2100ac00c1d253ac16201034530dcc895159f12f04aad421d6a636d","54375962.jpg","47d4bc4f0c282ed7f8477df5f274aba26188133ae95da58eb7977ae201cdf1b6"
"54385575.jpg","f43b5f5bcee83a1ddbf7a30b75eb004720c1e24eb2f2c54c347e800bfdb4d61c","54385575.jpg","18a8cbf4f817b4714dbcf79f59a7f7bccf8f77be6bbfb6b990f936ef6e61326c"
"54397384.jpg","c9a004a2d9909dd57daf167144419b716ac7903789f62e3f9fcec0d118432441","54397384.jpg","447e7defaa14fccaaa309aee36429940e840ae2d245d774d988fb3b4cc66d471"
"54398971.jpg","78496949860b357d7b0af2625b56d91a5eee49847fcc27026603da03ce92e83f","54398971.jpg","9386ec6510083a20cc68b9ac8038d3e5d0ab3be96dd26b01c883d358cd438058"
"54408910.jpg","218936cebd81817bcaa0e2071210d69e384f8ae0061c99f45f589337ba42cf4b","54408910.jpg","0998aa5e8d6d5c98a1118d14ba9117f36fc64f4bb4e335e2faf743a382c8fa5a"
"54412975.jpg","8486b2ecf97b5c9c50611b9d09afe2e3922566007bfa30fd1fdc522df71c6a5b","54412975.jpg","ad53e6279b8b85d733e799808acdcff219042353618436478d6d9fa0eea078da"
"54413870.jpg","311e3658869d41d3e430ade60cc2f6434a004f65c144aee064441a53bd76ba44","54413870.jpg","a981e7f7dde52bd2a80865f59081ec8ca4924590ed7c61d1eebb06c3b344d3c7"
"54424718.jpg","93a5702c240c62e41993608cf94d68defd96f518572a3671f0c8b20fcfb8b8e8","54424718.jpg","d3f6f8ac9c5cd2175e12860d9db120f7d57333a18631f9aaaf8c387c5e636bee"
"54424783.jpg","87262c38247fc1c697fd41654191d3d18896cf79258e29b9f3c50a6b2d8e3b7a","54424783.jpg","cb9cd0bd9a26663c37adbc8b64bdde8745b4fcf34919ed2f2f0cf10339a6ddf9"
"54424976.jpg","a03e82c952ead4638661c71c0c6b9578a03a63cfb4c73ee78a32a850d0eefefa","54424976.jpg","3615a21d604e3c96a1ac36b5445499483a62b85678945a11666863133cc260fa"
"54425420.jpg","3a37dc7e7f0e2518bc3ad03c60be02ac93a9edd93ca48690db65e39966417a22","54425420.jpg","39f9772206a18c4205227c3efb22697b7ce5947fd8f78f0628759fd25ee98b95"
"54425498.jpg","9215b3e7782da510553be7601c2f266abd4cd42314fb67e08040c1457edf2589","54425498.jpg","710e6f53c1cdf1bdf27626b724fab810d1e84aaa2cd8b01424d116fb00859a09"
"54434297.jpg","2301d8b5007d1eca6826f8e9f1d6d6cfeb99f0ea98e7dc901cb09ff74e520f52","54434297.jpg","8b979155c6373bd49ef3afb77748e8267ad7dc802b74880e584817f2b39cb360"
"54448273.jpg","44a546fd0e8447b3331b80dcd651577737132350abfd7d1ac0e068580079bf44","54448273.jpg","458e97bb51b6ba2753197dc36b4147cf958448958bf1b37623b5b5e6f5d21ed3"
"54492616.jpg","34a5893d50dc888c68f5470d4361ab07e237321823e558a5a235815f305d74e2","54492616.jpg","5ed26e7db7f76464b162198663659b6d4e62340d20efee4609f65324278b0c0f"
"54492617.jpg","43e449dae60ed39e92cb63db65ec3cda6ef5bb3f441f8ac4e1e8b4328d7ccfdb","54492617.jpg","0d1b31ff07cc4efa4a6d0a4fae862397957a431f691c4e75081a1143cb0e5693"
"54517898.jpg","e8ffe535598a9d8df6cfc65f24dd8d751e43455021028f323e652a156d8acbe6","54517898.jpg","55b4ed2c35971d9c205967f2c1af860acf2fd84c29f6195054a31393f79265ec"
"54518461.jpg","99ef1be0a2aa570ba97cf62a95e3fb7fa6d074612d41f5e43921abf9973327e9","54518461.jpg","11b0fae2b112efebfe1857d86128d06a64f002d26ddabe541c2715e4a11989a5"
"54518467.jpg","dc3fa6eb86878f1e0b6219acdb9146d8f4b90151c7e256a1aaaf1b0459f2607c","54518467.jpg","0e67fe941378520d75b890f928206b79b749e4b40b11aac0660ca9f3b6adf6fb"
"54518507.jpg","c35f9aaa032ce573fc01844cbd97c7117ef5fca3d1bad48728f2faa4657bf3ab","54518507.jpg","ff48d46eb5ff2c7f9a1e56169cf53d394ec4de926483269564e87f9290e0a69c"
"54518511.jpg","3fb2ce00044e3de0011686965163caacb4ffdf77b182454518dba2368ace42d6","54518511.jpg","9c01d8baf7bdc75e7a458bd0025bf985e2a6488f7df40652c17ab9d33cc9a1a2"
"54529478.jpg","9032fa0d032aa93803a26c1320bed2f82ef15f23f03cc8912bc8eb06de30a593","54529478.jpg","2f3ad8e47cc145db5d66a3856e587f5b4cd05a6b1774bdba84fb1103ccad54b9"
"54537315.jpg","c8ba1b198102b577ac938321597e8ed14ecfda2196a4262e8a29603be4b281e8","54537315.jpg","69fb4c4af3f8e724aace61488d37e284396b1a4e5d351827c9663161efd4058c"
"54544045.jpg","c84cc4a790e750c52e5dad46de2102762ae0b6d55a77bc83003713b12878db08","54544045.jpg","47d5e615e1d044497761e6f4a42bbb090f2bbe3c9dd9104168ad5a5694ac3cb9"
"54545745.jpg","a1fa8f490d734a74d076f081bd66f93eaeb5a68a59bb65af0f70a7b45e493a6f","54545745.jpg","e1a6e1e1131be16f4a36ffc3e62b0cc55d9702d1e7e81854b46a8e47b7fac888"
"54545950.jpg","2aaa05c4c0b86f15248f0cf0d4c4d464b8b726298c116660c654d43563c8b4ff","54545950.jpg","9e2639a27a588e759faac2b05668a35b3cd7680c6f92e194c9930d4f87db75ca"
"54546435.jpg","ae1b715deb5cde6a314e42e636de2b837e3671243016900201264361590680df","54546435.jpg","050a0c9977d39cf534eed7cc1a8a3b9ea6b1b4d78fb3aebd0359e404bf1dd266"
"54579721.jpg","422d5eca0000ddf37fa12ec27805b7fdb7c774aec00601f051cd59e23587502e","54579721.jpg","ea5116b64b868c07e29435101df6f949be0c2c4d3708656cbd5c97a4b03fec9a"
"54579828.jpg","738f9d5918973ec84f9d59e1b51ed670b4c919d65b80e7b5bad92dc35063c944","54579828.jpg","19b572973e918087e08aa0cfc4e7c4da6bb73c8f816b298be01edb45bce640d5"
"54614385.jpg","f61dd9ad44a43ff7532ff3c46986b2b1614dbbc49ade449fc4a1d302abcb4c83","54614385.jpg","54da52acf6a323b96cbc10854c48cce8506443068f2ac985820eec9e5430b4cc"
"54614488.jpg","209d5652368334bd898e6f59af06958a246c2fd0afe0f5733ec98f8140d5f489","54614488.jpg","0e9d0e29a2ca2a5c370a8aa4b873f2700f8cca2faee9fadf903b017646be92b9"
"54614544.jpg","d21e8dabed0d55557ebfc4941caaeaf507655758b77bcf390205ff2eb33fad05","54614544.jpg","b931555aa2ebcbdbe241639f61db2cf5b3cfe95615847f8de358601fc113c5d6"
"54622348.jpg","6bc4a75f7b815993e05d7450cebdd8ae1ea97144d1c4f56c84b66d11f460872a","54622348.jpg","ee1a9381ca6c3af0c820b193b41ad055396b90f10214d464955975e08b4650c3"
"54629180.jpg","db4969e9fe6191e3f0073d2a613b73743ee422564d95a0585b0203c128435cc9","54629180.jpg","872096c41bd7b3647adbcc2d6802eef31974e4d0d75ec42bae29c62e017a18e0"
"54640474.jpg","96657b272dfd288722b896d58938d96f8fe4181836679a48cae5cbfd8445b264","54640474.jpg","6727665b0dcd950fc522e945632f72bf4a8b5b96d43b69d630b6f8f64094e7a7"
"54653227.jpg","9c95639e5260e23fec0f45fdf3dd8c6db821783ec2f2df0ec6a96c6711edae17","54653227.jpg","51d0e9fe4eac7690e88a0558d54f44c5ee33f738025e114ca085fcceab68731a"
"54658466.jpg","3c033c1877ce5a749ccd07c7ed4701cb9d573470fa24384584faa2975e3807cf","54658466.jpg","0d4746573dc3e573261e626ba8d8e035dbaa736f32fa58e22c30875428c3b0d3"
"54675968.jpg","652fed883e0e392fe8c0dacb9dc29df1d8477d83accd4efac66f3ab18757146f","54675968.jpg","730fe8b5f6c44fb22d5ef4333e937c7a6eb9029f95c79824a3130847c5b8f2a4"
"54678897.jpg","cea2649e435f4933730e73ca890903b6e20dc153afbccd2069775d1c914b0eb5","54678897.jpg","a3d85b2be4f4be431dc8a5e62bc7ff2c54f9c74bd93da30543b45b25371c7d8f"
"54682809.jpg","154563373eef4045fa761ea8c30635d9c8f4669c6e127362bfdd84ad1ebfacb4","54682809.jpg","4d96510515e6a5cc43f9279a4cc8932c6400d342957c699190642d81d50242af"
"54695676.jpg","589057300dbd5e058c440914ca928653ffe0ba19b0ad4eda488db27954676e06","54695676.jpg","9b79c06507edcf0ec184c13591cf8ca0f43372d4d8cc78c775b8262e956df83b"
"54715009.jpg","e4fe14775464a01891bed3c008d4d681e3287d4a7ebe1f4916c80fb07067a367","54715009.jpg","2780dd101b119a920402298f0f27b2f233f80844dd8b89d60d6c65d6fdbf0f5d"
"54715111.jpg","5b9640a80c688f62d0dec8cc7713dd8d91f392b5e21943a3a4e39082f147260a","54715111.jpg","f73dee4b5ecfbf1124fac5799639f7d6636fd987587ea6229df985a9512239b5"
"54745801.jpg","29a4d9dc656a20a93cfce20b8c9a5e818be48e3df3f8f53405edc8bb64a2f0ba","54745801.jpg","511206c3948357e6888ccfbe21819a009f6500bd28a111608fdc0d7bd6067f01"
"54757137.jpg","b35233efaf99e0b9ceb2f4ec66131e45dbda4ee46660b8d8e92ca9d20996d391","54757137.jpg","6373faf16442f6fe65bd0e91a1ccb53098c5315e50197359d5bc8ed2e58d2222"
"54765841.jpg","7d20814a7013b7893e4b2ad4e76038dd4add8c576cf39547360c9922e1b89231","54765841.jpg","c0e515c4069c7b53544c7c50ee5b6d3b3b1a95ec13486ea41539dd002a2304cb"
"54770232.jpg","5af4aa82800d6836b8b862164886defc19f4bce674874157261f88e9fd453a1c","54770232.jpg","82143bd37796db41b1143048fe72c77a1c14c9bf5dc40756f5ea371c83102fe8"
"54773548.jpg","92a265277ed10ea1602be69553bf39cce5a07e562a03852f778a5b3e61c9bc8e","54773548.jpg","29baf2facad919baa34d03b9f7a0210f0249d09eb27b8b6174a23e83c7b9d78b"
"54780401.jpg","907b54c3bb7715e6440fb237354549813452489fde33bdfb4a49607491070c6f","54780401.jpg","1eff07265c9f92ef9b3f7011e7179fe189f1e135ca9ab79c6f30520ba5a0379b"
"54780434.jpg","34f88b84f945e3e41e348ab656933130df704cf3352f692f6b20c9cea41d55ec","54780434.jpg","d7fae4a1bccaca740bb1acdc06018d803af01ea1d6ac0c7961f6c21909c91316"
"54782432.jpg","df1ce83e650a5dbede2731a1da7d61a7c345c69e4256ee92064c646787641ad9","54782432.jpg","e32207f9c091b2179288cf6eca6bb0214f8afdfa161964330ec185aedf0ad867"
"54783751.jpg","7449ed07b370301419d774b4b06bcc13548f4d249c0e331eea07501d0f39e80a","54783751.jpg","724c2d33894b828a8a586fdb713a8c35b1306bb5f643f42294fcaa57a231f88a"
"54806340.jpg","bb0a59ffd33cc9a1f942cd53291ca7b72992e84ec69911a94ce11c4bc5b8ad8d","54806340.jpg","a42599778cccd31b1a9edf2bca5af0b45efacfb1ce41a482467a6ce1b82bcae9"
"54810613.jpg","5f84ea62a744d56d913b59d7617b9715ef15925aa65545afeeef2d5446c5db49","54810613.jpg","8445d27e0fd9c4adba9e9449dd6f232de6d3b5e77ede8a6e8f71ae806b7130a3"
"54811658.jpg","9e9280c3767443ed4b9dd05706d64c9e0adc91aa0f430cc72c5b5e543c721ffa","54811658.jpg","cbd52bd098854f6265d741e78bb3aa7c107b3ef43018bcb22baa8d6c84eaa628"
"54838592.jpg","81c36726d88b5f18a7b4976ef99781261158ce598118b0db9ee8a431d07164ca","54838592.jpg","de0273aa5a5c571b9e194a8f2be578dd606cb4cbbb91f19fe89bead93f4d9b10"
"54838598.jpg","3f0ab88e1bf154b4214fc8b757c36d5961e03ef61ffabf041460778c05ea16c9","54838598.jpg","a403494acc3af45dec56b974c9bc7dae513bc64abb562e5fa30ad38dfff62d6a"
"54839064.jpg","dc8b3698b9b7745b114602494b5ab561c4deedbf35f24c27fa2d00524336b9f7","54839064.jpg","9b39ba89cd24e7c4898eaeea8ff8b96af0a7231dc95de6b2ed32ed0516d9f542"
"54852606.jpg","5c0c8361de80c377df1accf7c97914248c4d6b64d575cd3b210bb368e17d351e","54852606.jpg","219df155a735aa9c02bc14950b1bbb276f09dacc5fb039f378f479fb6d8abf46"
"54866066.jpg","f7ad8e4dd5ce9c63467c3d12e91f4f9cceecc656232e8af39d49cb84bd045625","54866066.jpg","90c72c7df8b4498b9be23a19e431952d3b70c6e88f1dbe76d96519ec05d36b1f"
"54883142.jpg","afbb1d0a51bd85174f545f7f31a81a07feae4be2881f866d7822dc61df686338","54883142.jpg","5416920ee5c456a055f4fbabe54239eb8e35eeaafb6a1926da83eed3f6591c69"
"54887367.jpg","d1375aa81c3dd71b0a32a985e6c57f7e1c4966a588187bede376de3acb210ddd","54887367.jpg","254a88bd290cbddfcfcefad7574940dc313bd7a9993852547c9fea53b00a049f"
"54902152.jpg","788a46bb3e6fb96f1c79bf62cee3cd3a0ca0dcbb98b89bc7c0f32520f1e13778","54902152.jpg","13852fbd3509d45507e1f51fc91c730d03c2e2c4deb13e4571a148585eb927ea"
"54933694.jpg","6d98ad9e54bc39b33fdccf7e453e2bf2ad0e306debc6ba466545dd345e0c2403","54933694.jpg","fa4bf406ff2fefbb0e9a2b8a1105a9a4e405f5904a951bd5b68afbc29aea1460"
"54934045.jpg","f1a0a442272594d530380482c457937b12e0528209dd2fafdfa8a500e4d74f1f","54934045.jpg","194f08288fe08138113d1588527c96e0dfafefa4086bcd361a05fd591ae1aa44"
"54945266.jpg","6952d6eef7d91e16b66c576f6d19ec213cb0de3abbb0550a63c7e69160a26605","54945266.jpg","d60c7e9b3c99fb99e9ce10aad9f20f880e87706893420c50355397035de11f39"
"54945314.jpg","b57dab31f395a85154926335d225bc2c2b892828e0b1c094cb2e814e7ddec14b","54945314.jpg","56ca51858c9f013098f3e5a02c45270faae9083ca1c8451b80121fdd01e6663f"
"54950598.jpg","40eedd5cda637bd8cc374fe93d900a62751a96591272d47b10b713451f0b6ffb","54950598.jpg","d15efc635f47d75c36a1db52a90b1307adf2bdbcb8f715f11889dbf8a40a9ae4"
"55009323.jpg","08264eab3140c47761d4474ed0895d01875015fd20b3a2e1972c11d68719f433","55009323.jpg","92bdcdd5deecfe8b01b73979658ca876f2f63c4eee74e513afff9302b321c7af"
"55016756.jpg","54a63b045194c533e6036cd78a877c1c1075746378639c6a68004fddd9dff577","55016756.jpg","da51afad886395c58793e7ae9978107e7389c562dd4d05cdd9ca4f98ec7fd2d4"
"55017225.jpg","ef98818a7ef65560f7fc3fbc275b6960015f6b2647f2aa0940b3227d3fab6f94","55017225.jpg","6ca964b79fdc1cba0bee4dab3de9d8727cea547a39f6e332b0fc5a1159d2cc51"
"55017495.jpg","4d2de89e69c8601bc4591c5c2d61cbf9204bbe9282707a8eed457582f56adde6","55017495.jpg","8460dd9f9f93a4c4407d2d2bffd240d7dd456c7e2fee97feab44d072a8eabb84"
"55019179.jpg","0c2309d77026fb0ffa290b19dc685af2593adc56e5d674667e3db3c48f4b21c5","55019179.jpg","a4b5d7a1dbbb9bb5454af22a95eeddcee6c5b047b41f6800f21f4162bd8fec9e"
"55020654.jpg","8b118ebada29deb0a28448528c54e442d331869ebaca23bc9bbbe5174173e769","55020654.jpg","58d8e6026f8c266d406440c4b165bb8ac8f7436b16d712656ff8b265ade5737f"
"55021118.jpg","82dbfe7ae5e7f0601e62a5b6ae15a0e7cba8a145dd52bd93200308269ab12bdb","55021118.jpg","cae84155b2d5a2cf301f4232235cac9b6cc43cafa8c9001bbd0bc844c6fa2b36"
"55021136.jpg","441f663c024380ddd32b053f8da7f459256d2c0e329afa7015415186de69ca81","55021136.jpg","cacda6b2eb50b962d65c938427a32506b8c9eee355cbee76e7409144f617f4f0"
"55025393.jpg","822c17163134142affcda57d9aade666bcb84f35c8ccf8f8497cc5fa9cd1b286","55025393.jpg","b1788dbb65ace3ab01cabfdcd32c982dfa8145218cb61f37cab43d7358ebfe47"
"55035641.jpg","a3aef576c0ab0daa27e71c6acb8193c9783edf6c51127fd1bbffeedaa5039ec2","55035641.jpg","7a777c1247193c295142aa22a9cbbd7bb60ea2087faf943f6d830d6187fdab3f"
"55044566.jpg","3e220317665b886134e5977cd10aa16856586b21cc41a9a0ab93242909108edd","55044566.jpg","0fd8e1db8aec73718c8bf31e145ad075ea2a33e2845a360622cbc8cc944d04b3"
"55105020.jpg","eb2e02a3fa3dcf448d8909ac05f84c140c19ff52c08d977124388bb4944511b2","55105020.jpg","94709eb85098f85069b162206451693009078c8de9366601bc4806286467bd7e"
"55105027.jpg","03cc28e4bae939898112435f71a5d280aef18e702b24c6d20b3d1fc20e135136","55105027.jpg","163ed9a3db8e190c682eeb70890d3ef46577e75ec205287176a83e8493590cfd"
"55107007.jpg","58033885cab4f63f7f5b081ec355f865a0dff40b032de66e51ae5bf6bdc280c2","55107007.jpg","2f0e003398e2eb5f15ac5e495d61bf50fd27e5f53fc5fc89ecaa6fc2681c5c12"
"55107011.jpg","8ba00260931b10f76821d418954de2e209403bfc529beb7d493193076c62169e","55107011.jpg","b41b984ec302e66abdd8ad57eacad18dec42418d02968375d1b4bfe089e888df"
"55122497.jpg","00d76b96a9d1cf851efdac8dd40204085b11019e2efafcf38f76d2fe352bb8a6","55122497.jpg","75e9dd86726c8cdafb765f7e365debf3f0d4f2696ad4dfff7559df2fa69e3394"
"55123089.jpg","3f16738262eda76a67f8b40e2745d17ab652baa5323df6795f1af96acb343f95","55123089.jpg","ae4dab501ad99bb2c401951f9878ff340f950bfcfa8b4351f8657277f1c42e2d"
"55133729.jpg","726097bb97554ccff3fb3e3b7c6a2411bac119b44144b39359c5b913dea0152a","55133729.jpg","539546df2c39298aab06787aac888fb36f740d3e16793319ace3dfa3ffef9451"
"55137721.jpg","371f5d6e62b7ffb36e69220148d9dee5dbfaacb1e08249f2d85cbed4aa23bee9","55137721.jpg","0571fc3d8a233b2f24c76fa48640257530ec2a285dd52f9f283deb6e96208c37"
"55144802.jpg","b7843c88373f4077aefe5c4c0ea12b1ff5506bbcf64e8987078e31cb016e346d","55144802.jpg","c4776f757ca064f653a21b4733e29c5ecca7e036bc883084823e8a94e26c983f"
"55145544.jpg","09601093b26d7d067f1d1c2c97204c448413371fe7cd7f82209a0ce142b517c2","55145544.jpg","b47e9075ddd4b2455859e8c64de35ce1aada4933e3c0503bb9c529020fbbecd7"
"55189705.jpg","00ae387a6c1d8c4305b3e8610f2705abb1c7ffc9a9630493b308b7e82a3ad67c","55189705.jpg","eacd3aad1036f523f1b9e62f9f1e92f6c92cf6e39e6d6c9d485b88fc89924004"
"55193265.jpg","1e2662e0524d994a7a4f87fc754a256fb8c42fbfa21ebd76a3006ba181d1e74c","55193265.jpg","59073872106c65fb854b08eaea01c2839abaa7ebd5ab63b6fa4a82e7776ccc70"
"55198016.jpg","692b7b2f63fa8183b3779810912806fbe7a5fc50d9ab3208ea8ba586d20e46a7","55198016.jpg","70ae0a8087231aca211d531a17672bc1d6bef1d50150feeaf6a0df3cc167868d"
"55213172.jpg","d69b45a525cef71c131ae4dbfd46b82d465c35c12b4b437be4cac9aeaa721023","55213172.jpg","3e5f6ae5742b54fd1563db455ad88ec08c9c092beb8d63c757f1b985cc924ad7"
"55216441.jpg","e5e4c89365e23d8df9401489f9ae0657fd6e68afdbf3d45830ab50dd2d63910d","55216441.jpg","f30bdb84636a56c7c184171aaab9adbc151a404e8d843c6a015dc33b48c20fc4"
"55223677.jpg","3dfe564f3efe2f603c8ff9e8d8d914a30a32d55b0277ea3805eec5b55a96d7ad","55223677.jpg","dd5cb2bdeb7ca7c7e37b8cf3d92a981fc856e71b65434eec6c47db9a2cc5b2ab"
"55231764.jpg","f7abb4bb1ce94d68eb60724205c885834f33e52b3fe7dd49e5861363b5493239","55231764.jpg","3967f8681f612e6cee11de3d7e55c5e2def4695ade07a152d3e1c543960abbbb"
"55244910.jpg","8e71664749e95422a10c132c7e6f66ee266f234542ac2b397054713f49419f11","55244910.jpg","555f6ff36b5a304223dff5c743bfb180ff7a875ac90f545dfe687eec4dd733c4"
"55245023.jpg","239e4c33c594b6d3bfda403c36a420bf3116c9514a2a3d00fc72325767b2016c","55245023.jpg","26c13148a07c7433eba14d350486a6c50a1cd0e6ffce410f427984f1d9c51437"
"55253282.jpg","245380146430b574d0de9388a454547c2920aa08fb26e21451ce8b734611a465","55253282.jpg","58f5d7c39bb8910c26ead03e5dc795a4c18ddaa3b7313f8d752986209fa9850f"
"55271682.jpg","058fa5b1bea778da3149c1b3abf47a8fbf4ca426a34b9fcb203e6b48def8c87e","55271682.jpg","5a997a9b2b81fb7c8e4c80635daef655ec1f46c472d68f09208924d8e3941b45"
"55283591.jpg","b96c2f88d9b2dc7c5218c3291cbed5c6a69fd812fd017fa90c05a8d6be1903f6","55283591.jpg","a6fb325819915ecc91b3f50729608071f22d72659f39b3d5d7f36edd8443453a"
"55292062.jpg","798eced7aa4bb1fba98f0ee3314d926d001145c9c515cfc671779ff4588722bc","55292062.jpg","dbce685153b173473716501dd6e581bc5a6fecdb9de89c10993dfa2c1db830c0"
"55294298.jpg","a70810966334aa85aaab06656a5d4a0fb0b86124966828146234cd2d46cf7691","55294298.jpg","fc3996c896b56bf5b46278fbdca9bfa4d046bab2db591bf631cbe81d86fb451d"
"55301060.jpg","dd0a66304f8778b85238df84642de20f36321130b833dc2242b2f04e5d733e1d","55301060.jpg","2ed2d823da818d2e59959e3c238b9783dfb8b483cc49235c0eb9dc712114f74e"
"55334854.jpg","e27181067cc27656240db256c9576d0033f824724020527fd75714db9c32660d","55334854.jpg","9f388643b38b7e5956120f641ab3b5be219a4c5cee180e0bb353bb2911e94de7"
"55339971.jpg","f198a1e1e16d67a86e87f1b788acec9264a76a663d5a4338c620255d9f9f3d6b","55339971.jpg","a1c305c57ecd9a999f52d1e80f0a15a940fc51c5ffdd2627325af326075b9ca6"
"55351069.jpg","75c91f0eb12e3a06438621e53dbbeb2f8b756ddb6f785c07326d5465625eed1b","55351069.jpg","d42287aa07e669720179fbac3656f36e473aeffc37d20e116c20221d746c6424"
"55377800.jpg","ae3f08692988e150f9488a584afb8e2bac51161f91d98c356f482c272dcbd8d9","55377800.jpg","aa34167a08f3d250fa41539251ec7856ad967a5a32b162d89b61a55f677b726e"
"55391297.jpg","889aa19176ea0166cfb120e147b8672263d32c0fa0174202053c276d0e87975b","55391297.jpg","6d78a421287444864c9f51f010d9464fb25ab1f895207dd27a43f4d51dfd2ac7"
"55431829.jpg","8ed464afbd1868b6619528454384ff19d48ae6a11b5f121507e61e3482b70fae","55431829.jpg","a9ffa5d034198656d630dc30989f32a454ee78d3c38807cca515d3e116bc0ce0"
"55436675.jpg","cf598faf5cde16b79d7613808aa25edc6263b8a76666e5411e8e5910684b6c4c","55436675.jpg","81a8346bad9f988ace63d526a43d548982dc1dc5da3794986a46587abf9d7be0"
"55439037.jpg","bd712c26b7707e741ee19d27b0dc323beba61f3487b0bcce9809ddbd3cafc1b0","55439037.jpg","cda0cf8630dde463f25e6a6b749a7760edc3061c8182e07ccddd00e50f70a17e"
"55439092.jpg","75197a3be30859ed2b731fa01ed665eafebdd6323d4d1ef1682b33382c727690","55439092.jpg","f605641973d020051d9ab472706891633043846e4dab068b8569f0e535f42189"
"55439943.jpg","a2b78a15cb5ce3776a58e23acf54d1b020e46dcc333bd73d604723833237f5ac","55439943.jpg","b56b3ddaee3ba44a8ba7455ea9aedcafd0bd9b6f4ea18bfdc27c69d586d05855"
"55439955.jpg","db4ae7834e1c69b462bd316dcedd6078e228dad895e994be79dbb9c397e989bb","55439955.jpg","70d3c0416b9f1ae5c0982ee52e2e968df10427dfcf86ce0071b77668e3a15c67"
"55450027.jpg","446be36fb3b8178a73d7b8555378a7d97fa844c6af18087a0e8978fa4a5b902f","55450027.jpg","f668e4df5601af20d4e44227fcf5864289ae09ad8e72996a558dda7a567fcdde"
"55457290.jpg","64ce96ab787d3696d9cf16ee0d74a9584c0d0cc9d2c2baa563fa6a3876a07454","55457290.jpg","3f85e204b172579e9def62cdb5aae4ecd0486f609e27928d9ae48ec7bb25ea58"
"55463800.jpg","617d17ebacb3422e3ed632d80d2068e7138890b7227275a875b2b70320b44e22","55463800.jpg","ea56a14f804f54882bd6416848df66b390f38168dbb808be74f231aff3f4fe44"
"55480794.jpg","3d840a6f2b62649140668f69d627e307cefd84c6ec0cece357d77a4c9dba339b","55480794.jpg","059f9dd6a735703633c4a63ba0fd836dde208819b84351f934f07eb8b1a0fa30"
"55496260.jpg","02aa7844b50de2587ca44aa0cd455cd5ad9b35ef9afdb968b27713ee7cfba1ff","55496260.jpg","f3bc02b26133f77e27361edfa90d4bbbe9364e364ac90ca45f32c484bcec805b"
"55496440.jpg","d6bd0f10caa5804a7647f90ff41ac957d07138aafecaac77f2f863daa35d7d13","55496440.jpg","29fb435e5139deb966c40897044c4f523ad78b2f95cb7bd91ecb25d5fc52ec8b"
"55532033.jpg","604c54cfe36d5fcf483eaa71858d5fcb68bab51974dbaa68d5478aea28ebdcdf","55532033.jpg","fe0fc8f467a5fbe7c4461485498d3e1f6ee82e0f3e885f93890b43551a8a4ff9"
"55588287.jpg","adf62e31a45cb9d182c39090defd022060550d21ec0d4d5d943ed47b1f5bf32a","55588287.jpg","d00935c4ba7d495a461be84507b9f44c9ec2fc7d152ae72b9f5211d7a25e52df"
"55617966.jpg","a46015371c3c85c1cdd3e5c1a9c499b33dde72cc8874a87dbdbfc14e19eefe7b","55617966.jpg","fdcc22e5bec2a570e87158c9e32b4037b1535b15cd97e3f7e4fbbdb150a759cd"
"55624861.jpg","c06451a97afe3b95104774d7c140c113252e5cfc873ae2a3323c2e33b7fe7113","55624861.jpg","b31c155c1da6ce1694debe5ea6d17eeecba0d3cc752b10fd721f633d8750c610"
"55625086.jpg","3c167fed8a89b92953a41d0e15e05e92fa79f525330cfaf678cbdaf08095b949","55625086.jpg","2bb129be4d524eac0e0030746a8be1b5005c3988991a5d9ef7507d12e5a3f9bf"
"55647289.jpg","21a27318594db57a1df97908708047b154d1c86c24336120d7eb2f092355f7f6","55647289.jpg","b6a18140a915211580f9969dbe623f3bd3f04cf845d025eaa11053c974fbad37"
"55655063.jpg","823c4ee9cab95646a32b626bcbdc1e37c2a04e1de0e1ca9c60a3725398cb1ac9","55655063.jpg","67b81e6cc76d2ff4d574bd17bd861d6cd02ec83efbba1ed0f3cca1dbf8a3a9bc"
"55673802.jpg","b28dc015c1bf09066666cf5f2d0cbccf3f6e2d395051e16b66ecbe0c42d90858","55673802.jpg","ea5757ea04a790f98b1b3c9b7405fcd6f067536bdf787b754110f17f7086ff25"
"55673839.jpg","6b39fc406c5242566ae6cfe7a6111e9549b6e7889f2e593f652c3cd2c4028926","55673839.jpg","0be692610d9e002cd744c69e1000e4329e0ea34f576530425274f57fffd9979d"
"55684832.jpg","5e1db3b79403084c09ee9e9ffef38f0a50b1d91e00d35ff706975e6589e7a0bb","55684832.jpg","ef93fe8a2a3aa57f942cf98d123b5a666d4171c6e9c7004a8e33be1a3af09a50"
"55686442.jpg","c1bbf22b03f6de05c2a0c070c4860075906119d13bb3e7d822d6bd2e1331beff","55686442.jpg","db3efb7c98806b4104341a872da384646dfe5a150146558ecec9c43711058091"
"55693309.jpg","378f0a4699824922d0184d50267cf1fae4a267d8de9dcd9ab29311f4f2c605a6","55693309.jpg","9369dc336907ff1df7617e1f53996fe6e8059e6c96b16c539fac4c01170c5b65"
"55693911.jpg","de2c0c53b064f15946463620c0eb7f2158e191f34ec3fecd740d4507c3d9faf3","55693911.jpg","d0bf604fd20b81198a2560f458f5ddb29064ec9b2528abe7ccc2616ea16f4f85"
"55697243.jpg","d772b48c93f9707674b967820470d5f22941e4ee357390e6f609f2ddd5f39543","55697243.jpg","f0650496a30d3e3cc94d4e5c8ef70f5798f1e2af12142cb2a8ace4f5d1ed2160"
"55701068.jpg","df48e5d6f34f3b3a1618ddd0776161fa2e28c702888c7e745235f975a0770c7e","55701068.jpg","52136a2146b0a60ae5354830a5ddb17b46f12a0aa35c4d3204fb2f36f98bbe00"
"55711003.jpg","b619f50f80d4eff18bb92be55ae1a17ba5ec6650ce07239bf6906ddb3188c629","55711003.jpg","94157c7f132cd1d288cd81c8a28bd5c8be419868fdb15ef1959c043bde490869"
"55718439.jpg","f3606f2663199e21a0f7fa67ffe38f7225a1c5634a080b49f0bdde86d5b42aac","55718439.jpg","c99e97794f6a9e2d7afd147639f64b4dacb0bb160e708dfdedba0bc2b2cb9a71"
"55724449.jpg","8d75dde114a84f03b11512d18f8b8143cb3999a0ef5cea6692bbcdca668e9b03","55724449.jpg","212d3142781ea020d43532a8ba9b198cac2e1e0b748107365b8322121f8b9aff"
"55728423.jpg","09d444a58ee115e9d2743f713bf4215f82ef041896f685d8e5c34f851abd3e6d","55728423.jpg","aae55b1be5c75bd047f0cb679f7a7a102d8493253cb340090f2d50cc40760ccc"
"55755884.jpg","8d157100859d9d4da4453b10f4d8c1e55811cf9e4ce884c53ca3341cb11373ef","55755884.jpg","4ace4fb9f47db771237a77788d3dbf378f64046524a2cbdb7faca78e6381782f"
"55755960.jpg","8094d6d7f18dfab33a5d19148e19c85548db2bb097535f8c317a67f37a551fa6","55755960.jpg","8e2df539f9e1fa14d56c07e246d82dda6345ae46057fe3bfc3ea6af7a08e1f2d"
"55758476.jpg","a24d32382cf3075e0b3d2df2f1219cef7fce7d3d91475f08ade3894adaf65633","55758476.jpg","cc4d03c2a810174d1d7f37318196bd83fcad57346d3b4095f1549f86efca97d2"
"55766502.jpg","69aca97e3c2eaf690b81976cf9cb9c2acfb79abff4c5025115c535c17d1ed9fe","55766502.jpg","9f26cb134c303a99fa5a35a1512821099902cd9ae08ea89aa9ca3277804a610a"
"55775776.jpg","1393f7275df3f20bc8fa424890a4b107a4643aa3041b545a08e2c7b9f5a8bd6a","55775776.jpg","15aed8964a9a1852bca2f25f92f278ca3865105cb6fd267375f98796f6632e74"
"55787327.jpg","c8d956974055395237f48c94a2b984b459642e3baf0cb42b35970e57c1879eb8","55787327.jpg","fc9e9b721db7b2d47d5b3077253f43d7c2919e57f472a83215433799a0c942f8"
"55813173.jpg","a75a91b90b9bebb69de8c8e0557808486e382a99b2a477213f8468cb024dc3f5","55813173.jpg","b6d9ed88ff19fe2e66b497342b7aa099522fadc7ba98b72104e040e4c4c9f994"
"55813925.jpg","bf0ceb1bf8f5074742fa15db7245ab05cd6913f9f9ed7f4dc9f5d9e373f1cb44","55813925.jpg","854787e83c43abdda55b30dc3a54ce897fc023fe370d04b386fccb66c3506ba6"
"55816281.jpg","ae4698642d91d1c8657219bf06cc7df41264fabc86215c1ed465cf76f0903795","55816281.jpg","b7a4f2dffa295c09bad83147d3d90de82ea64612e156ec1da2c8ec4c7ded18d2"
"55816448.jpg","9cd0d14326cb98764ecaedd709d28a1a32c37680829894e8f89ff8b769d1888b","55816448.jpg","dffda2dc0f1b34d16545b4a079f78076717c92a85c0e2948d5efb1bf82c698cf"
"55834072.jpg","3df77046910482a706c66fb6666d34909abfe1c761779ae9f8ff4a513c020064","55834072.jpg","94267279f74192e659bbcbda0fb229e4e75db445295caa01c40a559757b8ea6b"
"55835198.jpg","11294a6549b1282a77dd7ce86b9114bb5ac5ee4e9e7f8f4ede5da403e7e792d3","55835198.jpg","209cdfdbf5ce8d33b3686701a634bfb58657a89af57495ece20241f096c72297"
"55848186.jpg","256d6385629692d85ef836d910c44b4d915f0ecb1e561646c9104c28539590a4","55848186.jpg","82e7d7ebe3a4994283d3195daf0da9f430df3e743ecf6ddf55a9ebf64dd60a1f"
"55848594.jpg","28ab7d61bd905713d09e2fb4af31d3074a9109c76444f3ecb99327b7fc71078c","55848594.jpg","3a8e7269aa442f78b60d228f0bc50a4fc3ed404a498f70473f93af60a3817208"
"55850524.jpg","cfb1779a2194c5043e504b359bc837c4b40bfac77ec8a66154037c4626db5923","55850524.jpg","d10f68537e3051fe01c9ef85b861bf99a7fad2654586dc16da59669ace1e08aa"
"55866159.jpg","4aaccac8322ae94ecbef61cb1c1b02d000a00b9eae46f58f894a8fd66028e898","55866159.jpg","d43c7ef24d8ceeb8456ed2672b5c87925510ea41326a4e601b6c23db5c7423ce"
"55866299.jpg","9e84da76b4348d1c2b3cdcc164643c6cadbbfa73c79816e82b72231e1b9b0055","55866299.jpg","7779aeb00ca3d94c1f04bf81222a2ca1ea1402a19536a7313352daa47baf66f4"
"55875724.jpg","5e951d2f27065bc931c458b4aee5f580db0a3d68b43b4a0625dcb2892f084c7a","55875724.jpg","140bce368a08cd192959f73ea90a1aae915fec73f32e19915e807f77da14e89c"
"55883398.jpg","b2feef5417d5bc22773554aee04816cb879ae9827875ebcaaf3876ea24f76e3c","55883398.jpg","54a63e07c474a279cc3ac7616c47e46232832c0fdd9468b845bdeeb8b64475f7"
"55892115.jpg","efe83d7985a8c52831a9e81af8147161baa00fb89706b36667e3e81718379add","55892115.jpg","8d4f9b570040fcc1375febacce87cbd5217d8bdbb11b48964e88e92c455204ab"
"55906522.jpg","4b2ece4664cb5ab19d7ee193db55cff38ebbbd6223f73a659c65feac669f302d","55906522.jpg","7c2757f8639eb04c950cd7f53aaca4baffd769c15888bd85415f0ec35aae3117"
"55926205.jpg","0677f1e35f0d44ea7b061cf9a03776ffdbc387689dd7d5577ce9f28ffb339a07","55926205.jpg","5433eec68bdcf53230e2a6de46c387d6ef85ff7184287fdad1be60ec73ccdccd"
"55927098.jpg","4eae6cb246eb748c756939416f0b9ae30046fe10996cd673f57c8107138252af","55927098.jpg","6f2bfc336db961b239c3818ea0e491ae22ea11d8249aa3e4d4bb3b478a30779d"
"55934244.jpg","a4dea77bfa5c9254ad4ef11cae6927c2f81ec35c5b5265afc1c70d3f82f5f374","55934244.jpg","0c45f108f8a2ffd404821448e152ed4f9e0d743463a390312d06f80c393a92fa"
"55934943.jpg","d206b97f33d6ab0e85c623212d57952276b53c1b4200143a64ab6b9d8300782d","55934943.jpg","6e1421d137aae4e9271dd3b4bbbbb2e51e731059061523a378458bbfa6276741"
"55952439.jpg","b7d9836168bf195c751db9525d3f255b3e88d9807271d90c7c52b9b2081af278","55952439.jpg","aea162f19ac87e8db9dc98020d3a902b66be5b8e5521dfe31de94ec04a8c99a0"
"55954901.jpg","792e78fb83b8cb91564b91ea30f06e46088218ef513b4392e80ea0fc2e52986f","55954901.jpg","ec71362a977b2251d5adabc132a75eebf7322b15c6349e18d7159c52e94f6640"
"55977345.jpg","de3787d9a4556ee411209cb41e15c3e77ea5f6ebde163433cff4b229d8f2c549","55977345.jpg","d4d2106d37fd7288ce4ad6d372c7a0b19799b74c34f9b4eb975fc7dc371ed670"
"55981694.jpg","dee293b9938fde99b1016145636a519e8d4a67d04add657d6cfa3895c92440b7","55981694.jpg","5e23c42e85f17491bb6e0a3f06e1ad8c433724374fe738aeac0548708e01802d"
"55990057.jpg","e43ba1e739ed75fae59fa9d2071f1dc5d6f8fa9151bd1a3fce6d248baa5abd25","55990057.jpg","0468a1ae41794d8fd148360c6eff0d192eb202fd33e255881aa0766feac52dd1"
"55990393.jpg","0f03b4988d045408dcab139b2a35572c1600f79455460097c1f066824f6fa5b9","55990393.jpg","2527af8cd43ee2f8d60a7187244ae1612337d897a360f3f5680cb50dbb32f29b"
"55990689.jpg","cd9b3706f6f08fae6fb53c1a1ef4ece5111776174d5b280311fe9a9926df4ebe","55990689.jpg","a8f8d58efbbce8a31c0b4afbcf19fe921b5c1014cb3575c174ef9d23a3f37c22"
"55993836.jpg","52f6dad32d509eea7df391de5f712cbe0077f3b4ff5dee7372829e0ea4ed8be8","55993836.jpg","5a0a0e1f61b123036f98dba3da437a26a064db348960edfd4a4c24469be1555e"
"55995130.jpg","3724457c986f52284cfa960311ed49c90bc76437809946cc2f2f324383049108","55995130.jpg","c1aef131c397fa656551222bcfc2cd794af5d0a68c3bfc3578cacbe9a444e3f7"
"55995430.jpg","f0d08d7063959f5ed9f5c9fb278a3634dc90bc3ccc1ac748819762aa5eb0f5f5","55995430.jpg","cd32e4c1bb601c9cc3ddd690286354e17b0351285eacd92042ed08a617e19157"
"55995491.jpg","a7a1954fda0ce63b02a44041fc5c1606c2f9c66a0eadb7c881c7180243a019c8","55995491.jpg","266cffc2055acc61109cfe8f30ecb34c5a11d9e5b6787b76432cbd448039de31"
"55995633.jpg","56b0f4ab86158057cc4f4bc1046cbb9da7438669bbe52df93dfc5b183852499b","55995633.jpg","0f3169431e250ea87af10339ef939d8d9d70126e8708910fd811bdd3dcbb9bb3"
"55996046.jpg","3cda26b934552f9600eff0902897af1c1ef872b9dee64b88549bab237ff6bf1c","55996046.jpg","79889ec8ab062e0c0509314050d174330b62c43d341ce217abfb625e2d425291"
"55996259.jpg","fd35a9735f60d9904388a50062d9b389e9b4adb050459e78a32543af13aeb0b8","55996259.jpg","7a3e7ec3ab288dbcb2231443144a383d91fd0b317e8f388d1b51059005948012"
"56025529.jpg","84f524aa11bc6e34b49bfa2e082f6a8f49aa9085e0b5ba42a04301a44b87ab25","56025529.jpg","2c31f806d8ff2f76cd9848ac0f37707ee3f7c3bcbd143b1e0117ed913b83fb46"
"56030402.jpg","b2d41eb16717a58cc4518c0be1e81241a57472f43698b0cf7d2515c932496a67","56030402.jpg","4c360a1f163339ca5f83945c8123886e21ad80e3aa6e2352725b2b3c86907758"
"56036561.jpg","7be4c1a1863835f9a0ea6598698115abee219a13582fa7b0352fe2deb511ef02","56036561.jpg","4864e17636f2813bd59708efdd036bc12e444ffab652fbbcab275fcfb6fec71f"
"56039125.jpg","4bf003751d3dced10e7e45bf801bc5e5165ce3e466c483809d28e4bd25b7b39a","56039125.jpg","836bbde7245b689b039a6d8c5e6c76ed5043a74fe54cc72b3c477d7b42303b33"
"56047367.jpg","081bfcd76668320b0c8be976ced57da8f06645d4c733f92b1a3937196c3eeb3a","56047367.jpg","c3b7e2c77e44f03e3f9e57d0e44a7342f67b2e08fcca2e70ef8242eac3b289f3"
"56065535.jpg","5180884ac1dd84b499cc7bebace66a5994c7f19bf4a47eadbbc16628b3ce2898","56065535.jpg","ea6fa1f4d9a24fa182f85aecfea3bb927e155dc4026ffdbaadde474f2f8a5e86"
"56067003.jpg","e689542046bebc06f90949161bb458e490fc6d1140cbeb872dc94029b5d89d9c","56067003.jpg","f28cae2cdbae0003390b6e9fbe747bc8da46f913ad94b94a0e5500597111e776"
"56091101.jpg","a2a75675d73339e9e0862c1c36c6b20e23397d9bc715761cf050b93f647fb3c7","56091101.jpg","00551f4ca93c9eb71b67f2596892ca61c874638dbba3716b9ae60d5f676c56d1"
"56130251.jpg","e3e0161e70f2fff57b57f36d1d56a9a8a42bb244a16f0add8460a0a0cfae2007","56130251.jpg","67ff9949f6f56e3e2689d2c853ceea0e5435213e56d8adcfc307885fafc3d230"
"56141946.jpg","dbb8afc8d237500920f94b15e2a107ebad662c16cf7bdda39e743e510bd8a4f7","56141946.jpg","907c1abdbe1b7d401bd7a789e45d6506fe10e711a9bbe9d4a14bea2f7efeaf72"
"56145481.jpg","48318c8230078b452d9712f17cd3545550f0f720e531a89b95cf0a8efc09b397","56145481.jpg","c7c2afd7f078bedca96a4e9caaf79548c8e9c59297637010f5176f1743be4dda"
"56147214.jpg","3dad3d3c6dc19eadfbf17c8ff2c2ee0b64b26d1bb15f8970742b08f2d16ff97d","56147214.jpg","42f8cb44ba99c06789c09264b0d4492677e39e0f922f6e381a8326a6c0eeb839"
"56147473.jpg","44373c7c08ab5cfcf707ceb5ea53096bae0e3a35a265af693ec56415d3d4c8b9","56147473.jpg","2ae7e97d486e6686786483502297eff3998115461a848caf44a9f27558ab73fc"
"56147571.jpg","f17c7a7c7f4c0bd2b275781c43398b06415c0c1a07afadfcbd3e44857a9d9816","56147571.jpg","0386b57982c967d6328cfb32b1f93c34c8689cfb22a28bc9bc1a37e4c58c0676"
"56164093.jpg","9d0ef3a63f8f0dd22365fc8179da07752acaac71879ddec8136cd391acaa7bb8","56164093.jpg","4f24273de97f3e5addbd4b2df677a78aac715f600f1fba44eee8802797d737b1"
"56168782.jpg","4c20165f48daee4dcf2b336e23548d002abc141bd12dcab2cb28b76fec53a367","56168782.jpg","d2dcc5d84bd1cf1bbc92e92fc6e50fc215929f411c1daf318e9a7d5bbb34484b"
"56168940.jpg","5f4088fa326ec02f45423d9e350d61c9d90a9c702477b33c066341c104550a20","56168940.jpg","5c58329961d0ad4d98062e8fa620aba3b218f9a2c40a68052ae9a7a1c61cbc6a"
"56203921.jpg","b8c57ee53bf745e06db1c0912d6f178518fd7506a012821439ca9333d98f2104","56203921.jpg","c6cc7f5d0c7a36fe965097d04dba573a9bb20ce75c1dec62baa78416aa850d2e"
"56214848.jpg","80b9ea51a59d3d12cec64a8294bbdf5267c68977131d2d06bde833f3bd43b9b2","56214848.jpg","d5ed829c4f3f16299c57b202b6d58d9bc0e82318b5f8cca615dbf5248519251f"
"56226252.jpg","efb790e436b9c52116381947eaf9638419120645c665c54d5d0ba1f81c9f34b6","56226252.jpg","3f5acd487589a0e814c04c45dbe179f6abee5a157110109830f6d7d9eb254ce6"
"56226446.jpg","523832cc03ca616f69ce2ad289f88f8b602c9cffb2e6a37b3c77f08d4ac340b2","56226446.jpg","9ad158eea6ee2f9e768f3dad1aa0ce270dedcce528d9d253ad61f8352e6c7e7d"
"56230123.jpg","09578e1ba1ee49bae279cf7ee034852c5293156e1929390bf1b9a6bda7fb57bf","56230123.jpg","7a2b06566bd504fc3cdff3d0f837976912b86ca7519b38b302a9df9529471238"
"56243912.jpg","9f01d3b359555811425da677cb3cac4d7b4da4a63ac3de73e103ad4e99ad583b","56243912.jpg","20c4e28241546382a53cda9b0be2571d7dd3380d66b47c2a914bb069eb94e931"
"56244731.jpg","469105fdee7061bef8b90241de4e5b5ead1a442c11045bbbf276432902656c30","56244731.jpg","675ade7e331b7141d0df26cb1552323297f94c7f4ef2726e3e362f861242e82e"
"56247663.jpg","20d664a1af1a5e3d2e6706916d86fbfb541af83dd3d3665102eaf7a6a66581b7","56247663.jpg","031e43cc3153f568eaf476e10784254a2179b9a41c3f6b30b5873bb990172f3f"
"56250026.jpg","249d12f3c08e5f2d7402908829c082df97727d8ac22f3cd4cc8d22eff1c31358","56250026.jpg","de871749fc7948829b5ba0afba3c7a86c1e77668e28043ae56fcd4549c4af0a5"
"56279045.jpg","83e22d54950f65a832b078dc4050939ac42e263d72f10af466c4da8306b21a0b","56279045.jpg","3fcc97ac47ebea42c88b7e06428f33f8db3efb280a61b751825f5ac420d5b671"
"56297271.jpg","3871222a5f1f8e4f4656213a47a7398969538f4c7f2fe0cfeb1e9e37a77f3878","56297271.jpg","c0b8bb71cb90f560178d9ab5b6683b248b626f32d343f0a6cfb6e17079df428d"
"56299650.jpg","fa7053124d6edae5f74b53a6fa01a31d2a6aae378b3dd4f3b23cfe492dd36929","56299650.jpg","4d07daf1df96ba4a43ffc7c6e9725e8d1c009ac893141fa646dd0ba0cb22de55"
"56304003.jpg","bd8e1a146196a66bb2d6ae474dd5cfda04979b14764c31613b81fd7765b877c9","56304003.jpg","bf5fca7a8a79d3533b1678152a47d0fc7cb08ab5e0dd95f11f11e3a97ca4c83c"
"56322455.jpg","1bea9545b75bf86bf4cc24e95c9c63c35c6929ff7a549df96d516537507fe518","56322455.jpg","d04fd1f9bd515dbdf1927eb7032b7180737be4ee53dbab68f01c62b361491a27"
"56325961.jpg","50312cae94659f47b0de183c249a4d0883d6f9b30c1ef61d8b20a6c7b60a5dfd","56325961.jpg","1669438c0313384daff247c9678668e112e7088668ff5ae0dd3258ba2798daf2"
"56342778.jpg","da7da151fda27e2c9fc0dcb19cf8187e8a7f0c432b35181e1fe959a9a19aa760","56342778.jpg","437feac5758ebfd3a3a6545859b7ce1d1a677c54284fced61f04c0e9982bf3f6"
"56342820.jpg","750017f357eae86df1ecc1d38a1e3eb381ac69d4da5f7777020583ba16fd0be9","56342820.jpg","e4110b41b305fb77564802934a1de424088f3d2fe91af961e42d1ab9ea904cf8"
"56348669.jpg","aff60a75fce86d5aa0945cc40f3b128f31d50749c854ef95961bda55613e5f3e","56348669.jpg","2c4fdf2cadaf1c90862e4659909e892cfba371a7b8435dc7742aabb565373113"
"56370966.jpg","2433fc5bf2067bcc4d20cc8421438d39d6c19fd902b22eaa5405781d980fcb68","56370966.jpg","05ed8616cc64f62650fb14169ec8756db6d8c89b66b5f2c58da0c3ef323e95be"
"56386611.jpg","65f633a4c04c5a7ad8055f063853ddd20b082b4ee647cd4a7e6a4c0a6a419bfd","56386611.jpg","f8ec29a3a26bbf8b36738cd616e172ceec8d385f2cdbddb4bddbfd4cbae22007"
"56416139.jpg","29d54ffc7341b93d9df3b39056c513dbf1e3671ac5445eea658a4ebc11630009","56416139.jpg","9b0458cfa33fc118e5501744265353633b97d284875aa3e554dc0713b37f9440"
"56419940.jpg","3a61c69018696987c1dd7015917bc5871f82f194eae1d19a1b91fb15fa1bbcec","56419940.jpg","b3c69c780a0acce75cf1f589361284afc96c06c5890fc592d5e927de594cd653"
"56436113.jpg","81abc3d02b4b4529f6718f3fbb66bc348d6577dced8e63490411ea34b89aad1f","56436113.jpg","ec295a7668b3002cc2ff2467aa66e009967db643dc2ca5f245ae0074087fc0b4"
"56436449.jpg","a104be8e709c30f37e15d7f69effe0742f9ab84c64a170e268c7208d8ab075ae","56436449.jpg","96eec9c86dca7057d2aa23baddb7db7cf724acd3ebf857048ec867aeadae8876"
"56445909.jpg","2ba47ddc2bb246897e6b744ca027d01ec5efc4f8a77e88206f1bcb3adda3a268","56445909.jpg","3ca6c3c83872a3e63079e6fc7936b00ebfe47be2c74d55693d2eb93ad22b5987"
"56449415.jpg","c97010abfbda72c49fd8f8248d3adf9c290dba8c7fd440de7399428bf03d2c9e","56449415.jpg","4fef692a471ed03bdb09b476e97129e5d6a1f8b981e6e2d3b659e671ba0fc562"
"56461995.jpg","42258b0b0c83fe83f8a97087a1cc389f8e6df7c97a57395c0b4e6e68791bf5e9","56461995.jpg","28c844b28869c7501c79e0e4eaf7891e8ac7dfb0c67366134806b22c52249958"
"56471909.jpg","6d5546fcefdabf185074f69297a8dcc3b0b0e3e0edcbcdbdb89bf9ae7493e2db","56471909.jpg","788019d6e6d577fcede1b64bcc41efddfc18ec7b3129bd8450a3f8fe5ad195c3"
"56475496.jpg","d5c8db4c464e6946d880904ae8293c364184c735fde4a383f85304c7b90c63f2","56475496.jpg","0007535676b1575be6376ec0cfdaedef37fb1213cca5acb097d9e8e336065249"
"56475694.jpg","d61fd4e366adcc0701f1c3e5c4b29d8071ef1e874b112e98e8cfea1b4f004c41","56475694.jpg","e32aef17c2c0a67cb571a7d2a53885a4d3de8fbda957b5917ebdf51daf4509b6"
"56475956.jpg","5bcba803c1e49f69101019be9233a91c5aa371700486ae42d3c3b1de162f3d46","56475956.jpg","d6227002d010b3c783d419a702f2cb90b6a685b47840a741fec56fe6f4f7177d"
"56476644.jpg","218b29c967c042e495a976fa8e4fd906a5e0406847c8a537683e1130c7eeb002","56476644.jpg","f899d7b84aa2fe3897b3fe214fd27bae3995f48d40123d83eb3d63971079c937"
"56477172.jpg","a20b6a2e5bc4070f601cd3868d1a10f9eb455b1837880e70516997e2f5c0dbf5","56477172.jpg","f8428727e7177cc23e90265a53326e0dd22801e11cece74170f2f5b54a87e95b"
"56486409.jpg","a82a1cb25a7baf921f126775a09bf7d1bc18d67e66703a6eafe5306828c51136","56486409.jpg","2d90884aae4095938116fc99eab5eaa2d9fa4cf9e7fdb755e8b0c46e9781900d"
"56500141.jpg","42b084ef70b3a1c5edb8e300365251abb2d50edc7ec5015dce03c3ccd11e285e","56500141.jpg","a7efd91f05093fc8d2d438c72b150e14621d55d0f54d599bd8e9b074699a3c9f"
"56517286.jpg","ca5d2403d2d6f3cd0ede7e8ec48a5cc44307573fdbf18a31f3544a04ec143494","56517286.jpg","7a4ab0644b92e5b77c8f44826b78816f1a16a86048fe26847b8b4a36d515f687"
"56523561.jpg","44e445b80a063f20737f762810e3bc6d3264d80b08e8fd997a6a5c4d14134f1e","56523561.jpg","00f06de6b9b79a6fcedc3a712ed0e11de3bdffcda9fed72a956a3475705fab49"
"56524439.jpg","9795cc457e0ee7e57cfc07e99dabfa25c3541bf41b8d0d8226be82fcc9f6b9c5","56524439.jpg","e5ed257a9da6ea2d402d0a9a4528f17b3f7f90170b130e40fbae5839e39e7154"
"56528898.jpg","2c0014ac508713476feb93622d6b73e6264ad8cb59a85a1acd03125606ac8611","56528898.jpg","e64823df51092b045d404954de939df3c6f08c21d841cb8c9d56c2c0f3b08b44"
"56536147.jpg","644328f88a02044ea5c3154abab5d336eeecdb8b933ac1f7e60ea633e3fe1c83","56536147.jpg","2b4ff4c058f5dcd925dfb3053a3fc7e5bc04b5a33430bd3ce146e31440bd81b7"
"56537739.jpg","7b182c2b69c0c3a18a930f4131046749307cb1b37c1840406aff5a56d8fd8513","56537739.jpg","98f3ef0e5c48b9f3efdbde39c54b19fcf38851b9375924b62645960b1ff64a38"
"56539244.jpg","638ee5c4b2e1f93d375a5e1c25549e8cb29f719e292a415023603c2e18e6ff87","56539244.jpg","2cd30ff3da78b0760fb8b191d32cd3017c5e9256bf10c0417192fa2dcedc3b70"
"56542882.jpg","9a5a77dcbd0fcbe930d85e02f01b7417fba27d37bfc77383a12afe33fced2b23","56542882.jpg","6565b062f98665e092c98b618834e6dd7649cedac4f1c28be923ad589ca9d9df"
"56543061.jpg","55a7b7f4c56d6b86cd4f5795ba09be2870958e276490a89ee32a7303e6dde807","56543061.jpg","f287b35009d8ec249ef0f52da89f246571fac9febca2a4338cb0ff9fdd0dea85"
"56543183.jpg","2c1ffcc8a65a49212c6f7c5d63f9c789e2c574eb65b92a2beba671c87d5cad88","56543183.jpg","ecc6871d986899163c7c166c61a831c6b473ed844564f00d65812d01bfec233b"
"56543680.jpg","1601a0664f49ca76bf43d812743d16caf39d42171a796a3833e71339aad05359","56543680.jpg","8ce5b717d1bf63b63b837d3a12b32d5a6cd95306ecffbb07295c08660621d202"
"56544268.jpg","e41b1831715eb69a9450f4096d2b2b2e767f5db6c5489cbb0334e28f5183b43a","56544268.jpg","e685e093b6d09adcd18c017ab0c5ea608ca3414d8ee551ae7297ef2a5ffdee49"
"56544326.jpg","9b1ee6f981d02065de222c08f61a8df3b7e1cd412730579e64e78671a359cc30","56544326.jpg","35ff467ff94126f0df820b7c858cf9bf400e06a7111333df86293c942b71c1d2"
"56546907.jpg","09284cde49bf1db6d048314c292c6fec74c60fb91e6879a9b815853878fb98b4","56546907.jpg","79140d619de91bd4723cc78f5015f045c022b917c212482a67df5953d1f80723"
"56562784.jpg","2a8e50c9ab6d3493afe752564a6a4c100e037d2f7641e8d1f8dd47e8022e8a3b","56562784.jpg","6968ce7528dc1ed0c6094837afa1455f48742ed6ddc965dbcbe191c573aa6cac"
"56564831.jpg","58f9a75828e1dab0564e48105ff92437059883cb3df396a5c19c300db5a93b6f","56564831.jpg","07d1321a94505b3d8a8a2eeb672cbbd02f06f242431ff644b614519d48a71d87"
"56570451.jpg","7ba201df87d0a12799ea63180ef41d95a0308db9f1d7de330e47453799900fb9","56570451.jpg","496da5306ce70f8b560f8f51b789dcd970d489fca2267ecacae292c783acd0cc"
"56582685.jpg","e0dc46dbf4d7b8b579c551dc1db56d760e0a8acc5150951ebbdf646e41ee9843","56582685.jpg","a4c305492ac7a9b79efda3b4209a2f1dcda251b10697a870d6128c056f58f4a6"
"56592605.jpg","62d9356d454171f7bf29b53fb2b567084d7793bc7abea8713620ff666bfece27","56592605.jpg","7b31a448b502381cb77db2e92f79418470a2cc693f4c086437c6415f415b209a"
"56605190.jpg","6af54a7e2ade90249cfd0b9b832a220890f48f523c05789ef324bd77c46ccb78","56605190.jpg","97c37ee5a99c3b9bd7f6ad884d6dbc5c406b196dff0b3b9298c877e1ff162638"
"56628533.jpg","e376c844a653765a044112bfdcedaff1a64065f837854658e5e3afe5e912dddb","56628533.jpg","0d2f9f57656e8cebfbe346faffbac30d469d91a69ff329130e5b6c2f6f6cc131"
"56630516.jpg","756b891b55496be2d722ae830b391dd78841811dedb41ea540886f09552eb2b3","56630516.jpg","355e345751730aa860bbfb5df29f3ee9537edb7671a6ab5d935b95577d4230b5"
"56631570.jpg","36dffe5cd9eef116ca591a525e229b831289aafc4784ed31fb89a379c356ce08","56631570.jpg","5f85c0d57cc276e730f92f4a67fb759dadcd52bfbd106f9b93031478c0a633d9"
"56644316.jpg","37c94fcb1f7aa06310ec5b0bcd421d3ad562629af4bb6ef1b8e97d3211825cba","56644316.jpg","70ed547f87413034bf4dc3be417f97509e46a1c1450c6c09f93bfa0468137e7c"
"56670651.jpg","af13ee223de331075c1409db02b421b138fc15d634b16735bd29f58e90d3c319","56670651.jpg","4df37d49843fe4813b315c14a21536b5071e61d142b2daaab0bfa05aaca4a5fc"
"56673189.jpg","ba665d7c3920fff78c82210baa57c0e3030e941b811885c34ab199ccce39a304","56673189.jpg","b3687e698b118e2972edb54e36e003749d5e91c24e216f1e99fd1e62afcb8fed"
"56677034.jpg","9d29a56a9bd2e133a9ad7d12368b47a2f830e65f623e06a78b3cdb3b643227ca","56677034.jpg","c5cfc3dfeacc87f631a3935f778673fc018727efdc0d4ec1ddae36ca4c3ea23b"
"56684477.jpg","7856754f8d3881bf31270fd40c26f7e77730c278531c0fc2a15f7ac0eeefd487","56684477.jpg","8324ad12b867764349e694cbc1b3941f0f55778d9d7f6d3c40c0b65b03a747b4"
"56691740.jpg","f2bf37dd86c91ea092916f0c041e9dcb35097bda40577aaf622e20cb7cf0e3c9","56691740.jpg","8ac70a608f68a9464fa6262c0de76d326f099d2e3f3a1e027ae54d1270df6249"
"56705739.jpg","a85f7cc5340dc5675d8db2f96161ce04fba1df8efc962681a4516f5cb7a6648d","56705739.jpg","257e2f9b146754f6bcfb3f5a0c765415d9fb599cf04de94e431ed0f9b804818d"
"56719604.jpg","128ad2bcca42ba9614aad0267da55abc02a3862e11c80222ca18b566ddaa363f","56719604.jpg","0e46dee19cb7e7defc9bc13bf24fd0076bff7e769d58195964e58b6a1a27902e"
"56728853.jpg","20bc07321e7a6ae418fcf6866f055d26c442ddccd7890c3ceb7e6f40ee094a36","56728853.jpg","d323e85856f56af4217db0adb16ac199539ed4a765761983a9de6c7e9ebf6e50"
"56747631.jpg","b6e68c009e83fe969ae2bb1d04f8ae133f3906f3b32551d6e3f9897cb6dc320d","56747631.jpg","9797e969afb3605c59fdd661ebf293971273f4602b7733e3dbb3afa8b004d80c"
"56759078.jpg","4c0becdb51f34d7b0408b08ec7dccbaf91524f28a128c16d6ec6ad2dba3f032a","56759078.jpg","e6afff3aed6b3f497914658682097f9d2ce065625b890d037c8e2c1872640ab0"
"56765109.jpg","921b439b9faa3af63afe8b55b05a625bb759ecdacf1cd5b5cfa035fb4dd17f6f","56765109.jpg","8476474c0df1caa08d592ed1cf0259b251f883293ee50a2ccb6579c2cad9b6dd"
"56765199.jpg","3de5138938e95f08d615edbf8d1a433aeeb71936a895d08dc7e8725be058ebe6","56765199.jpg","02a3cf64fc13ee22a78482baec8e902de49923234072f0b5dbf00048c2f29f8d"
"56771122.jpg","b61583e7e02822003d1111df2189022ead59564d62ef103cbd42cfc044052d8e","56771122.jpg","203fe8b631a878125f570965d3a81606a673e96322eb68aa7975eed01c817b37"
"56779558.jpg","04122b48f943e87e3a2c44f327d2a6e0a095f8fb1ab4f6d2b735743bd9c87c38","56779558.jpg","1a3153b9ea8bc4727f23935c63bef53752d4bec8fb6f49f013d20ed0136dc043"
"56802971.jpg","651bd4bb0d039ba769f07ddb96aa58b9389fbc19a764c35dff29b6f5948f74c7","56802971.jpg","3fb4ff13192f1f4e1aa0f8e42ba0d75a6ee58e59dd0ddda55c03b955b4adfe97"
"56809466.jpg","4968e1f44a5955b3d7753293daa1f9002342f6b4acd9dfccf7f2f07e3ee7450e","56809466.jpg","76f7338cd6530ca3cdabe3545453864f9a3d1c64e6ce0c157b9b881e7e945bdc"
"56817930.jpg","a7576270a4a2038167f0d264b8bc6dd2bed2f3d7f421a719393772c00e96b922","56817930.jpg","76a5b0ba1d8150eb77b6bb64ab616c50375b366628fd5e859f067d713c1a953d"
"56819681.jpg","341f11880d05096a46e22ebf5fab466492b6bb7ebcf7bdbb9e57c3f7b054018f","56819681.jpg","49102c7fc6ea0d9c8322d55ed9669c5b7b6bec01801a0a50b54b3a118a66b144"
"56821777.jpg","fff5d85022d15d3997de84dc58f78c3a19a6728d2b52d97387626607054acc86","56821777.jpg","493ffaaa3872f9b4d3905479f271cf95ecf3836396c8fd106c176fc059baae7f"
"56824136.jpg","e0968eda65f35d312e5880ffac0676d1b894b652f3f4083136b51fac7e8be9a2","56824136.jpg","8eadeaca24983b19791ba2b0564dfe358815d008ea2fb945432cd0a7fdaf2b73"
"56824491.jpg","5790f6e3945340f50afe43efc32b629a630133ed3a724f29008c2389b1f65b34","56824491.jpg","aa32d188648ee08523b441655f390dfdcab81accb9b5754d21a08e4f5b81c93b"
"56843676.jpg","a7380d0519181dc09557dbdbd611d27038eeab0a7a1618de77f69feeca9fe79f","56843676.jpg","0f4049e9c3571340f80907ce7080f71c92c7c77e5650b24dedae100aed2db84e"
"56855330.jpg","1d1c3d24583e35911b8971a75efe36047daaed836954bb1277a6dcbedd4edac1","56855330.jpg","45bb414ae54a2cbb3658e1730d44e8ef846a9188738a996c73476caba0113b22"
"56865614.jpg","ddf753cd4ee39c76bfe8e039655714034fe442fa7ca095419164d9beebaf9c79","56865614.jpg","2f0151d8ab14b6c6abd111b9be89b010cfada7351c7a215d18471bd489780860"
"56871190.jpg","e21bb3c2faf91f168d13cea3aa817b8b95d107b321e299c1e19def7970cc5913","56871190.jpg","d31a5b3ff2ba85d86109c3be32544a1f12a74fe8d8da5e299b0c11b71d905f19"
"56876298.jpg","63db876a182884d799099fc5a43c4b8da9cd2ad06d502e577654bef932df7ed9","56876298.jpg","0cf274e9d7c195e96d082c81df61ee12e8117b2429eaef87824f475f4b025705"
"56896243.jpg","322caacbd596d195158558d3001a58621f8aa88896b4c0ddc9d7ea65bd4164eb","56896243.jpg","9b2f41abf6e0e529b8826840e1a4837bb5739e6bfb10b63a8fb5bef2f834fe7c"
"56910670.jpg","9ee0e7db9e63853720a1d1b5e68b34498306425dbe13b411ed4e099eaa4488c1","56910670.jpg","ca0d3450ae599fda51e0d8de5e7407113590335d8a8141aa9639066b10045120"
"56914222.jpg","576382262b39afb815f6be5438c59176c5f8e8228dbe1f297d43375c824af0f1","56914222.jpg","592ca0ded6cb5edd810392480477fb187fbfe41fff3fc7daa32598e829d62c96"
"56940766.jpg","43b3d69cead9e5733d33e691578cddabd403b8de9bc05fa80b56fcffee903d8d","56940766.jpg","873d71f31d55dcaa1446877e80b08268a7ab6e7dc600df4317855a728b9ccaa9"
"56949771.jpg","c99c07c7e0674efa928569976749fcff8029e6691ed3816281f62f126dadfea6","56949771.jpg","c85bb0b54b5f60b5f4f6a1f7967ff0fc0af3fc0261cb7b227ba4f93d27a5f56e"
"56955942.jpg","984225c95b6a70a0718604aca91ae364ebf71c81b9cdd963d052650b2b119853","56955942.jpg","2ac2ee5975c23bae27263e0512c9a5e478d44a42728264697bdf347ffd6cc404"
"56967202.jpg","82c573756c02201b022a87f070905203452a7e534cb18a7bf4b1c9722e2d4dee","56967202.jpg","ed1e547e2734fa48d18a9d6dc9b041ad41dacd8ca0a3226c3a6ab8b936d7c4a8"
"56981923.jpg","14418c637c81108fb31c9fa2d24c49f7724801573616cd5395f8e129007de5e5","56981923.jpg","204a561669745f844f284dba68209ef16b80f284be949c654b4db53862c39b69"
"57008261.jpg","384bcc1d1b30834926eb08b32cdce5f826b2255ecf8034976ac62de680898c88","57008261.jpg","52be70b05ee86570b0f4309556b81368ec25a8ad15791cd70ef3d70723590149"
"57019262.jpg","c7a08b4e8f7815e17c4c90a1caf7ab749e5843857e8bf8e852c968992c01454b","57019262.jpg","e4b43450545ff776e8e97d5e60aaf41361b6049a42b3ca40b6229a23a218ac27"
"57029622.jpg","920fbd57a82faa70d5809b4662074540628457519093effca468f11b75abb569","57029622.jpg","50cb23a09b027401807de52a992a5dbf3d5c7c6e0ba9d549e8da8256327fd9dc"
"57057949.jpg","1333c661dc4f39115b00aa090034f8c13fb91d8295e6b828299a1141cc2bb8d2","57057949.jpg","8a85bc5cdb4dee65ef63844c4ef7fd8fc8ea9e08e2048b734e01795e823dc6a0"
"57066862.jpg","337ecf5cb41ba7ea37021c3b62d98bf9b9778112baba6e0d2f7a43c27da4e12a","57066862.jpg","9d0429af0f1bba680f57ce48507090902fb499b44489ec2d02cb28c2da1a3ccb"
"57079284.jpg","921eeeb3527847ee05d02fac57bc0cbe6e2dd85c355b7eb5ef77caedc77b66ca","57079284.jpg","ff4099a88ee5b6ebc3481c43487da8fac22aece57042c7759ff7cda126cd5f9c"
"57090235.jpg","c1b889b806ea9df5cc6011484d37723ffd199c8b2fd43a5b30c08ad1f512383b","57090235.jpg","a0182d72a5e1b2dc7bcd55f09bd38129f1c5863f5982d5483d5a39ca3b462df5"
"57106596.jpg","dde4eba259d4d8d3b65beade94016089a7a38c4150031175a39cf42e970c9d35","57106596.jpg","8d3cc827d779dc81a53172ec800260c44e594122a0c03a331708717c7d78c392"
"57125500.jpg","30e116e2bb634e6bdff0ea785e62c0e4c98be36f180bd48510383719b5905871","57125500.jpg","aecf66558d4f010763a4e3eba798767139dd2eb3d38c7b15b440937403236d11"
"57137814.jpg","7be2b311e426ba35ecdc32e0acbdb504a3ee0e8c46daa470d5b10b7ef219ad0c","57137814.jpg","12b8654ca598e3c38b1e25532f213abef8280a4918ed8e2edf3f0deaf9f3ce28"
"57154543.jpg","6fa222a7a27526aa2fc20f350486559c5e321133f1a9208939db599b960a4470","57154543.jpg","8ffa8dd07982a9af54f30f15a54a192987617d74782c2a918cc166c770b6abd0"
"57156817.jpg","0d64cba6f53fe388c6db9fd4b08e0bf1ae7be5df9fa5ff324072d35194285a02","57156817.jpg","d2dc4f183913448ffaea810893d83d50544b395b53f03991ca4d136a0f462fb2"
"57180442.jpg","6bc30e55492dde546c71ab3436d6d443d9490d4e93000f0a0af7a73b0426c846","57180442.jpg","ab923f9a6a0850aec048457bdfbc5542c4c7d5688e214a3f672ac13fae96ac7b"
"57190118.jpg","cec2c0d879e00d2a39a7df5ca3b84cce9fb7983e0a693898ac7d66a09ceed6f7","57190118.jpg","df3e64fed5337428fc2c90673f74e7ac7709961bb206435f921fee18cac7ebf7"
"57205508.jpg","62f6507b88f301a06ab0497e91632037efd7533f3243dbb4bc84f25cdcdab25f","57205508.jpg","7fcc2a3514c914145a6011a427d26dc99ad19846660d525e61e8101aed08dc56"
"57205511.jpg","c8ebb08a3fb0aa1ba168ef65a528863f6b32b7bffbd659c07ef3d2bcc8761854","57205511.jpg","6f0370e7bfdef5b7054ba8ac2d1256d0c9f7da7441834d86cd54c595ca5fd6c0"
"57211070.jpg","b8bf296ba0de25ba78003b980d9415907b4f04fb86f688bf3ac679bc95a3578b","57211070.jpg","5b4c23e4088c0e035157d93d70fb894b878ceeea2a22f01b101fb55441a044ec"
"57212564.jpg","df6f60d9d71631475c6c07b12904465c1b2db94450a45acaa3a32d7ee718ad34","57212564.jpg","af3b06a50e0830fdc7bb114cd462f2e14b25860e7539bc3c0ee1c3ee9ff5c338"
"57220459.jpg","9c54828d20ad7e181dd1c43cbf5d2e1c27c0d672c2a0928aab94d822c2036fef","57220459.jpg","81f3ccde66c956f8f221d3f1ea49ad363071ce6db01e40aa84ac9cbd3c1dec60"
"57234753.jpg","b195a7a97298c440dc0a2889ddd5291160674bf9ebd0ecb496f02470b707771e","57234753.jpg","510cd887587f060d03a8785726414395f44cbfbc0249dfadb5306b8176ceff6b"
"57253923.jpg","5e3086248ccb4b7c2ab0c65a67955c0a239a97c97205404a6547670ed5fcf62e","57253923.jpg","7f7f3b41b7bd4156fc57bd28d0e1fba11568b25e12ee4ffbf9589ca900afd4fe"
"57279886.jpg","fb96917e799255e186635c8dcaa5669fd440cc5174e9ef3278e48380b40d9d9a","57279886.jpg","bfd793e6eaa8dd911a832415bf44cf115c599e677f873688743882cf17691f67"
"57298173.jpg","057922864f7a662935333545e77d172d6895bab8c08d726405f0e2e34ff4da2a","57298173.jpg","955e8181a96cd2c1977a0575e2e28292c1ee9142b0bef75bef4e6fb622ffb153"
"57299451.jpg","09a741c3997ea373d3d34eb5656940ca23cbb74f59368a567c1959fc4cbd27cf","57299451.jpg","b66582210ccd064852994c1a9d9169129b1cbe724d4d7e246291f87b9277a9e1"
"57299620.jpg","4b8bdefe8152dcf7f9547f72020da78e38f70f39b2c5c87c5a58f8c7fd54babc","57299620.jpg","c632daefd787a5ac9a1853400d4723fdf973eb969f974b7417594d25aa3b52c8"
"57325327.jpg","ed31be80e3ee4903e977d2103a970ce89e75787039e404f740a066dae7e974a7","57325327.jpg","749f035e70f87d1453851ba25521008bd3683b6a22e451d48a1b4e0953f83013"
"57332653.jpg","11d7b55b0339b0abee09cfdafc739a0750f458ba38edce12be7775a9d68b9584","57332653.jpg","c26979ab1557e54ca8ee37c63e7dc27b112d07442b0bd75905df25208320229d"
"57340113.jpg","9a002a693177d3b55b707eb8430cac72eeec14fb5430e8eb20a6f6ba78ad10d3","57340113.jpg","96fe636fec9c9519f5fa2b9cbc45a8434a5b9e1a89e3a020c79df7f8ab5f85bc"
"57343508.jpg","4fef6d2213d672eb0db41e2ada5564ea71df6c2fb25b02d8f9edee2d4bd766bd","57343508.jpg","8632fa3d207bf816c0861444e7f36e86ef03a7211183573e06d841aea459faff"
"57350798.jpg","6c19a1f3fddcb47ba987fcf1f7ae032f44fa90003ca02bce3eaa5e385f6312c9","57350798.jpg","69679c6b1ea9335191b75efd763fb9037c90386fbaff2334f7cfb3d7b063b7eb"
"57360485.jpg","5bb19fd698f504fc580b98cd6741da893f47c79a94f4aa66cbf7b1facf49e0c8","57360485.jpg","66bdb5ead37b3377bdf1f7a346943646606728d59e572160627e72f4ec5ea793"
"57370736.jpg","a8e3971c95006d00033bc7b0a82c73dfe0caa553393869d5737ecdb5dc6fe5bb","57370736.jpg","e9182c35e88734d0ab1c128481dbc816eac9a1aab4706b0a75a7356de4b0a439"
"57370751.jpg","da01fe14eca735976f1157197c556f5b758dd5cc4ffd970d885d0f0ba58a3396","57370751.jpg","ab8c363913566a9450a0a2d5e3047d97308181e2e531d50c6aeb54923274efd4"
"57386799.jpg","d3af3351d1eba641df02adb506afa4d6fbd78472d5a604cd4ac4c437404d8299","57386799.jpg","30b87b826083c2a0585d46378593269c466f612738531002df4cb998dccd801d"
"57390393.jpg","47a11aa031bb4300408f24830e455ebdcdfc175a68e2db91c85a2f6cd88d0bb1","57390393.jpg","fef7f49edb6970bbcfb758d8de8647ac06c2435099019f3f6cea568beef62939"
"57393108.jpg","314504b288dc965ed7e82df823f63f71845116743dd5b0e875998dd5fb949df6","57393108.jpg","85414dcd6887d69e82382530cf720814912af72b78fc1f82d109c06d1114a62a"
"57395880.jpg","437879cbd7182750d846a49c337182e8f4e156025e2b96bf0f2faf19b830be42","57395880.jpg","8e70661fd14bc7c021f6dbb2b51cb566ff1caf8a83f2ba954fe5adb2e62bbc35"
"57431870.jpg","e650b5474a429d805b174a7b584765a053e52f0f20c803e8b278dcb51546ea68","57431870.jpg","90f45437f35c9f05963bf7375121ece775a226cdf3c4ba4687def954d4e18a01"
"57453889.jpg","f51c54b0743715993c8f41210b801c9587370c999418dd647ea1455f93bed265","57453889.jpg","403539ce3f0d2799920079b81dd2c623c5b2bb462c229dcf910039b7127a269f"
"57455111.jpg","efc9a60e5a30a0b09bdb775c6724aecac0278355f308ad6f5c5451ac375158ed","57455111.jpg","6a08566243bcfcec8913fe4c5efa17331946b2cb576af69f13f082fc4330b05b"
"57469388.jpg","0152deeed04922a39e31e841b0ac3c48ec161e6faebf63b0399570abebc3423f","57469388.jpg","10bfe5857eb39db828ed647de7c70a25a6fd1b8093f88e4e4579c49b54185394"
"57481715.jpg","e09f1a6eb9f267fd12f68a2ac1614c0f07f69c20062bd4adf2e877c03c5fdbf7","57481715.jpg","4c1005021af628ba83f1b0650c363de140ba694b642daeb8eb8cbc1bcd1c5599"
"57489521.jpg","4ff6e39704a46593a2bc0888a8f7ebab461f49c347bf6dbac2cd1a573c5faccc","57489521.jpg","144ca6b1fb35391da15e54af5d0905c9fded66c72b346892e50ff489a0b8d010"
"57494528.jpg","c0a9698d1bd3101022c5ea135983faeb8cde5d059573c674a3163dc5eab8f405","57494528.jpg","d72ca38ae94e50d8fa0953d7a6d7fb4d9481761625e242fafa25ec0ac115e00f"
"57496057.jpg","86f02793bb98dad4a08fcfb997d92e881981a1569b33970b5923719aed3f739a","57496057.jpg","e714ab504114d8854b3e87c21a1965dd2a3c6f00432cbe831e1b75043c8f8a99"
"57511720.jpg","68f22af40eb89e41f56aae964c58c4d8aca778a3008c7cb1517649991f70fe45","57511720.jpg","76a214a3f32ab6191445c89c9588fa8e1082d824b3f751c72e19070c22501682"
"57524128.jpg","d409cb0c81f86404c253305f2bf23c4e7f330537cd086ed10ae64d5898a3a36a","57524128.jpg","89dc267a604e6d3f532004862704a83bf550d9cbafc5f43e75719eb9edbf13ab"
"57527095.jpg","eb10c560df601606242a2e594a3781f1b405df69aa37d36646ff14211b6926b2","57527095.jpg","4fc0827162bba99a9e45d4c96a3516ade0d1a49c039f2576cd6ccf8c3b9680a1"
"57547325.jpg","7c731697b6e68be7846fc5b92044ab05ceb85b0626ce8df0eda865aa8b757f9e","57547325.jpg","2a4c8dd1332cc587fa2e1cf3004bf9b63ca1b59792f14337d257169bf69c05ca"
"57592114.jpg","93f9e586578e9cfd70e39978f5613178f6dbb45d6244edd861cb28e52b3026fe","57592114.jpg","bd193e38acc9181a3fdd6f10775994ef6d2938b4c262c74a7e8b97da4900a595"
"57613034.jpg","73129230f0fd6cd0e86c92c7a9eb5ec46e7657029be8a7f908f34ab76daa237f","57613034.jpg","fadbba511387fccdbac494af71907fc030176a9bd81fcb7e2187240b1273d7ed"
"57613478.jpg","2755276cc27cb4679fef19986a546e776ba9e877ec1f9c0c55b1703a051207bb","57613478.jpg","4a66ec2f781e89d6be0bd7b69e289905e58e439c37f22da876f278c26c10c6b9"
"57613781.jpg","58e7aade5c989869ecbd135f18315eea539ca635de0568811339361ea20d82dc","57613781.jpg","820baf3722fb2b1c515268aaadfcd5b096c0fb5fb0301db0e9e4e100d33636d3"
"57614657.jpg","9d7d777e4a67dddd1ce9b458d49cb9263ff919b2eba5915b9dd33f0f28e9ccb1","57614657.jpg","778d48d1bda59e61c35ed7ac6c6358560cb9e88b1de23cfa434ebc8ca85fb25a"
"57626300.jpg","9c12af7fcbf601bcb5a43aa40b6aeea92fc3c871d1ecec6dff0fd72941eff52a","57626300.jpg","e08faeace020197707b98128ce7f5a0c75379ae2dafc6d32da9c8187238019c1"
"57627708.jpg","a47e13b6e91e46c4c54f4b60a5c6971609e8cec318e020c1b85fe45102410f4a","57627708.jpg","5ccbd40e34fcab1919d183d89654a4e93143755f26a448bb76ee0e8705be0c03"
"57627737.jpg","3aa751092660fb065af1fe4e16f4eb05ab65602eda81b691cd0c13dd04c0e1de","57627737.jpg","29f56a179112849ea35e565a92175d95e8695e9e6da91ba331c0fef94fcd2372"
"57636726.jpg","2a016e527d27ab21979a45c29d0dcee28bda4be0802677964a044672d0162d1e","57636726.jpg","6f7ed1208d4152e326159db87a08b61fff53005b8dc5598b605d5d36810f3914"
"57639221.jpg","aa484126527215ccc7a26c443cf5c429c204c240073fe8790c8cb43c7e03fe43","57639221.jpg","096b0b852352045c7c63eb818c280bb6161c79cbe515efb72c96683de5cf5d3c"
"57653654.jpg","d8eafd85bfe65bdf82b5233c4288e8937ea6c3c6dfe0b2325a1b5043fa9b073e","57653654.jpg","bc1559f7f0aba6f0d9e6de595f196a55ee0620b9dc0501b873fe10133b3c538c"
"57664526.jpg","a36bca8accc8f1f2b583d70156f63071f0fd2065e8bc305b771f8bc0b6be00e5","57664526.jpg","4ee131f6a659c0437c93a450c8ff968f3de2a178bc0ad54ec6ac5ca9436a0881"
"57688526.jpg","b5bcae3843ec0a628eadf422458bc0eec659ea281000d86f896b224c542b3a3c","57688526.jpg","20d25e1d976115cbb902523f5a643531c897e9db72626ea4c51637451b09c1cb"
"57691073.jpg","37fa8f41eabe89d46e93570e517f58e63b49c006e7f2d72c8384b1ff2d84f491","57691073.jpg","e0f285817cd245447758cdd4e614fc07af52682ea246afdafe189bab722d4677"
"57718525.jpg","ed7e57c93229ff14b0dbb2b2ab9f0234648bb939adfb6183c0d719a0cb476f36","57718525.jpg","95ac908e5f65c8961a17e90116dbee67581972d7eebe6f77a33271129cfb6f5b"
"57731527.jpg","e72d5b79a71fa59af012753ca6141879c7aa9bf44158594d888c7dae7ef072f4","57731527.jpg","8844b90474f5092e60823a86f3fa0d03e5cbd9dd2d395951b1908fb9cdab3b7c"
"57731558.jpg","38e38b0263644e481c2f5c57b011b4116f7dfd901cdb8cd02fcaf2bf8f6d64fe","57731558.jpg","a7f9b846a526d46bb580c960d6bf5ca034b2d4cfc97a5edacdef93e4a00964d9"
"57742823.jpg","ad84c9116363a809a048f7eb11cb06013c0cb36c21df0dd30ce40dd10657c97f","57742823.jpg","22e409e4b6bd0d689d1473bbad1b4a47b9d76cd5750c43826985202c29203441"
"57757632.jpg","754d1caecee018d69b54ac484be8867f5e998d10e867c96a6160780941854c31","57757632.jpg","e2109fd7b1ca322a88f80d14432c6f2a5bc44e515a4afce0f6e9c9fd3c5ff521"
"57757707.jpg","2ce69f9dc140fe418b0f71b899f07c7495b31b0cbcd0b95f3fa43281edd3cf43","57757707.jpg","78dcf7bfe60cb23b2c8fcde56825eaed49fb0e1af52b13244a663133d2283745"
"57757776.jpg","680f237b85d7b6f88409abead71d857983ba1f6a165b41e1a21e71a36975f2a5","57757776.jpg","4c8e0e871fa97da566619c5ed84ef479636a90314e97c5404b08cc5e349901b1"
"57757834.jpg","2532911c424b710308a42fed35560da10b8eb53765e1aa1fae06fa4a24d06614","57757834.jpg","f6f4549402fd104e8110315b726509b8caa5bcffb9aa2aa9b30c522388bb7c35"
"57758164.jpg","d44511195ea4de07eb1584921f3e48ec3246e072477d3e02816418f42e4e7ab5","57758164.jpg","a29b517bf6710e647fa0b114f73a086137fec3818bc26acd625685899b292295"
"57761794.jpg","d762f8e99686e3b17acce81085f22c1ed8b27d4b7771734659ec6146491c1640","57761794.jpg","8e5a3680a2df04eb82bde0f2b1c5ea3b096341f5ea95015cc50e674208301633"
"57763015.jpg","54c3f0156ce7e9a79b1a10816ce64d7bb3d7c5bafdb883fb2e19ffa76a20bc73","57763015.jpg","271cfc583a8cffbad6a3cc3598bc5c3ef77479d341bfd7bb98ef8b571ecf40cf"
"57763029.jpg","5a77ab48883813305fe6bbea860399c177dcf0af8ddd3558eec3df56074d5316","57763029.jpg","8edc16f612f2d5214d9fd2c92c6539944960d332ef8c9c593716fd9de864e24f"
"57770028.jpg","95d03e10a73355cb344bf3eae51b9e325f8130b5ef91292c33ea2b7e22271368","57770028.jpg","c9c1deb6a219363301b1cc3671781dae5d715d851188f29de42ece5cc073a3bb"
"57770145.jpg","48b02cad68a9857a52ed1062df8b44a339a00a826e10c6dfd24a5cedacf4614f","57770145.jpg","5bbbb562a21ae993c799a071219a11aa616e20f0717cec58d7c9a7f467cb9236"
"57776730.jpg","74a0b336511175823ec9daad9d9e34ab373fea5c3b7fa6ffa7ed6a91ae333bfa","57776730.jpg","a5e41556236da646ce7fb2fb3c6b2337d5e09f2915ada0021ae86591c222a072"
"57777144.jpg","1dee45d109b58dcc9148c94485a3194d3f04a1a6cffeeabc619625feb66b0ffc","57777144.jpg","af91e61d431d17b9372127a36bbcb87fcf4a8978e65aa62c7e31270c6f108ad5"
"57777600.jpg","bd0e21e3de42d5850ba602956c67fe0126193b329ac495b9f053dcb5858c85e6","57777600.jpg","850c6b7bb3e943167714207283127163f02606b8fe51fa5549481b84cca7d5e8"
"57782376.jpg","61ffd838040765a9f324098269b74f1c1740deeb3371c1fb42b32a3c15df78e9","57782376.jpg","ba76bfd3a5265b592d5c0cc2df4f7d00553ad3fcad1f5d4df3cecb3f57827913"
"57800489.jpg","62c5b74a192cd806d678d381994e17f9f5220ed144b3a70a8392521e74092235","57800489.jpg","231ae5ff2f6ccd4b7bb62e9e4efdc290bf414b91717b0323843e949cb99519dd"
"57801192.jpg","cda3b9c504c52338144e46b67b898b977cbacfc35ff8485b0dfda7031b0be151","57801192.jpg","03ec9943b8470a14e6b340ba83ff64b773c16e2928e9edb440017acb79aedb84"
"57804693.jpg","c2828e2146a4ea8135058b3f073878e7878288e4128004fe1dfd956682315e15","57804693.jpg","ec2ad2f62c05692b0575457afc12f12ce51329e7d3c0217fe323b4ddb564dfb1"
"57804818.jpg","7708789e70005a6a43ef3f9dd89eec282e90ecc1fba57f971c7549af34aff188","57804818.jpg","ecfc93dbd84697e62757e5f640d5371e7a29ee569d1d22ddd863b87c8d899c4f"
"57808444.jpg","4eac4fd7cc281910daecb74e37c4aa8a26d8008c09529d31617c03b8b05a110b","57808444.jpg","640240ea51334350566d4772785eb91f4e0125687d84cc5e120203a44b1418d7"
"57808503.jpg","d4f3d2614051438bee7d588ac452f42c1127f2a6ec85e3c1d2b36cddd656c17f","57808503.jpg","ef5cf639a62442ae8189bc2ab69e59f6ef91aba5577ddc987477737c326fb31d"
"57837988.jpg","ba131f379408c21a9f99c77c0ae3fb1eeddb93e40f60d1faa07767cc38e5d5f7","57837988.jpg","eff9f9201c55e87674db9b9143d4ef42c4434305c94cbe139a47af019de6401f"
"57844134.jpg","a30ddb5c51da35f3f7059016fb70b7f268e4614fbc4e2160833343806c6d1564","57844134.jpg","ed54689b5a84d01a984757496ebc157213014f852e3e6831cdbac8f574e35d9b"
"57849530.jpg","68c856bf84d76c1df32f8ae2fd8b4ca159788922450dadd69a1c75e691eed957","57849530.jpg","9e1b90eda8ba3e72fe369530e3ed0fbedf067a3f357b165c7d05c54815c39fae"
"57855183.jpg","016b054fa091605b1976a2f60c6005bd1899203257a6b435d5c84a2bc3e689ca","57855183.jpg","10c1017638462e7ba7544381b2d7265befc8cf7ed3c662641a003c523b4ed0c4"
"57865192.jpg","aecebb07554f713b0f26aa9ea7a0b397737b23ffc5121dcdb988da6d9c204b8f","57865192.jpg","f0045a7d4d3a5f44d5d082036d2963bfea300c896f1c83732ff078d5907b47dc"
"57872960.jpg","7b71175f64edccb5be2d2418c68ee1816b38ddc5b700875e5cd71cf2561b71a1","57872960.jpg","cbde2bd1215649ee6820a063b09b2508461d55b7eaf77097125483fc083cb903"
"57882471.jpg","c74aee4a2806aa03798e61c65ab4fddde8fa7de445c62479685731961e4ae470","57882471.jpg","31faa5da9126ba860aa2d5e5730022db613b95efb5981b58758be653c94de777"
"57882625.jpg","6d414b5cc5ff6aa84618e26765ff49746fd40114d41286eaf230cc9406d59f2e","57882625.jpg","7fe65d749da94e894cecbce3be56ad72274bb5a4ca4fe44316d29f0c1328882b"
"57927632.jpg","7d7245459bd2ead81e7dabd80c1fc4c295e83e8f8b332de9f7487a8d3f5424c1","57927632.jpg","793132167de29730845708e774bc0987fb4231a709d47a05ae98e20f1a476524"
"57930193.jpg","2f3dd216330c86f9c211c9af55958b3b0a046a2b2b7e44a645e2aabb151668ea","57930193.jpg","e6233b5b048221d7dd9c37c1418fae7dfc7b1786e4cf16f9f01b8f5d65394c97"
"57931247.jpg","a954aa9561ad348f3eda869bd4ecc6b72de6f3327258b9a48546b8c188320c66","57931247.jpg","85bacbb880ac3e3781f9baf45e24d55f53fe212d0fa98195ec0a52cb74ce41ee"
"57931249.jpg","c92b2f1ac4db96e64e8716b8bfb5d8dc202a588b5dd21babc87208faf7f21710","57931249.jpg","16897627ce1e4b862b46391b123d8c6ef66bbaa48bb54f1a9c91a3b45d00939d"
"57931252.jpg","ce48ea06ed77d8ddd3c3488cb9808e90a3c0ca9523b5919f3e1c409a894ad717","57931252.jpg","46d163e78f55b0652ac8b0a91fbe96f0dbe0c0e044f78c47fec0a0fbb01a2c37"
"57931254.jpg","cbdec34e8cfed70533559fb01c40fa5d7825e8a58ac223a24c27986bf3e7f0e0","57931254.jpg","653d4772a17557f3e32f8566cd10741b7690042f05cf4c7007e28cdd0798bc75"
"57932872.jpg","3fd875b2f2e541529c67616364e1402790db21d8900767936c02bc8b8ce575dd","57932872.jpg","c482a4ade726ae8fcb59649afe2114778b4ca4864288a1155e18f3918af8f61f"
"57940960.jpg","9386764ed129a8f67c24431299003258d78ccac0d488cbc0c0d612f88d9ad229","57940960.jpg","18fa4bc1305c5e413e6189be6bf6e4d67c41f217a75d295982f10b5dcf75db2e"
"57941401.jpg","dd22cfb30e5ad6464204d57a8d7bbd11fafa06fee12c4e83ea6c166c1a77f2e3","57941401.jpg","05241732824f046e79629e4867d9f836ab7983c5a3db51dec2726a4b9fa6f24c"
"57953819.jpg","4b36663c1d804e5c673456cb0b7ea7b8a18eac5bf2e30b59f704adc0aa12a48e","57953819.jpg","0b5801459d1c0b694b1edfecd02dbf1d2d9e08aeaed539fd527cb1145c03d735"
"57953951.jpg","e921315aa851ea7e8247a74bfecfcd3a4129e111d2577399e46373fd53c58f35","57953951.jpg","0d3cd79325a176d1fc93c553fb9272bddb61528d9923183fd7cc1e9a57fda0e8"
"57958663.jpg","5177b05ecdf36a4392e1b8df7b5d622ed123b255da29995d84dab6dda7d591b2","57958663.jpg","5279a1f577aa24acbf3c48681cf801c2644c1f638e716b9d0d627689481a4bbd"
"57959598.jpg","543ea30587a1e62c4e83f65db4f2edd04eea5f12613a789f88aff2e264671bfc","57959598.jpg","010c99a97d0176b6b7fd6baa5a5c82bb1e31ad7fd3c4d5ccb452e9dff6ae940f"
"57959612.jpg","0320c7f975336d5aba347e97a402e833d477eec483a19524fb1cbbd8ddf1e254","57959612.jpg","e19e08a19fd5abdabf3a67b052c785612aebbbe23efe31fa6eb7fac07b547ea2"
"57980639.jpg","ad53e8ea54d81961ea18491297c05a82009d7e90d426facd026fa1b2b1bb8a9a","57980639.jpg","9a36b0b3b4da1265286bd5005d0d0ba94491b9f32ac12035802f67ac332129f7"
"57987679.jpg","0c875a24186983b4bbd0cb2b7f2e7e85ca1d16cab07eb3b126dc59b591e87e47","57987679.jpg","ffd68f16d299d6cc5f7d7424a3d463affdf7589c8b40c576e05cc766f71b36e0"
"57988681.jpg","1f44944621b7bc29d45c59eb46fa4544036ff2244b0e42257d6775e913d43b75","57988681.jpg","d1dfe79afbca80eecefad09325b0cbedcd8c1860f0da6989f48c0616e057db54"
"57988692.jpg","e44fc4ffde5999ca7cc4a18fb86b4f388b48030e6175fc8ed4f20146109a04ce","57988692.jpg","02ab65895829898199c1f83f31788462f7fe2937020fb720dd39c5b52b8ab151"
"57988784.jpg","4687c9b081750b4c26f6de2cb8e9fc3476db160d86b71b19674ddddefaad87bd","57988784.jpg","b81a4744635213e4baba09aa4ec7321868643b375622be6665533b47c09d5d8e"
"57994871.jpg","a4a5fe77cfb145b1db2b00346696c97baf94f396bead9d78340c84ead9ed719d","57994871.jpg","cb8e7a8ca6e1452cb71b4ea7e2512e6c2a160c3ea247f488a989ba2b1c04dada"
"57997203.jpg","5184e810384b7dc09c33738a2fb9aa0805032c245997fcbc0f565e7570a62f86","57997203.jpg","06f938a82597a769996ea290005c6a5b4166bea479fdea22d4a69c14a4224241"
"57998651.jpg","f28cb39599288251ec7a5b59b03ba4b732c86bdc31b3bf6e0fc29d959ba094a6","57998651.jpg","b86c84fd440ecb1d7ef01a63b246bd07ce8c1d53bf644ba9e5e4c55c6ffc93e1"
"57999171.jpg","4314b2c99fddca2a7f530914ebc65cce695bd9c38ffef55d29e31adb2f11e097","57999171.jpg","df67d3251fd05ed525c277cf7ac8ad40b1b00a9d005a1f5fcc301ec98f426672"
"58011899.jpg","caa67caccc00a6b8af293d52daf44cc46d49f071927b9976d6eaae87bffd2a8c","58011899.jpg","35df4919462f322b4cda94168108f84fc039dd794d152e195bbc2f7b6a44f032"
"58012009.jpg","0488ccbe312b183c91b3637224b6bcad5a13257cce06eaea04abb3c8e148adec","58012009.jpg","80c11e4c48f3dd9e1c7fb06dfcba092739883f9f26bc0056cb6af6852581a6ff"
"58012875.jpg","0cda02601d573338f287ee78c62c96aa82ec47bb85081d2a7d9857af765ed3f3","58012875.jpg","5efee47e9a49d758768770d8309ac0948b266d396844e758778c7e3e2550a652"
"58020628.jpg","c6830b40aa1e3f3b15bcfbe8c1c134dda3a6c3191851dd9d95d9f122335f5538","58020628.jpg","815cfc67014e7c33cfef11bbe0800450e9f23df197e3fd05b3afd22e395ee2a1"
"58035022.jpg","9f52dc32b18555399a7e01682f871496f25b0f7bdeecddcc7515a07046a6bb7c","58035022.jpg","d8bd515710c07a30871f7a4422e170dbbe8c69df9e531f4502f2abbc085f40d8"
"58035223.jpg","b011e562bbb9c3985806bbb8a40b6f7f5caa62a004ff71047d1ba77a58354a72","58035223.jpg","f4717e6c259d561581b7e86cca514cb82be0e1733f5725453443f49dc584e425"
"58041061.jpg","c4eea7bee07b7496bc8137ce570b2584f159d449353713b59d1de0f83f6b3fac","58041061.jpg","0a396d62280600f55d0b39746fab72cc2dafd398c404f65cce3cf59b557ad184"
"58041226.jpg","fefc0093fe0f1275e8a94fd64ddae7afa25481e3a5adaea7b1bbab89fc122722","58041226.jpg","71022404ab7551ca87aae416ccfe8761e25f9fbce586cf1d9efb87d0f8400c3c"
"58041288.jpg","df629a1358d5d9d6127899aff17d3ea27759a4d5b287e11b8de965f08397b7b7","58041288.jpg","476673ccb03d5af045eb91d28b0e0e755c7bdf8719abdcab38048a5c5bb27554"
"58049379.jpg","f6901bff7522e36939d4556cdd2c14f7adefd159f4975b2ee8865aad4a2834f8","58049379.jpg","c41c098619b8f6bd8bfeda31d8c5318b16a8f9198afe53d2e4f81cb57814b78e"
"58069264.jpg","5746b106d20aea24d49c65224ebdb7d53dc36648a024a75506d38ff6a12e8952","58069264.jpg","ce1a5c6b84e15a6ba73a9f7183529bfe874b08dcc8ad7dc41bad72488fe1c6ba"
"58077860.jpg","30727f60e13be34a73f460080764dda189313810c5c20998db6d409772784b7e","58077860.jpg","ace60123e9973727a020cb1710a59465e9b57777385ecb4b48f7a783ec0513de"
"58088083.jpg","8fe55a82bf9ee4465ded7f141467594f0502a775130d1942c3bf627878ac4fef","58088083.jpg","f5401968f7c345a165b5d2206062d09b5d26f6935f3620cba5322de5a9c9774e"
"58088444.jpg","d910864497f31716b51125140385f43656180b24ae371a550a7a1b8c2fbaf0e3","58088444.jpg","91463ac2dbb1279689b67659091c632dabb627a0e7462204dd80b7136d12e82b"
"58088909.jpg","f03535cb76b430e689cfc69f4fae812cf654700ef5cc5dc14d15dd523d432da0","58088909.jpg","e551d1547f240a1fcdddabf4ee5c98ecce85b3f5484223af31e622002f7719a0"
"58094287.jpg","978ff819a5995c9fc24edd3c164ade32453b4627554727989009c8ec373ace28","58094287.jpg","02ec3baa191e82424be495d6126b3c90d618eb2722c9679211340cb6f7cb6a0c"
"58099181.jpg","58b3060560a1f413bb51e49c495c095b5a958e1d433199d3449fee07461812f9","58099181.jpg","985cef86111ee00152de4e8bb597e6855a2b836cd54e6cd984ba8dbd90bbcc29"
"58099234.jpg","8dc02ede45f55a80991ab66e17377472419ac34daac48b391f5b9a28f2ac9a7f","58099234.jpg","6145b70b705fcf6ea5e4a64a0473dc2c3e6bc837c65879d025bc180e2eb0d69e"
"58099249.jpg","61cbc88d7ce2f3e0fba4dc09106f4baf80631921bbe104aa86f06a1d9e7e99fa","58099249.jpg","27e7eadde956c3534b7bf385910c593f4422eee897a5945e0b55ec5120c332c6"
"58099264.jpg","a9c1d0cf2bece0d3a34ad2dcec4ae9b2a7fb00d2c3f02220682068bce3376fbc","58099264.jpg","0c5ed15713785fadf437b13d2d7aec05e8077cc7239375e8524293e5852cb8d3"
"58128944.jpg","fa6f60cc7ef41508939a83ade6be33be6ac015aafa36e251b63446a4bef8205a","58128944.jpg","5549f396b562288df2db393e298adf00c655b3a8375d7f3dd4c1b8056c00e8a5"
"58131630.jpg","c20b10fd4b990c60262836ec127c185fe71eb6b66c78aabf4c5e33a288ba774d","58131630.jpg","1eee3ebc39f8e93ba85550cdfa7470673156b85a56cf0fc0854d7c193147dc9b"
"58131678.jpg","090c46c249194b05a15d165932879fe0f1b85a196ed89c7903c60cd3e10dad2c","58131678.jpg","513e5ebb5c357b918bb97ce8ce9786574bbc59442fc2dc8dc404bce05c835f2e"
"58136578.jpg","10f809d4108df00c880cf028aff90d34841ecc7f43129e0262338f46a98e0042","58136578.jpg","ded4228f416d060101408c7acf332b6ff9f6ff1a66e50577bf09050d3ea9ea26"
"58139493.jpg","e20e32a1fbb2223ce55d93999ce091d5b7fa2940a64da98fe91b9c60c33ab2f3","58139493.jpg","795c8e59f8c1f0214f92a1efe6684f9f562faeb8cde0d2e03097f7d3e77fd8e1"
"58139678.jpg","615bfc41bf790625fe9cd59b7abb59265713da0ad4ae4b06f9d68c17e4dfd6f6","58139678.jpg","7037c07b27ab822e66c28808bb996dce0a333ad5269f093c45aa11a1833f4a56"
"58153582.jpg","0d5f7b4e2adf67a7af333cd5d8478f5255a1a45e6a373d9a2e16d518894dab03","58153582.jpg","33a78aa3d34791cbce0a9158f4bec470bc182da894efb1eb799956f31234ef7a"
"58154024.jpg","ea3a2875234fda5c4ea88ac0ca934e143d5e1c3e533a29e8213703a00fad0bfe","58154024.jpg","5cdd70539febde5f0629c7d081d15a9c863af5060ce874a39c280eeecab9ad47"
"58183799.jpg","e853cf71451e758363997572d1603bf7e656c1252809cf75b7605db354e1474e","58183799.jpg","fa6c74f14404579760c35234aeb8e638f4b9e044c674be83dd554a4590c16890"
"58210612.jpg","318e5b01888d9bb052588202a6694d265a90384cad7d41268c2c1792eeaec040","58210612.jpg","b49d43ab74fbebdc91246728c9f4bd2c59db6054cb344015ce9fbb17a1cc958b"
"58214033.jpg","9aaad96aa21cb7a317263eb26fd1d4931e5e1e584d327a60bb9be7046b9472fb","58214033.jpg","af320999f8e96fadad6b976ab0e512006488d8c0eca806463f68399e8e26e17e"
"58232533.jpg","04968d41a57e2ea7c1544dfcfeb70d3191614b1bd122603da9523b191910a7eb","58232533.jpg","a131ec61f869d0abf3cb102e03f8204eb3da36c2be3664d120330cf4c3ddec95"
"58241692.jpg","79ffffbaa29e262b074e8effbbbb7ad8d6864b64df0450c5fc9e2613cddc33f5","58241692.jpg","ea5bc292a95cd71bc9281e66b8e9efaf9d6291f675a94150ab59873ecc9f5109"
"58242357.jpg","7040257982b063b21cfa81431f38afaef66502ba4920034f317763a0d8895a8e","58242357.jpg","88020a20cc0ba9b07ef032c6566df86a4212e21ad5b5aaf5240c0c91ae282681"
"58249325.jpg","88f8f37efea91e3c7ce9fe1231364d63c08ff16feaa8171f8b62e3d2ae1e3559","58249325.jpg","eb7522714ce7ffce268b0994cb04a6624745111bb90980ab208fdb7727e84880"
"58267739.jpg","50860a8030709bc2a7bd21eaff9ffb42726da8bf6ba2369463b3ac2e6baba2af","58267739.jpg","36edce0f5c6e0a804b48463543132a5fed434bfd7542e15e65bf81d456b919a4"
"58267740.jpg","2b4e3c1fb894916860339fd805e8f36ec6a2eece503cebf1f933ba8f80c19260","58267740.jpg","4b9eb0da30fdaff1cd03d2bbc6743feaf9f13baf903ba6f81ecefea96efac243"
"58267742.jpg","ce372b8e97c6455dc619284ade1d8e864e65a4449f15db158e3f8cee89c3108a","58267742.jpg","35fb1045b2cddc0a682763c09d56405522cf6f7bda10ca05c07cecbdd7349408"
"58267744.jpg","2babb1137b3542827fc5ddd1ad846b42f070f74f89ba745f435508d99806a137","58267744.jpg","9245398792a084016b4a456aec943251f2ef7c436bb87a7b36e8d308e728d993"
"58280692.jpg","31f3f2843d508c4d498cf3428a161589ebba2a3454bc2f22101b57d2a2cdd27c","58280692.jpg","9cac75637e67598682a749520df7c5bb848fbc4e820eaff527de286dd8b05b11"
"58282688.jpg","cd86ec965d52c586fa8d895609d4a51fb62d6fe74d30705cb1e2407ce11ec042","58282688.jpg","6255b2d89155b8aeb446e43f7b3343e0a2c35a0c158370e442687d2e03b7a9d9"
"58294240.jpg","7dedd4d5ae023e138be1e698a0e20a7a5890b8bf259f1169f47a05e901088c24","58294240.jpg","8b5d0b401a73b6f33a5e2723945a6c349585e54da6321be19fe361e62dade33d"
"58294533.jpg","edb5349595e4611e55411d0fa6ca81a605712902128086ef047e029a2abfbbd1","58294533.jpg","94fdb0b9312152273aaa46d8225e43e085d7f49630156854f2026deb458fd945"
"58296057.jpg","3f1bf0d58594cc7b97b45e39b6787495308399ce34747f9a56b808f756ca3d3e","58296057.jpg","f5f1e4f280de389c7630d7ec3d33adaa49c952e6652ea7aa5a0acd42e22c51d6"
"58296129.jpg","b764f59758086230fd30290e9207104f79941f8eb006289788c78fbfad42006e","58296129.jpg","07991073f3bc641bf9481fa747c6e2c01e15112cc6738c3118cc643a422f5ffc"
"58320252.jpg","c99f4a5d26403d672b331a8962468989d092ac26dac58bbeaccd30082b23d204","58320252.jpg","4f9d18d8ca4bbe105706a5b053481e33cef1f98bb8325904202b10b1f475f6c0"
"58323856.jpg","2f56841d6c3e5aaf4bc54a878939095b7a5b1f8265f9d79dee30068ed84b3837","58323856.jpg","e29b4c720b7b9567ad5396efe9c97eee059ab7b72bbd6d84e2cb17d834171bfa"
"58361874.jpg","825eced972060d8f5da0e8314ccfbbe4d0c05739d1eb20278919ea6785f9ddad","58361874.jpg","05d2c25f9714f24c1961607cc4bce062528da351e849f437f8243a32aa91a776"
"58361968.jpg","e3da4cfe816dc5fb1342a88b7b3e207353f0122887ae0acc19391766f87c0398","58361968.jpg","05ca2e65e78f7e004afcb9dc621147aa76678e31f3011d2bd3f4e7646b9e719a"
"58362087.jpg","3446061c414b100f1d9a8db133ef4c6e90eb6dd8390e0c3ac4e89c844cb0f981","58362087.jpg","9de6d6c18f8e00629f0fa5a89cf702d1ea990e8a9db174ad6c315c6a143ce6cf"
"58362296.jpg","e6b2a6d123aac9d896de81d6a2d3cb224385bb998443683411c86b9c8e573a0c","58362296.jpg","7c382ffbe2ea8bbd2f2eb2a0d24cfc6bbd26644d3bd380ba1fc20a3b5511555c"
"58363435.jpg","76868d323d5f9a5e8f87d70432b953d5dca591f7cae024aba1c5d4b8e2e3311e","58363435.jpg","d67af9a3e4b9207f95db12327567c6706c408944674465a971248bf79e51b2eb"
"58375549.jpg","a975ec43db3e7c2f34390707365299fa39a746272d2b5b62b88050b633740afc","58375549.jpg","b15739b373f9599079a3e67d1f08d229b2faafb80357b094e0a67daa0451960f"
"58375566.jpg","286e2501f444e9857569874a1b67b91026bf64e2784c3b6e0da943fd2c86c921","58375566.jpg","4b678e20470545d288c6b573eb3a7bdbcfb6d0e765dac6f058b04212a30f5fb1"
"58376004.jpg","de3c54c900455f9bd4c20cc94dfa33acd185dc1dd9c20c2f3d6c3d1f044ddd89","58376004.jpg","8fbfa28b27ad2d769ceb12c840940787d68de8976d1521cba87fa29b46256a42"
"58376148.jpg","f750065dc55ef4e947b37678dad70af36ba3726b9005957e8cb318cc5fc14171","58376148.jpg","2b3f9210dd5c389b9815fe9ad46126eabf3f3faed38760779c2cb5ddf3e9cd94"
"58379209.jpg","7530db434e160e68a1b0ed503de3b56a368cdfdb0fbe5c7ec556aa1acb7a4cc1","58379209.jpg","bca1c2cd2627203c11ea63b9d663fb7d90439fc6c069b67655c1272ff3c73d14"
"58379428.jpg","06acc90058d84d8fb91e1a80177fdeeb921163dd210f4f5bb973152f9ef7c618","58379428.jpg","bb353eb69816be0644448058d3bfe7c4801ab46846f05cc7c4a612434fc9de2d"
"58379517.jpg","833dc7782adabe7472765b3b026ae3c60b160034558a4ff574da3c3375e4b36f","58379517.jpg","65d570fdbc2a04439be39cc149146aaf67442b808b1c18a695a694395405f27f"
"58383890.jpg","57f0ca9323e86fe7116f66f5d1fe422efb7ce594f44f4b460e5a9e378a139908","58383890.jpg","7756c20ac42539c0ae2e2f05c91e782dfbd3a52e9b3eb3d0cccadf3a6924b928"
"58383914.jpg","273f32667acd36c6704fb8751d957cc67462f926c2a4ca091ccae7de4a65f208","58383914.jpg","534a5bf62696cb250bb7a1228665b16c7ed16f3d9824b7f8ab5174d6080af707"
"58402392.jpg","765ae91778bef1c1d197d739c87d889c0758ef075651f7bf3258011e5117f82b","58402392.jpg","a558e4c127cce1703203d749d42ddbc9ced656ab988cefeeeb84d4c6c1ff582a"
"58402462.jpg","3fa0c99dfb458563490c869008fa37f4129d7fe4d6924bdae92d6ea5e6ae170d","58402462.jpg","de0c8a3ed0694433025f391496f26e6759d5ebad8c5432e83de1b6e4fd97307f"
"58402829.jpg","0f5ed965e8acfb2dd454df887e29b670915066a84f39a93e60ed6e0ee17d84be","58402829.jpg","d5442183cd92dd4c459907e05de457b66e82f09c3cf3bd5951c244472d0758e3"
"58402891.jpg","88ee190e93e7e325dc59bee6837d688c823a828a5112033ac2ff9ff6d7d23b8e","58402891.jpg","ace52032fc254d786331439b04abf4f656474f6d6f698f5c3e3a6def3fb56625"
"58409617.jpg","c22d340fa66780a1dd777e7dd32669dba81a28888e65f8c0379ff53c6ae92994","58409617.jpg","fef41925e84f114f55190284a3d400d272af0c844095fcda26863d3c8c9af5b4"
"58414366.jpg","defb2693e58b91645711c1b8b9250c568128c1ec589cba0b6792878d3634792b","58414366.jpg","4f87713667134058d80f49e2763d53cca8582c073e689207e99bde6337efc178"
"58421769.jpg","879bc0284fcc093e2837b2646f978aebaaa1eb824c0474a9bce9c294a6276767","58421769.jpg","5c413118a43243cf97c8374fbc39a661c883583cc79ce742fddb5627fee6a023"
"58429996.jpg","d02e3f308d2da904dcc43cae2bc5a700d8ff1d15121928e8d2ce3661dd6ca6ce","58429996.jpg","40e9f77f7605cfca97fc17c78a94d409b5fae934efd65a4ed5483a8f0e741143"
"58430077.jpg","7d459054a11edacb9f595ca41216b6b60b1d40b635f1394df05fc4b27c468792","58430077.jpg","54240f58badb68ab08ff50fb937328129459a312493e1172bd18eeec552b4bc5"
"58431543.jpg","ecff5818f8afdb07405d89b27638107c00252ef516e8464b9d3eeaa19ecb91cc","58431543.jpg","b5bd5fd8e34e03e7e5a3886deb6eed0022fb6e3c61728f049c197cf88996fc2a"
"58434273.jpg","408b450ee7d58bae23e646113022938dd24e4125ebbae4938f739aab826d4006","58434273.jpg","db1cc78899340fc97347c21cc26ca78d729fb818194cfeb9e33bda6d4f1e9eed"
"58435154.jpg","bd52e4bf44f523c3a2920ca922b97339bc02eb76e58fb026708391cfd9af7e59","58435154.jpg","2416b4e48b4c074f050ca84c2771e5ba95a6a3de7e61a407120feb5df8573df2"
"58435333.jpg","afa01b5a036f5e602d498f5b51df578a78a5a6acae7508f602ef54c409a1f1d1","58435333.jpg","67445c5a1c69008c6cc39b627a04ab604e27d3fab0687b8b6eb7b931340b2fae"
"58435495.jpg","d9bd0e110de03592e4b5d2af97a90040bf51ecb253a8143a7a8461a279dad3c9","58435495.jpg","733a6f812f925d85a2c21bf520b1a7823ba5ea2e97a14d9c78e773b5deecb335"
"58435689.jpg","910b9eebc58889659531bc41708e7d3117a457892f24cb9a737f2c404bd8ed58","58435689.jpg","1daecc5b97a0ea56ff49a21d3f408f5d7b8ffcb73f90cf61b34d8ae24ce51b41"
"58437045.jpg","88f18296efe21a757bbc32276a0a1273d6dc9f8f9548f89b0d0f2e242e17dfb1","58437045.jpg","ff5aba24da010a9ac214276e8562739ebb13e977a17bfd9eeeeb8550ca3b9e6b"
"58439133.jpg","a37cafab853894843adf76e5b57125dbe10200fcf8a641da32b9e212b163513a","58439133.jpg","5e28e94a23fe2f64d46f8dcc8f3e8530046c875c8b863ad4e530add532cf8577"
"58453492.jpg","f4d0e85d7953b5c4f305eb606d69bde0c60805ecbf29311a0ee53f70ad9ec35a","58453492.jpg","ee2f023cf9d9b5ffe31ef691caedae1ccd13ec6b83d647c4011c2f7fbc647592"
"58487779.jpg","556679462572faef6db56bbc5ce72be1b32358b01af2f00bea77546aa98e43d3","58487779.jpg","28f9cf08606ff6c0dbcc9ae660372e8bbc26356371f50d5748e3501528a116ca"
"58490920.jpg","e134d31018359caafb98216c005753e2d9112017691606556c29ec476bd4fd90","58490920.jpg","5e5875fefd80ab7a343515cfa2f9ac6af23447843ec1ae13a433237f5b31982f"
"58491611.jpg","736572cbbd377448fb631a4dc42dadc36f11dd0a8db78fcb45c70b7c860a53de","58491611.jpg","203aebb54984c5b1a45157a1e8692ac7a7bc1ad5f3bb088aa597769027066f1e"
"58492853.jpg","36d5a655ffe387957b78975e911255cba5f47793631c6e10bbabe0983eba4a11","58492853.jpg","a68a4346f59bef42eea50381b6d300a0515b857f3fb7c3a8da898df10c42ee1d"
"58492867.jpg","e98026403c5cff2c7b2567eee89a9d41da0a0f0caf40144558258bf9bd7ccaad","58492867.jpg","8ab56ba2d9c436728a4d144deb28e639495a88cdd67fb1233b1a99c2d90f5da0"
"58496709.jpg","fd4cb13959f52cf712e5a128a504c66e8aecb64cae4998c484d5a52b45a9cc39","58496709.jpg","2be2046ae4ae2ce744b6f05a5905bec049f0e95b13b7c12b777bdea059b23b4c"
"58500847.jpg","8268dee9c182a3f537b4ac4275b99a392963db408524615099eb06695e60024b","58500847.jpg","9be618d878b60fb0be0056d80523790c274fcdfa4c1a81279b54794ab7ee8ae6"
"58500903.jpg","94f1147202c8b0087ba76a7e1e74e648dd974b9957910409032cb30340364514","58500903.jpg","e96841026ce3cc2bef02bd71209cdf1efec3ae8d8545bc6c2ebbbcab550a4f2c"
"58506758.jpg","2fb308ae08534b9ee127988eaf6b1fd39ace4c225d7369504c2fad0970c32187","58506758.jpg","e0ca27aa4b9a20d5a13a5b730fbc6a44a52f0b17c4aaa5b23591b809cda1e043"
"58510096.jpg","9b4c5bb277227e099a7a571d5e17993cbb50093a5cf38e0a9b092a5b9bf210b6","58510096.jpg","e85a45ae18de4880beb27f5f6973336523f52f00ea9a80d83593edc9d4f0d41d"
"58515108.jpg","a7636ed6335374a630ae12213b5891584cd798daf26e510298dfd47a939c7f20","58515108.jpg","72c329b9631f8d47591fa45e2ad96960715c1517c80a8bfec8a87eaac91b9d5c"
"58515305.jpg","db94b9127efcb7054fb81dc2c8cb699f4bb8db4d5b6acc9e00abadeb00c51770","58515305.jpg","c0d9d73642fa76092e31a153b2666113c1df0f4b96579c2e9197f5474e1d1238"
"58515396.jpg","b2987c480c6c473e91b55507c3f323a03eb148ae4d67b9256fc2a6bfefc5346f","58515396.jpg","b8b554df10a13b9cf4c13570d78d50de35d4cea0c5e052f0c27d2b448bd1f6c4"
"58515505.jpg","e34a90da709944ce2ad4a9a2855f6d397e38d52c4b86183b06f3e40547c46ed0","58515505.jpg","96f0493791bcd0d2ef6a99625c592188c6a8f5e37032d2bfa85aef16b88d61ee"
"58522145.jpg","b0b8863076c9713ba4c3b1cad0834695a2377f7a3cacae18030fe1d6f1baa1e1","58522145.jpg","0207508065dc72efdd923e18c2f9107c7a3723957a8a2c00e7fd4adf95d55a01"
"58522190.jpg","f2311b2bf3b6b96695c0b36fc7c93df71003cb8e26ea1caf261f3129cc769079","58522190.jpg","ead171d00fc3713a621e92342332c4ac43bf4d243828c557fb47172a4c9f9012"
"58528194.jpg","98142ad7220eaa697b7405152550c7663f305a4ca466a443589225fe3c7e53e7","58528194.jpg","243d0706d7572fd3f6d8e9ab53112f03b210eba792379be96cc8db3608c13f5d"
"58528267.jpg","bfe5f341813380ece2969ba446b5893f766410d9e100261b9b21a35c2ca8e1b4","58528267.jpg","d498a766e9811818692de20aaf37c22df5e49fe4500da84099f51e408e361191"
"58528317.jpg","89f4905b257bc69670ebd40dbfc4e71e048db3c49182b28540f24f984eff4bfb","58528317.jpg","fcc138472754d22b4e70213c9501d0c6445dea8c227708522f81dbe0dba8d60f"
"58535459.jpg","35f89d77bc7a3223f8bf42eb1d2f0c0a0123b33b0a52b045c50d60bb3e1554f3","58535459.jpg","549bc75c4a133a0c5a5035dfb9e25d274eaa63230a8068ce15aee5a846732c46"
"58536344.jpg","c71cfbda1627832b588a33b6a27a5e3664dbe01ece0ff918994a1d91619115b5","58536344.jpg","0b38b8d1cb0b43c0e7ce8d290c20ff81e481047662a35ae92c786eb74e5e25fe"
"58541762.jpg","073b86a400e13c8a72016d55b899ebbd5363aad8a816992f381ddd3c46f461f8","58541762.jpg","ac1406d9c91d3d9be65e33b4e0085f4623a8382f2ed5bb580e775a1fc9aee150"
"58549980.jpg","046999e94501f7def914c00bf6d9113a71b0d82e054083752a22b21fedda3419","58549980.jpg","c04f410f09f4bd6c62e91da54000ca85d66e543f3225eec65b075ed0d9664eec"
"58549983.jpg","c370d67274c1dd8bbb1dc8abe95f92b95a577ac0f09f87db5d14958d9d7ef296","58549983.jpg","5aa41b82883596daacf72db8cb6e754c8a9e20e27f88f65db400f7c7a658ccb8"
"58560320.jpg","47da749293fbde10c9d29e1e3c70d3dd1d7eb06ab9e49304208143e82b594eb4","58560320.jpg","a9dc258c10865074f59fc27da5d566139d85ff76751fe89efad2707d955c0bd6"
"58561384.jpg","ebdd05b84d7a82422cd9dc36592032859a437725df30ea1aa334e44927173950","58561384.jpg","6f3493edf3936c7fc680847859b76e0fb177e75521e2eff15d25eefa8647b27f"
"58563825.jpg","0f8efd6231190cddb48790c602d66b1484863ac82d1a5914763513d07c826eba","58563825.jpg","d0d20e42e8311cbb8046d9369feaea640cb086be0344785413a21908771f5356"
"58566293.jpg","37bbd406529da2b7944652ee85f21efb59c5ff284cec440dd235c2085618cc2c","58566293.jpg","93983b846d958b1aa56326c76d14630880357128053186c5682ce4c69fa81c16"
"58566429.jpg","1353878e0ba81d7b62d0242988cc10156cddf4dcb95a0630daf81f252661c377","58566429.jpg","c130107cc66a0c7139cad4ebdc33618d7d4999dfff94f2fae02d990a8b560070"
"58571235.jpg","00bd1d7e17755c1c7eb6430df40da9618f41b7b5be6f2161f70768e6abd7c8ba","58571235.jpg","5a37214e7b207efaa4494a38699b96e5dbb5aafa5aab396d47a130693ff4a1f0"
"58571256.jpg","1f558440ab053ec747bb91d583a6ab7f20a567245c7c9f5de6782dc6175ada5a","58571256.jpg","c9044d23e64c80f38aab06ca4ce8612e0b98769549ea11e698edf430f594843f"
"58571269.jpg","ea978f2e48c15000f1bb7735b3cb85e679583d128c64cdeaea16d195ab6aaaea","58571269.jpg","a9c18f405843c6ea39c3325dc070b4892bea97ab2ce0b273626ad09428589463"
"58572448.jpg","f801b43766893768b07872c02c6c1be6ad905585ab34e1cf3c53123c14952c10","58572448.jpg","29151749edc2b7a71fc76520e9b5dd67234e9cf3719fb1f36ccecc4c2717462f"
"58572730.jpg","f0f6e7641d7de7ece43fe4e73a24b73c4b7fd2a97782ef8a526164816ad31faf","58572730.jpg","e63b77413e5ecc699456df32d8cda813431e99bdc74b1f4ba2b05c7894fd787b"
"58572869.jpg","efcae77e701895a7ef9630f8cde0780395d4f50e8970c4eca0959765b1070f29","58572869.jpg","ec269c119658b93f6ae8f1ccedc23c241d414f74e0dd988ad4144b12b782cb29"
"58572973.jpg","3dbe287d33e79606bafed5f2db8e84d35850ba52247a98453f121cfcd31822bf","58572973.jpg","e68c00b83b39a9adee8569cb224c17500162c5c2af4e7fe18dc21bfca92c4493"
"58599686.jpg","017a3ba0c12ead883bcc1cdd61619d6e622f13606b695195ce642964ab807841","58599686.jpg","f217fa265925825c2bd14f1564f894b7c1e390e5f948abf53719e8bfeed3467b"
"58600069.jpg","a96930d00a6c86f2fe0d0d5a66b95227effca707b8831ff08abbf34c6e7be8d6","58600069.jpg","b1a2812551753920cad1a81967f6089530fb6bb63fc2a1c45c2aa13fe0dabbce"
"58602622.jpg","94bd8f9dd345333ca50bfddc4240a938e0c03885473351461269dafb66524e5a","58602622.jpg","a04ec700ba292cc55e821db615faa9b076e816c1bc1f11e7818ed1ba33331d49"
"58610740.jpg","431c0c496e0fba9a3f2011ec929e0d02e421a8b82e4ea16c228f9e3818efe11f","58610740.jpg","f26347fdda299c160ea7b8e513c7cedc4f2ff0fbd0d5af2066a1698048b93b3b"
"58621407.jpg","5cd10fe8400bc577e5a550a5bcd244a5a566e70c1a97ac6ca2fa8aa518b7fd6d","58621407.jpg","ac4d2c8341f98fc2e9d15d86da07a266793b03e0ad331e7590c94badf55c31ab"
"58628679.jpg","bca5055631f11b240ea4387cf6e23ff6e8c86602120d4840a82f3d45485d4185","58628679.jpg","f35c50910bb4c5c1dba956c8bacd42a606adf1342fdca1105c8de0a10994b146"
"58634556.jpg","4963b1610e77c0e4a6502d0b66f50067b58990f29714661357392ac7323a99a8","58634556.jpg","d36ae8fd4bfa45c3b7f8f27f359a3e82a67e57b2ba9fa726cce0e845addb45b9"
"58647211.jpg","c6212724bec42b38ad96105b7eddf76bf7e7ad27864c375e67b04a761d152478","58647211.jpg","977998cbd296198c25b771883d30708929168a5d7f3f51ac606fadfd84530f64"
"58652879.jpg","e071c62fa21589180bb800fd06fd999b69df70a0dda70972a54d7109937eae94","58652879.jpg","04d8bb42f8c19706c39eccf1356d9cbbc4f54f2bbd643bf0b0fd192fb6d2172b"
"58653087.jpg","4e77327e9af0efdd31656076db2ef94a11bd614d6d1a5c16bc5df38dd63a7a9f","58653087.jpg","b09f7b8f8a3d5e1924fa77ccfa8d7291cb6c6750f97ab3713f2b908418cc210a"
"58653235.jpg","3a233ff7536a468a7e01daa91540f5e6bed5d61da118a5cc8109eea1eeebedc5","58653235.jpg","96296143d2a682a32c24e17cf565de4ea2f631088205cac218eb8a912d8ba324"
"58660697.jpg","4ebe8a2f4d1ad9a62e35174e4f05c79875c0ca47a7db4523b2ea5e703e294a24","58660697.jpg","ebd29a468c5dd08be3676db6f08fb9ce1e2765e5c5bb0d99659bbfe40e90e4ad"
"58665962.jpg","5e7f5e39d45b472536d7186a624ffee577afd8d1dc8824a702c979c03bd7159c","58665962.jpg","06d7bb193bf1956fcea6a76ee1115feab780d7ee1443447363b6b153a5c2e4c1"
"58684662.jpg","bb7390cddd9e6cca2ae4fb83dd5ff4b281192ea118150be004585ddaa046525f","58684662.jpg","23552b77d48c57d0ab044b36703943d14b54ae4a06ce97c253762b14738d2d6d"
"58690308.jpg","96fece88e638943fd537e241804dcf41f1785684547c18ceff0fd7d3a50467c4","58690308.jpg","20821294db9eb6f5c6b6ef9811295d6be987416fcaf188acff33df0178aa48c4"
"58690339.jpg","3a3acf86af17dac9df9da582744b5a6d259874c0bf6109bd61ad72f10ad0a873","58690339.jpg","01b9c8ec8d83de459fca410eae85d15095173f516add4eb90de242961e81aa59"
"58695728.jpg","7b7138d1f317d06f16f19e35df1971b8cf737253fd03e416dfd09a1057dfbb43","58695728.jpg","6740d277f77c5f875900e24ac69ba10d9ff9df61c33852c1ef233e0aaa1cf006"
"58697860.jpg","de788ccac88ec1ac31da443d560e6d354730257fd1a5edb8470ad7a0acb1ba66","58697860.jpg","c3fc29ca61722d9b7bd4d4d688cb290d5164d1c239a9322380c71e368e390a63"
"58698643.jpg","22cab58c9e938f3b1c401f4ea3e93a58fd42a03e8ff2d43d37fc7ee88d2a28bf","58698643.jpg","1ec60d94360236cc44930ab5dcc1e5bb2369f5c6220c2bb06a50238e0074e574"
"58707524.jpg","0a93693d0dadb49aa3d3c842f9fa811122185df90b32c2836cdd8f2a7efc1a2c","58707524.jpg","a516af7b1a9d36250513d45bf397f76e1d1451f3a78d897f268dec1f7982fdc7"
"58707810.jpg","9cc80945dd14428da1525453da7a91ba6a5a51bac778c30cd2af1cdfe5ee9605","58707810.jpg","c619fcd2ebf70f52e2ca0778c6e3bf3df5dabee75f6bc3d04ad6ee6a91076cf8"
"58712000.jpg","29f1bcb792296a2e66b36d34805cdb9615429295178f506407de882264f1e2fb","58712000.jpg","e8476ecc30a9f173edd867982bc684a45afa1fa4455c4144a90711a8f97d07da"
"58713983.jpg","0d47765f204e5e7abe5179c9ca9614b16535e8da3fde80499290fc9b3ded2678","58713983.jpg","50498a193d45faca73958c27d4539a8d6f022bcea07ce956ea0c9e9fdf3a810e"
"58715877.jpg","44b6ec10e70031e67e989de2d7ce6e0c1ea85b2f8778eb9338a298cc0b5a6bf4","58715877.jpg","31c80c1074bc2ee2c33bece28800282879ebcba0d200a39b85c340a9f7708304"
"58715966.jpg","43e892cf84da256e5fbea7a4cd9ce7813a34d203f9c49c011a5b95a9e14ee9eb","58715966.jpg","587c8c4b388c54a5396184712cdf789adc4dd9a3c927a1fb7667e716e0783229"
"58719241.jpg","edc2bb3c6e8a24392b91c16bd8a334a529ed091f0e86164a256eceb096b4354f","58719241.jpg","4b1854fa5f0f0c04e7353621097f58d5f4b25e0d9a72f91475187ba32cf83afb"
"58719321.jpg","0566fb52bfee48ca50a4a07092e9d5f7ef2a82734289c7ded27e4404d31de68f","58719321.jpg","252ff9c882063624348ebc5208fd3db6ecf49c221088e0e1769f548e34e7360c"
"58719423.jpg","e7f4f79080c34f7e4f857ea79f2c03bacaca7a14c0b1c8ac6c97e94a298204c6","58719423.jpg","f75c00b8b2fa3f9cc85273f13dd920760f431b838944cc4581b5545fc7483500"
"58722897.jpg","88e0c9ca2744da0fcac71cd32c57c765ab49a72db96e50a6baf141a6831d556b","58722897.jpg","62df66675780ccf777e1043c9a99cf96ec9bde7cce6847cbd2522dfb32499142"
"58732815.jpg","45b590165eab26e39224c841e730b8471e21fffc2861db84fb27e562d6757e17","58732815.jpg","19ece01239a01223ada6a468cb14e1d2db93d36718a169a93d6991cd6cd7100c"
"58735084.jpg","37c2c94612507f694392cb47af9f4285664d413f44b4264665b896fe7e570c56","58735084.jpg","11c835a4778c6961af1b59333dd48a381821d2f513f999827a07da6726f7a36b"
"58737397.jpg","9d1098578965b0b3a73365b980bec62c27a92667e8a8b7a51afec19e7e7aed71","58737397.jpg","26abca21125cb0ba2a29cc0ec536385c640c69b5fadf3bd6c64418a935862051"
"58737510.jpg","efd36bff9a435b75d76e3c1bc9e544bc0bf9d495a056e44d6ca7fcee9bc7d955","58737510.jpg","c7685ee54553c3b2649f7e105f60d4776d39052ed3e6182a79cbc2d511627b46"
"58737525.jpg","e07de2e7ec1b3c27ebc7e4283a376c3e95e638d6926435291fe094ab2d55a370","58737525.jpg","1f59459df968be27d2bce2610c1a69bb6ff6856a0636bf7f7118280f284f0aeb"
"58760863.jpg","e6661a0d6d7f78d66ee9ba13e22c064f08c1ec7f5cd258249e2efc1ed3897641","58760863.jpg","df383a5e742daafb11a716424ebac5bc1b081246c506080ec341ce3ca2064578"
"58761009.jpg","2d2faa656a366aa031929deb6c1c5c7ee945a509b00c59ecdb34194ba3c59b07","58761009.jpg","6a84a3e866f51d6585c383151d6e6cd2a4646aca3868560261d87142273f605e"
"58773139.jpg","68457bd045f4345a47af28beed3b7727414d5b5ab59ed180b66b5afeaed9b280","58773139.jpg","9cc497bf6e2f0749000d2144acbf968d23de98a06b7fbb2085bb7960c4e003c8"
"58774621.jpg","87f7de8faa4d41354aaac725961e048c1dc1972ef816fd08670af34a5b8239f3","58774621.jpg","0221f489a5eb99d8cbbc1ae1cd151ef13218ae78efc9bfc83dd14c4580dd63f9"
"58774748.jpg","8e62a24456783746394c1f51684e658cb3aed85e5fbb642181f84981abf348be","58774748.jpg","6a9aac9b12483085bb278fe4788b213a190fcf2e3ddc187413b6d797d490ea86"
"58786855.jpg","063bcb6dec7e1bccc7c1a25cd1e67b029a16326bc4dd5ea52d909b776407e5ef","58786855.jpg","3758b959f2eca432280c603eb3a77a747f83562ac4db1775325de14b97712fd9"
"58798941.jpg","c16c8878a48b116370c24da68ae7165feb863e249fb54acf3dcfa94354d00037","58798941.jpg","cba1b27689f04d0a855b33d1635882862e02f4b13cd5a0c550f39a1014ad46d7"
"58799263.jpg","f7e088ad45d76878846f2348f3b67c7f4b3b4851b5555f473132137434b0898f","58799263.jpg","a9d01ebcd9447fcb268e6fd4926b0cc2455dc934500b1f5899aae09f424ecec7"
"58799398.jpg","208aeccd24574cb468837c7bcca2c1c07d8531aaf8482559f723191b5c836d49","58799398.jpg","fec40dc701173e0a544d1fd96d7106f92e06c70071d5c6c347dcecb3e32eb435"
"58800140.jpg","781d94689204b478d6c2388587ed84ac1af6de58225b896d83da36234d0e489a","58800140.jpg","61961af8fcedf0b405528e48fef4402ee658a879ef78b34240a41fc507e0c117"
"58800196.jpg","6dbadadd88c456e6badcfb83d850cdc07a2b1c6531a9f0e874ffce7022d24dc9","58800196.jpg","94c80df076aa3820ac3f4421ac92d7019157d0402857376e5bf670ec57034fcf"
"58803362.jpg","8d7e870f06e9573db94682aabbc11e56eb00fb0101e35725408c0e54a78d1a3e","58803362.jpg","a5fe6e19f3848fbad7a8f6d2a82b913b334a0d89907d4d3ab9a12c45dd33f710"
"58803718.jpg","2595e30be4324b2afa4cddca1dd574eaa32066152678bacf8ae0efb15e6221ab","58803718.jpg","79f8e6780bf5d38db8263d27bfd6de4bcfe0640c910cbd31a0d77621eae43b53"
"58806908.jpg","869f611d09c7acdc4c10c946ac6e8e90f5208530b230368fd3524016cbf3fccd","58806908.jpg","394ccd55134cab79b7adb29b7998f03ca6a718494aefdcfc3623d2995cb5e96a"
"58810486.jpg","13ffbd670b37075b4c4d7401d3644a15c7927c149951be2d68d6ac2112634978","58810486.jpg","e90a9b8dc346a3cf3ed8553b771e7376adb23b88241442247d611dd0c1a4fcf9"
"58817479.jpg","4c1e91a2c35f123e2602c5311ce316a5375604e733e8fd5147fdd1a65f8fb7d2","58817479.jpg","7cc32637c5a883943bc6ade9c2486290ea75cb1ae3844944a43c84528ad7ffa4"
"58823088.jpg","ab5f83d282aca6a7ad170862976c24a7ad14837c3c6bf9930a45e7742d5ec5c3","58823088.jpg","8ee0e14212fa8b0467add8a2065236eabbface23acdd6a3a44a6228fafd3a714"
"58826720.jpg","d29e90bd5d16cd5be21dab3fb3a3c616742a176a9360602170d14d946cae065f","58826720.jpg","ece932f4d686080e92d8ac08c7138606f161c93baf11d82abc9e7d5c96ff16b4"
"58841386.jpg","09a84e6352df35d44e08b406be12998d4eb142d068ef87e3ed846d9ad3668b6b","58841386.jpg","fe3841a301df7d8b8a520838dd4f64a7458e85a28f63c8b603b19cee10fbb0eb"
"58845710.jpg","df715cb26c9cf62644731b184bd07ff2e1262d3d3aaf8114ba560c64cc0a8208","58845710.jpg","076250c6859c76265ae5048fe1ecdfad256b945a30653f994c26739d18f45653"
"58847160.jpg","03dff4fc70b0e5fddc20462026d5bd0834dde543ae361eb316e1d2ea67e12e73","58847160.jpg","53c79c3935876b0f968e3409abff770fe91ffae35b91d6b5dbc92febbd955517"
"58847464.jpg","d929a9763f371f1f70a61959c1e0585d9a83b4ebd679d01eee52064bf3a10dc0","58847464.jpg","f025db308878290d9340e73ce6a382104acbafccf982b35c69b80ddece5e66bf"
"58847566.jpg","ab796ab6a4fb22f085b02cebb03913226a794a69fc311a1a07af0b22193827eb","58847566.jpg","048a3a61dbbca774cf56856f4681603c5936387d9b4e6c363df8b772870e990a"
"58848308.jpg","c576ef154da05a75aeaa6a3ba9c663bfe9202e983b9933eb57e375c961356b46","58848308.jpg","d49794698a9d7befa7b3b888717d3eacc5221368add78142514b766a5b5e2dca"
"58857099.jpg","c697406cf87cdb669c30062ad170a4c0173f01858ae966b5d92fcf03cce1ca41","58857099.jpg","7d95606576e48724ff4a2e9d7fad65c35a692dd32ff9890a272d3247f5da5602"
"58859234.jpg","048d852b034dad66952cff2409fc8ab65e929ea0cbb80368d7c6db8607ade65f","58859234.jpg","5bd54c25e998e1f6f48a713cff4474d1059f3f85db42819cbdc58501ed19ee5d"
"58859243.jpg","9f993dbb47a98e8518bc88d963b2b0b0f1a20b2b916bf2d2cbf29e1c47bd21b3","58859243.jpg","a40fcf03b1cb63c022f94d12948625ca699c94e9ce6e51e2282365dd07b6a3c9"
"58867853.jpg","346e78811712d9a4f1a0fd96b4af370dcf5d1a26644499bff458fb24a43ccb24","58867853.jpg","4efd688a34cdaf5f40bd43e39dc12744b208c73a079a8726982ec0f9fff3a876"
"58876465.jpg","915fd209ffb2d0d92e1492548b03388baad369d0fe88a4ee96031f7baaf2aa82","58876465.jpg","c55629522b3683a3e2f84412215e08b60712dfc01852a4ff9974d202a7a97025"
"58894213.jpg","f56a19634f87230a6f336da92c38590f8834ff3b9194181aaadb2738ca82af00","58894213.jpg","197679fedb67d3d47f8b24862b9e4f09195e130574ec0991c5890aea3c045afd"
"58903842.jpg","76abe06455a57bc29c2f158932933385a463d595f7bdd916a3ee8eeadcf41642","58903842.jpg","49a32ce710c46016d534e7c0141f77b4dd968a1c35a2c6fcf9c79898db65a632"
"58914255.jpg","5383d461d3c47abac16b83ae29e7ef0c05e7ee8a4daa6246f8cfb603e9b44256","58914255.jpg","f4ebf2b20baf95b06ce246ce917d60d09eabac4a49dec387612b35d7650b0ae5"
"58929079.jpg","a846112984ecfb6c2b854f1a826108b2c65be6b4b3538a9a5fb7a491bd6ff9c5","58929079.jpg","255070d68a84c3b2e1e2497c2890cea0bdb1d058b42bd9e8bb10c5854f5337a1"
"58933882.jpg","527b70a46563cab4d316d3b9abcb13f68668f66e2127a799adbe24af9b4eda69","58933882.jpg","e204ae4d74db1e241a39e6fe0068245180146d37be666250d4d9de8f60fb5d1c"
"58938971.jpg","fb9a525378c1dd0ca0065f5969f627a50b1349201681b18875c37ea8842bc92f","58938971.jpg","4d3cc5a7eb70c67fdec88cae0123a69e0483d211bfe7a0a0695aadac52de0b5c"
"58939093.jpg","0e14821d62175ce2f92daef6035ff228f53c3f583a57bbd2b4059f1e340081b9","58939093.jpg","9d0ca94d16a9a59199eb3d8963f77cea247896d66e140137e2b33174b2018f83"
"58941546.jpg","c9d19a5989e7ea36bfc1b319cb8306a48bbb8c0f5a768a9dee0a52978d4d2419","58941546.jpg","4d92b175fbfdeb0e51bcc309963e619d38704162176e8a9b4ae0c5c432a8ce39"
"58941906.jpg","97c312bc569446600cbeef9d0bdcf1965baecf4bb5db2deb08a33a3e09104a75","58941906.jpg","81fce8deaaf6b1e579569315244e5f1bd432e5c7ec94e3f74bce1ca7b1ce9a74"
"58985307.jpg","d7eb89f3241f86c8d127eb6def6df52ee479d6b675eff506278f80edc65813e5","58985307.jpg","47efa2506a35323eeb57cafc417a35ae69f24843077e6f81d82f579183c9764d"
"58987182.jpg","bb3dab1f176cbbd9e735b10396f8a2bee4af626636db6d0949df34768640081b","58987182.jpg","d600b2b9927d49a092c16fbb7094d52bb76438450e42d64c0e8d9a1945a4b915"
"58990945.jpg","782ba84cfd46e87b54b3a03877dc63096229a4a1a2b5ce166c9abc06372bbe0d","58990945.jpg","60125857fad4bfc2572e36594edbd3624552ff7b81dcf3ff9e82b4d97d1c2210"
"58997472.jpg","f43dda90f351fccd25a0c398a0ff9a56d31d8f35bce3a6cc17f3dd48b3973b98","58997472.jpg","ecfdb08d3cd6b5c4bf04b797ca2ebb89650474bc090a5d115a4f333cd75d7369"
"58997559.jpg","0fdfc4d9aba594d315274d06540a7a5b8145e26f27ab5c814e5d0fa4bd201782","58997559.jpg","0ce64ff73f6a2ca1c92a4ea85306c5fb97bed8405ea3219199f6666dee1849e6"
"59000323.jpg","a819eaa30980200fc66ed24bd704bb7e36f85270031fab7e96cee84b6056d137","59000323.jpg","b896cd71e5ee686ea05645d3904f1d019bf14770a74e423ee05ee0cfc296293b"
"59002687.jpg","6f65c4b31aab937e8d84daa10cdd83901a34c03545bc841f1dee515c8cc1dcd9","59002687.jpg","804a6acadd448e12b785386ae750b329a4d436506a873cc1ebae9438d6f661ce"
"59002753.jpg","4d780571ebd3ad951ac4943d8b0b6f950400c54e5c6d5ed2de619242b7d200aa","59002753.jpg","1e7171ea66f6b8a05f90e03173cbbe8189b85341741b74155a603cf4ce91fa6e"
"59002769.jpg","94e68d7eeda24e0e4ca11caf3c759bc649df319f6ae668d0aceb822986383726","59002769.jpg","e2df560fc3044a6dbbb359e2c4e07aab77eccaa8e45e51422b9d156c1b0660cd"
"59003224.jpg","335905a141e5f2962ea121c3614bef96f7409910a6611565441409fb6c1a2f9a","59003224.jpg","0622effc40894a0484199ca0e4c90945a5ff876b11a1712f8eb06af7ecb2b381"
"59004265.jpg","1e127bda2453102f29260b8fb32d70db33c66059440196143a445c658e21e683","59004265.jpg","9c82dd35c2580d5542e8837f740627fe02bcf6d0b2cdaa72e224471942714713"
"59042175.jpg","729c04b39087b77b3751abb1a17fcbad084e0052b59c783651e337614633b0db","59042175.jpg","a7bd3f6b5c2626b8a6d0df0a60e6102591d9c1f245efbe0fb9c76c392dee371d"
"59044403.jpg","21f9383cd4932e05d7821ecd4e67de4a08ed73db1ec1f4515262e68ee04bcf00","59044403.jpg","9942f1348e569489d110334275ef7ac16c50380a150074d797cece712285cff2"
"59054609.jpg","d5bb09f69c4a5f2b50b13b53e924aef61d0403e5beae425d350f079a1a29be12","59054609.jpg","a8b6da9ff8af775fa68385d3f43354d209e587274987517ee942c53b5f124c56"
"59057184.jpg","a92abd2f8787ddb6215784fc9b67d259ce54f72cfcc2ca25f971daed7c39151c","59057184.jpg","68bf9101b1c879030935b9b16241c6768192bce73b1ad3c543f654e1687ec2e8"
"59058713.jpg","2be86d5a407635fa64cb36d981c303ef6077714974e70ff2fd04eb775f6ed07f","59058713.jpg","6950de3c08c0b3ea48d0dcd0d22008235dd0964d6d345419b0826bd48b426958"
"59060971.jpg","34f1757e2e1a23863c96dc96e543d2855fd2a943b5b98343d37c4eb540dbbf5d","59060971.jpg","778c2eb044753a0d19822144359bb25d66f8c23d77937f615a7d8995dd781119"
"59073423.jpg","d7ef0251b2fac487fa3cb39a4c4f9fa47ecc6375d69a75b14f156ac929b24a35","59073423.jpg","69debfa381d3d1201dec7be7a65a2c2a3e28f99a933cb1d72ea0e9bfc009277f"
"59073558.jpg","129910eb7917e629c275e32399a3aaf0e6ba57629c8d7398423a3a37a37c22fe","59073558.jpg","df401c0f15e3abd071ce7d6f591b85b39116558c241d74ddccde17972233558b"
"59073723.jpg","0d6f60735ab3f86fe2f507c6930392522a23e3f50523ccc65fc8d4f0045a66d5","59073723.jpg","1eca32d6fd639f241f8a49a8921ec3855339a053a2a7da4fa488086eb92ea7c7"
"59086531.jpg","557a36fae90bde934832875b66fb7f6784fb52635427c229004989dc46719901","59086531.jpg","a428030a2ae30802190291eb99bc0fde651f95de10d3ca6f7683b98c5049b04f"
"59089546.jpg","464f2f24499aab833af670a29b857907cadddb655c49d468953383cdd1fba62a","59089546.jpg","2462ff7ea04dd95286e9bad34e914e154d3e5b4f43f343493c600e8c69b41021"
"59089910.jpg","8687b3c77a16cd092cd6ce244fe2d41415b1bbda63a92dcbda5a3e8d2b7297be","59089910.jpg","d4903144e8b88625990e7a486bf9552a6b6c1e7678bad591443a1704d7da65e8"
"59090072.jpg","f7686027e6fa63ac119cdbc3b6fbb38dd9db7d3a4ea46f6e11437ddfddc111df","59090072.jpg","b71cb311e31cb2a068351d82c7696c442a09a71315aa9d7e9c0f686a59417f64"
"59091554.jpg","7338605cb6838ce3dc8545d7cd4e63395674db0a5c424ec164c2210c37a7b282","59091554.jpg","38e5ae41ec73e8e1a114932e24ad7aaf978aef8eee154b81c2e8283b00a8eb9e"
"59098153.jpg","94dcd5b7c2826b84bf2a9b8d83e8bddf0264f9f5f34917ab514ad77ae3bf378e","59098153.jpg","a2052c7a952ca219fe1721936e939426ed1bab32b5cbafe0d1b137eeed5b6a78"
"59102657.jpg","de765209ebf2b212ce21067e36c217fcaa24be6ab198c8a82f103767f7b4226d","59102657.jpg","be2b1304a1d1c90503d7cbdb814320f76c9f5085f124bbf1b8c32a2552c6ea6d"
"59109368.jpg","11eca45b5b4f13d1a790f266b80743e3d8a2b1f97807f96f8d723e111c3ada1c","59109368.jpg","24466fb195bd53e999f5cdfc02e4c767ab9eaab03cba5d2c8f8d6a94dd7b90d9"
"59109446.jpg","ba60efd0c1d32ea85f060c6af1086206f8d552844b3bf7302084f6ec594280ae","59109446.jpg","214427933bb10f429b29fdbe75021be279384f3d36d1649d9ecf4d57efab373a"
"59110403.jpg","b550e0d1fa49e9baa3716e314ceaca18eb33c1b70f22fb5fe2a318abca65bf1a","59110403.jpg","08a25d79c434b11e244ee53b1dcb19d63edfb8aa4f2f2950e33197f7f8d468b9"
"59113209.jpg","75f43ea638c059d9ac539ca27a56f6d32295fabf6268bd7e9b6047859ff1327e","59113209.jpg","d09dc0b8019b9d96f109483cdef02791987cb74ddd103a9cfc1a671cdaeac6ac"
"59113840.jpg","7c1ad8590bc45a66bc5f327714f2899bc64678014a569f54d2fb9494c32b9978","59113840.jpg","1b639ba355f432177091dbd593e9ba4a3e60ccd21dc1503d0b47878dcecdb501"
"59121008.jpg","488345420383f1b781158c7ad04af4b11eece71ed5bbb91cf3d6750d91c0759b","59121008.jpg","37c70f8cd283da17b1906df11350cf1ae8d375fbea4f7a6e46bdec869b7031bc"
"59129789.jpg","a999338ccc5523dc5309a93647a9585eedcea83c33578e2c180c2b5bcfe5a84e","59129789.jpg","5f195e7cf54cb734bb8699e707c4a891c40016a06172f628497aa86fdee767d5"
"59139735.jpg","6af580c1050eb9504b9e59ad840ce1aeeb0f27d1e93c9b47dfabc04b37a733e9","59139735.jpg","161bdaa8c9fe9dcbe5933faf3590b7d8c6568100941f79f7e6aaeb97e9a7f6fd"
"59140026.jpg","de1a719443418888a983293a14bc832f280d459c7cb149cf5d87543a61a6969b","59140026.jpg","91860d0d72c2f4e09da13b20a27ddf60b58398245939b33f6fff9ce79297f8c4"
"59140242.jpg","53ad0e4aba1a87bca59e944698adea3ba6de5c8af983d52866a6f46743167b88","59140242.jpg","b770ecedf5b50ca08a0c1be47ab09309a53d5636fa7196d80ccb79348a6332af"
"59145129.jpg","af5f842eaca934201534ccf2094eddd594ecbfd66dcfe611acae58c01c19a3b1","59145129.jpg","742f9fe95573d6b6299f8ecd90e280cd993b41afb8ea8358615fde01c8d705d9"
"59146784.jpg","347289d91ca917529e93e0dc0f050e05295c5ab56c31a2108619a67ac37a9dad","59146784.jpg","5d12e4a9bf782bb083bf18e7f5f10ce90c9009c20e53c3c785f3f0de47bb8494"
"59146999.jpg","ea41791b6aecb59916fe1c89b933e7658a5478068c16bd71f29029d7b8e3d3a0","59146999.jpg","420ec6d0e6879c5e258c71dcd9edfc096dfc24d2b005985c2c192e488a9213bf"
"59149600.jpg","abdfa8b5a108a7c94fc76f176aff3ffb721832ac629e0e5bc4a0bbc04b47c975","59149600.jpg","fec196cfb19cc521f1622748a9b79e5d3c6fb43271d4d3dba45d75756d95c790"
"59173786.jpg","165834493f619a2114f0bcbd45f6f5fb6b2206482b874bc6481e365f8828d5b5","59173786.jpg","cc4be43057ab039e86c2f24a487f66e33aa1c73335bdc9aaea7bfd7f503a8a31"
"59197308.jpg","b16f01b30452940bdb168156e5908cc19727dc99dfa26856b74ac0a06abb1b89","59197308.jpg","869dc27138aad303c1386933cfb97ebbeafc02e3448893f0b4a390376e3609ac"
"59200190.jpg","a1a44a50a7d1a2c8d77c12c05cf55b927844f2bd8f524f0bb0c96b6a8e697008","59200190.jpg","3eb5cfab2d347b6b79d2aa2fca6d77dcdfad73f00575e78f770eb971042bb283"
"59207616.jpg","70f6599f6dcaf0976060011a8503a04f67073d3683692684ec37c9e867ef56e6","59207616.jpg","95a0c28a93769d694a7339b9d4af6af90ff21e0f21312871ac95fdb842c182a8"
"59217175.jpg","20faccb5e9a65849fca1fb4ba453eda2bb19ec31355b38a109cf7064d8b24444","59217175.jpg","cccb2b76156f50caf383dc9843c75b823e0fd47261dd5010c559d62278354fac"
"59218000.jpg","1ccdc59f382877a648b218f22686e915a58cfbf5fee9875a3f4679b32f0310a5","59218000.jpg","557f9055f72c232deb00bd06ee2827157d419b311251ba3742f373444eb67849"
"59219701.jpg","c50bbabc4f6fb397b4f6f3a39a3d0358422147586f775a1a75bea3a1329e0e29","59219701.jpg","ef050b63958893496227d6e131cdc20ad4977dfd2419e8ef97d78b40dec409ba"
"59221441.jpg","c01ab42aa6d7ba8da4e57bd2b0ab9617cee6f070403fea6dc17bd298d898be47","59221441.jpg","0f764557a134fd0cfee24192add09fde1b9f21d6f477bb3abffce095b5e4a639"
"59227604.jpg","1f2e484889ad19cdd78ac6c33211ea620c0e2e0a35a8837b7a683514fb9cfc74","59227604.jpg","aa41c5f3954b5aa05ef250263fa66139644df26ed5d9eaab01ead26d8ec11f39"
"59241565.jpg","5ad154464a764d0685a2bb805d6acbd0b56693d31583899c96b29eb4c9ea19f4","59241565.jpg","72d0605e96def4f80472cba30ad1d5856ce86235e95807956b0a1ab2be0e4653"
"59243512.jpg","51fa9ad2c0b820fdf7daa510d28efe1b362fd1497801497565133f51cd90f409","59243512.jpg","2151a437c44c0c76621bcbcd2d012a2ffb64e3299fdee15a077efa294e52ae8d"
"59251709.jpg","7b5de927eae81a7950e935156c3ee76feea3b498967c2fd2a276f3840483d328","59251709.jpg","fbd5d2d121099f7aeb6a81492995eaee879e3236421df02dcec53124a3c6a33c"
"59254348.jpg","bfde2ba8c890bd0e6c534660eccef67573e914e4d88592724eff6839c7dc5a8d","59254348.jpg","35f48448047266390bf0e4abffcdf4b53bf075e6cd0dc623889ce2e89600456a"
"59254382.jpg","5e4732aaab193b203451043758540be367d9dc7c19186b563b453ab1834dc08d","59254382.jpg","6d5bd5333557b1f1b2296d32fc52b866127cd538c121e1552f00bb72adebb510"
"59254851.jpg","05acbc41765e9e8a2163806cd6efada098777223c5aaf5d00fcafa799242f3e8","59254851.jpg","5bf28e4edbedc324f167b685b70b8fea769e1df1486f6a9c282ee7d43d4cfa8c"
"59257493.jpg","51517cc1eb2b459628ab35edf5837e044022e30ed2ec3d92d85a507ebb69ec62","59257493.jpg","66b16c7aa555304f2f882cf6437f651d6e800bdf7752a5e9050c873eadbe4462"
"59257497.jpg","4019dbc71c5096b12b3f557ee5ecceff49c007ce0591afe419b3a9f8f580c6d4","59257497.jpg","e415b658bb4c132a18c3ed3caf81667cfaceb170e13460396ae7f1c8a29689ef"
"59257724.jpg","ea6f146c8b8c874a64012272ddecaf08fa529cbe583b32f5e7776aefa7c2c382","59257724.jpg","f5f854d52226c928b7f0cf37b4e8159b2df4fd6d70a22ea696ea297232badf94"
"59267392.jpg","cf83ef8fc16525500ba9c58fd383fe6874b835269f68871868d94867828f5b49","59267392.jpg","a68a695a69ce05f7d19c8606e459c8f4f9a0157d4b5402f4a1add9379dad9278"
"59272038.jpg","3e1c60406e4402e58e6ff5bd7013fa2a3bf00efb998c5c12461fbf8fd278cc64","59272038.jpg","df5203ed1794dd9fa691489c58f286f7b44b497546cfcd2ec335b316a455691f"
"59279902.jpg","8373da42499310598b5e3e140de759c91b3b3446ac794578b485914a337a1a15","59279902.jpg","269e28a440db68703d786dda276ace3f05099735a84cbef16d581e24359814c5"
"59285149.jpg","478d8b8c1346f00015291a830f8278a3136bd2e609d84a3df1aca6e9076c9750","59285149.jpg","6b0dc00937be79065456b88df3a6cc445fce907d81cc5c7ddae118ac99d60fe9"
"59299400.jpg","4201adddaab781fff768025108ef54aaf136131bfb188c779a951af78589b180","59299400.jpg","ff78df419d5a8b292df95f3d1da82bd4614cdd6406dff5c39db22c419b39b698"
"59314741.jpg","f93f00fb31d80d8d762f617a65df4c2527de997e1e672be1cb74ee35ee48e080","59314741.jpg","fe0968d278a7e4ae742abb14b69d8a3e5bd208543d89efc19d45666e07889c28"
"59314779.jpg","f93f00fb31d80d8d762f617a65df4c2527de997e1e672be1cb74ee35ee48e080","59314779.jpg","36741a3fca600632fb82b5914f99c780700efead71ee0d978ead979375804107"
"59314918.jpg","ad24b28d16ad9d44553796003fe8614f7a56bb31d6f0304724f1addd065e03fc","59314918.jpg","39a97c62b7fe21b56887475b48ea062a19ac9e8bc6ee05fe1d3c36aced674c70"
"59315402.jpg","597e4fe5bbff29639408aa5aa4ea3af8b8d19a0b19281477bfa9b44b304290e0","59315402.jpg","87b4f0a908fddae4bdce23cd51577f6a39f923e8f419921b3c8eb91f626263b2"
"59334966.jpg","c1483fa1744e9682e38f25230fe4c5ddc62e3d9865ffc7b68e4a14f8687d6d9e","59334966.jpg","06ff0c63d3bf3ed4b006681d47cffdbaa58e270adf1b7d4167de995fbf253975"
"59337636.jpg","78f0245fb857f43099464d7fbaa8c5b3901aa3b1a1097d8a38eaf3e2563667ad","59337636.jpg","a10cacde09e551389530a159eb128cae943fd2a7fa7b1c2ecb378475c2b03039"
"59348035.jpg","614a8c7d14e71990554174690f7108daa946312f3f84d0ff0ff336041fb0aecf","59348035.jpg","358642d6697e7909be2bccb8baaaba2c35577e6916697b1332b394ceb0874bc3"
"59358000.jpg","b3e3eacae76b91a163cfef32e3aca57ef407d27ede140a29645789c209897d7d","59358000.jpg","59a56c16d670b190f4311c46058064b17a5d4e22eee3fedd99d5f835fe0745c6"
"59358860.jpg","de78419eaaefc8fe2bb845eb232e3cf8be397f21a9c8f656053aed13e88e4142","59358860.jpg","5e911cc515abc2181cd7d6d905ae7579c8f71ff64457ca517a1e22fc83431bbf"
"59367319.jpg","4a0e3ecb02322bfa7dba0328bc0b251208354a5f0dcd7761440dc7f5dc50aba1","59367319.jpg","46d76c9a1c9471a39b1f156d49b8134d2f787aad7146960e08700ddb828030b0"
"59367478.jpg","bede62c173ba490047a1aa25415df9bfe18318fb8717d08e521220b13b8fd25c","59367478.jpg","0dbc288ad58d6ab653d3d16f8db236042003a30dea022406e5bd63ff3d691427"
"59371857.jpg","aee8c2500ecf36408b31e06eeb4fb72cd39984011d432d4061e8ed4604710b6b","59371857.jpg","36b8e60d0f8f79c8aa0354e248c86dee71f77109dddb25a8b6c6c3bce107a690"
"59373448.jpg","7d4918ade2e16f1184441db7bff110676c7adf5e29cb4617cc1b98c835693a4c","59373448.jpg","cc5bfa3a39ff7958b20f9c827389fb5e3908ab887856fccf5086751b828b54e2"
"59398677.jpg","84f2ee735c9528c20ce67dd4a518d9b85ba396b907e99d2c9c2d641bcc00632e","59398677.jpg","e981efd2beb6391f1d8fc9f0b9046688dbc5b3fefe609f32a2308a7117b43d88"
"59401175.jpg","34a3ba094a0655da8adfebbc2de9dc3b301dcdf4b565f88e04d3ab6fb04bb673","59401175.jpg","73941d4b6d281c36ab63bf679620fb264b617bdf5692d9cef2222f944ce7ccc7"
"59401188.jpg","38a6ba9a410063982637224fc7e514b536281de762079746ce9cb8bbd19a1714","59401188.jpg","907f7714f66851c2f8644ad03ce06da13fb1aa5d561db59b1dbdd62e5a723e68"
"59408543.jpg","f1d3bd3716887daf3209c683454f3001868ddaafec44a0ff0a3af96dca6c6af3","59408543.jpg","cd4a933cfd1a2ea0d4238de667c08be0fe671440080f334a49eeb06e649b2175"
"59414518.jpg","58362767be91fae28e488b56d5c1d88f2ea688d8c544ccdc4597bc972f5b197c","59414518.jpg","4c99dc693fa3e3a8b69c842eb07f3388bf35f75ba8b0a895fb96989a227ce775"
"59414945.jpg","5656102ac60114cc14961d44f4ee284e8e728b63737450a81f58abbc43d338f0","59414945.jpg","3e94e0879a72b733aeddc8f8f8d433194cc245e313a2b314265063d05369e29c"
"59415409.jpg","bc6269ff399c431e35bdb42b337b82d174e570c3409a7e84748e141609f3ac19","59415409.jpg","eb74e07ecbb2fbc415aac794d35fb696d758b2cfc0aa15a8de5f8884e2834a64"
"59417021.jpg","32c635223086515570a7f5fa1893a275bf86c676c2f708fff20949971693c67d","59417021.jpg","5b8802fb8da88a198ecb07c0eb834e3537532a658c95cc1ed076a1732fdedd00"
"59421334.jpg","fe3fd8c2f0a64e36eff8d8b2a333adeedae3a0d9af596a264ae5e875ce9353ea","59421334.jpg","ca768ffc509a6c0aaa313d8c31dc1583711c2485d56a224415a1ec79aed776a0"
"59429010.jpg","59775c380e8a1103918f05e0e35b7be7b27de6384a22e713783883f9b628cb03","59429010.jpg","75f6d95507e7876257fe19197c523e0f25d7bb612e6112170a7e8573f124c863"
"59429302.jpg","cd728d33b7566ea963de732195990e8e0c2c09bff70bdf8f25e71bc87ca78c82","59429302.jpg","3f8492c53713a8c1dbc000c20fccc4fa12e4ca6d071c075f16a432036a82f3db"
"59429323.jpg","e9a08ea2b4c876e344dab4c80ef09550962f9957d2310d01745cf4cc62e60b89","59429323.jpg","9dceb2c51ea5d393adc1e2e80edb8e99c1d921ea31b40e510534e26a33bb3f94"
"59430378.jpg","e9158e542371812ddac9b51a8741dca98d2bd94dd85d0c675f28e7073bd86fbc","59430378.jpg","1e09b8b1bc9e8b8722704039cb3943dc689fec4810570594f844893e5ffd3640"
"59434090.jpg","de07e27b4d2bca2f376bad1eca7855d93b306e0677f1b36df3765a33e56968d4","59434090.jpg","4e804ce146a1a6b766f9e6ee91de80c40aaf7838d3f5c1f6440e2818beecf467"
"59445059.jpg","32126ea9f5bc19cecd8e69c65ef92318ff9c9b1f1f10e3b9d1cfebe4541db4a6","59445059.jpg","bbd43a362166238bb52714083247d8ecec801af2067c078aaccef1b3ea9ec15d"
"59445120.jpg","747fd8e9ac9d66d8b1b8064adb597b4605823c4d561ed886ef837976dd7cde5a","59445120.jpg","f9dfad0963a2b45e9997df4e6e36ca834d236feed2f29012d1794099188374a5"
"59454544.jpg","05f2d3ba6e13ccf47483c6dd630b5874c7c8e9028d125604c1b021c2bdf62ae2","59454544.jpg","b85076c4423140cf7cbcea5d70fb5ca8d5eb1199fbc74057a9bc15ff34fedd16"
"59455634.jpg","958dcbe2682eedf04e265e62db0413346dac03418e0886470cd0483ad3201418","59455634.jpg","debd7781e14ca3869c68504ae164273145cf0aa0a9862ac6876324d8ada87abf"
"59456619.jpg","52b6af56af6a211bea58e952b4a4ee08a5b9e5128ef1e7c3e69e512b9e3ad9d5","59456619.jpg","e01348fcb9357cc664ba037ac419e7323359d37585b2f85a5e94d8900e95815d"
"59459077.jpg","1b977698be556539b1dcbc701d0508fa56c921afc84bc97a3d81a394cafebc03","59459077.jpg","f2e9413f863088a023628862b0b4bc7225e36ca5f18cb4fd678b4bbbde39a936"
"59465737.jpg","21dfd415ffc9017ccf2c7c781d14e1f443bcd821f255d4fa1d09b7e1ed33743f","59465737.jpg","edf89d0e831b5112c848eb658e03edc1600edc904e0a5611b70629944ac2b988"
"59470432.jpg","a91256144b45d003c6d2b6b686cbe1efb8743208fb10cc424a049cc8f86005a9","59470432.jpg","c318327d99cadd3ca2f00b3482326f402c09f0e33c4ea532c6d229b0689d9216"
"59477796.jpg","df9600b2597780202271a3c0e00dbbebe3fda766e365593f5044d8444768d50b","59477796.jpg","2eb474d73b6e8f65dcd604b2a7b4d624d7e268f6b67c42c1601a5ca5cb1f79c0"
"59482717.jpg","381081e342b028f37ed561f190590a3b6fe2d9275350adecafeb9f7426e50cd3","59482717.jpg","23fbce897c75ea6a13d03f41646eb0dcce1cdf32de5b95883de5eb1b982cd79d"
"59499073.jpg","e580767652b150cb41391c79457e5c52a2efec7ba7013a08c9e55216fcb8c39b","59499073.jpg","ef7ab05a3efde5a3275a1b8e6b3cbbeca821ddf39827656af2beaa2961192a89"
"59505640.jpg","33a96c0d742a15b07dbb250eb66ddf39b972536d9e88f9993c336ef18b26954e","59505640.jpg","99f3df9ac310525866aa02a4b9df6b591430e5d221cabf82f1795f059f5a166c"
"59506632.jpg","94e9b055d9f75f6e78b3a619beff7f112bebe272b52cdfd0410981a878351a26","59506632.jpg","332ca1cada205d39425720a264b1f1ff8f4eaaf95eb0b16d003c8a7dd7bde0d4"
"59515523.jpg","e9611ed0596ea94ee900c5e64467c3c4166be2e14e1aecaa8166008d13b82095","59515523.jpg","95dbb95cd9372f8051fc207dd2ceb4626ff905c619f0b4b5a9b32435301a9e93"
"59517678.jpg","552947fd3fee5334ae8c4df70d5cd753e50328217461adfdef900cc935ddfe46","59517678.jpg","b03b630ee59fc46831ba1712482b82a9495c4515e2fc8f6bd578778bdd284b39"
"59523409.jpg","c5aedcc56f0f0f0dafce8b889842c05bb6a9d889b481759c0b02477a681e056f","59523409.jpg","354dfc5ab6a8d9201ae0ccc6e115c3f9c86f3b27325644aa64388c552a9532eb"
"59529472.jpg","93243851735b67268ed8a434afcb517a3eea4b0779ae78d79926da7d87f7ecfd","59529472.jpg","14f0cf89fe998fea006ab4ddc3af9139af1654ec8cac7d43e2b922883b0f48af"
"59536952.jpg","136d17dc759d3245199833109f1f79a8d5b923762aa804252bc39245c93e96cb","59536952.jpg","43e712d3f413e74d4f6542d2ef154a7b7ba59162ec501e730460d7c116a5876a"
"59546953.jpg","b8548cd01c5ba818f6305b0e13902d79857c117e7ed788b5836feb91ce5843b6","59546953.jpg","b032679e91919d8ad33bea357fee83aefd48bddd9a75d662661757a014bea37e"
"59555103.jpg","618fc0deda2e0571ac956cc989b4a9e13b842b69c6a92ab2f7e81aebe276ce93","59555103.jpg","83eaccc335bd8c4a92dc5607002db6cf0e46dbac040e2e892ed72f1dcd6fdecb"
"59555121.jpg","188684567b22421ed0cc1bc4aab1fd2ec9ca04a404e6528d6dae5da7daeaf403","59555121.jpg","70fc54d36738e69637fa40efa048524c1d0fe9ac1c5f07eab869b20839be88ee"
"59568855.jpg","b4db6f24701083921723e0c965f88b069f16d647a01d26ec44709c85a73f7cf0","59568855.jpg","afe4a929629922bbe3a52f6eb579087a43d00c254c3a79e24bc45bcbea184a7b"
"59571141.jpg","3f65b18482ee3935d9dcfb695c0d4188fcafbee81cc237ea76dc0483cc3c4fea","59571141.jpg","50c7149d805c2e10fbef7706b898500c0211fa0dc793c7ca09ceaabc50a9d59d"
"59571330.jpg","5b9780e630f05a49d2880256f5db2940e6bf28cb70cdcbc57bf43f23dc012363","59571330.jpg","44381825f9644dbf2f186b432f072c8034bc05115119c949c89ecc8f17eb9805"
"59571437.jpg","0a38bb75a058fa3f879debac42de6c3728f406b312c2fc4b8f8e1af7c665bd5e","59571437.jpg","c1bb3cbd0c9330cc482727483a516645bec861aa096159cc87533cc83f3a7774"
"59574328.jpg","643e4c7168c9242757ba380f6a16efd256b479a133c7227c10f66757a68937b1","59574328.jpg","0dc11c2187033511a6753932993dc1a8e2ea8292368bec17b40c66aaaf737f98"
"59578975.jpg","180badea196ca6dc4c5e531849275fa3551f176905e94c6de3d2c667ff3c1297","59578975.jpg","849ed91665f4317b96fafacc0e023437c531b09d8a403dd4a130bd1f60f67669"
"59589277.jpg","5b1e28a6f13151856d77f5d6112f891d76eeba61e096ab4ce47f5640124a8630","59589277.jpg","55afd6266072bb9b9468601d32ad0755e58fa9b0206420b4bab9b6c286d66425"
"59589913.jpg","86fb7be1e206684040f21408d4faac57e2ef38ae3b538a65d30303f2a77926d5","59589913.jpg","fabdac5dec2a81da105d853c4ec191b44eb5abaeed0ecdf9ae99fb6ef809c690"
"59594715.jpg","17d0eeff6a950f1534ead86900fd61c1972d3c8c08f2bca05b5b5b0d6c152e7f","59594715.jpg","0977c3ee75891e0cb305ea82020baf3b461641390c5f579909e69bca1e9e023f"
"59601990.jpg","f2a3f404e79a8d03f62d5ea4fef313b4d28b900ee959fe2cf99557c4a81e2ab4","59601990.jpg","943f40bfe5d4b3045802ed1ff1903f0fc4ffdcae1f4705f6dfaeb254845c3c24"
"59607291.jpg","c1235c2231b8c7bcdc03370ba4e1618d01deb57602e583fa71495350efc8b09a","59607291.jpg","3b15c81a06a6e91f755484d7c152d255848cb5ed5fe5f07f37fa4e7b581f677e"
"59615011.jpg","0edb10f47131c6220f3d2272b2c8f44d1a3cf13dd39d5a5c5361a02d9eba337e","59615011.jpg","1ce3bd37b107a91809f8f125e691cb9972550b96b865234f6b1a8a40c4596f57"
"59617272.jpg","f512c8feedf8fa12414165e6ef74fd853fb70a8293c0c1c28db11d6488cdb330","59617272.jpg","004669c370d99c6e3938944f0176c2c219fee0488cb6f121532a7cc3f5b2c683"
"59628009.jpg","3f6d79307bad2fbe4f581479dea314f46ac579474f7212a0930727bfb838334d","59628009.jpg","4cca776441730b6ea8b03b9ed0caea755386ff8598cb679cae5057417e98260c"
"59636566.jpg","522b924585c4fa9e0c99bdea1923201b306d6da960f295ba360d95750eedf08b","59636566.jpg","847a15b5c9e895fff3597b886948e2eae10c5cc1b34f617dfb54975959d479ce"
"59644400.jpg","0455f2cd2d60eecd83d2530d30f8ebf67136874cc85e55239de84c6cbe70d029","59644400.jpg","12c3f3193a00ed014aa0c5d37f088438f89bb442dcb6f88c41e9a3f9d66967ec"
"59656141.jpg","a2ccf0aae53b0a3216a8bd28b45901ae1be31160a007499c3fdcfd6f858330af","59656141.jpg","9944a62bb0e7ac4c9971b965f30e9ca29d3925e8e158d49132617e139ceb3269"
"59659270.jpg","43ba02e394b78299a8119c0c51bbde57978fe663fe010904cfe5c570be9749ae","59659270.jpg","53be5f82518d23c93872ec4d21fc229502c28dd9bb54075dbfec8cb0a03111b7"
"59669555.jpg","d0b64874046ad04ad6a09de57d29da4d28f13232ac0b039801b3549607a6f6ec","59669555.jpg","7483253d660840dfa91dc8314bd6d614f4f4dc5f444db55a89afa80e8f2c8869"
"59669582.jpg","feb8daed5b2bc12a3a327a0986fadcbcdd58e32ddbf70331e3519391439af450","59669582.jpg","8bd709a8f4d8db47235013a38bd8b15a47b270e258329baef7e49e2a79c5e327"
"59670682.jpg","77c966927ee1cbabca3c8d4ffc81b256f52d164d9d540f11f92c14877fa72bae","59670682.jpg","05e88041d2f4009e65a7fa74261604f6d092d0ce52f3d2385199fbabf36d7671"
"59670860.jpg","b4d6e9092a2f41993dbc63364ed3c511023bb7762876c658dcf489c47a2dd01e","59670860.jpg","8bddb7aec7429c72bec238a78fbdb096585c842aa0b9ce33af11e37b7cd645a1"
"59677978.jpg","dd5678a8c1a404961953a7dca4369526628b8d7b47386acfd2293e3820d1c7f7","59677978.jpg","58f55920c4558e08eb548b4f2637d1f54a60ac5bf25e491cc63db5087d5d0a8d"
"59678026.jpg","adb75515427687b1e081ce275033146da15deb9d4f50776396d323b97ddb571c","59678026.jpg","9c9c6ca853290d4d2b6ed24d78e7ac81a7e8242019a7e1945f0a234949fbbcfc"
"59678187.jpg","d92dd4135f9471433a67129ee21fdad23f9d3616c0d30a07915473dd20e7c17b","59678187.jpg","d040d03dd451413bd198b9aecd3e9ecf209a796f22c9ea9e57a8015c1ead806a"
"59685869.jpg","ce9ff3d91caa536bbbb3c4af93c51682400d7a35a670a3672313472b2e08c9cb","59685869.jpg","1885cf0c55fe4701b4205a4b8c8666bccfd0defcc4c5c80efd7025477d80e00d"
"59708135.jpg","62f8aac4f87169b1c0ea448896f55e22f4a60cb5081a7f0790091d73075d0626","59708135.jpg","c394328f00e4c9f87126459cb8b4da8a8d7a43bbc8b3a0b380e1e146ce77c775"
"59716285.jpg","4f2d930349c3b6e774a36b580c2ec3ecef9928c3f99ba02bc1c7189b571e2d8e","59716285.jpg","f268db1464f1b04f18f74c720d0a50363084b09d6b8c3e4a4edbbc91b1adf1fb"
"59716305.jpg","44b4ccceaa713697a1b30ff1332e3fe84aabfd9b1b401a500195c4edd8bc3936","59716305.jpg","25da3360916be683b32d163b1ece1cb6639cfd99c96653488330cd37006182fd"
"59718596.jpg","491a0044807a51c16dea36d70f5b3557f886a46a215414058b63acde09780788","59718596.jpg","493ef91c81a0b1e09e424597e26bd8b87f4afc6e969cb3eda2e8117ba7b0cb7b"
"59722125.jpg","66f8cdd489972834c870637aad88b045dee0c0fa6b93a39df5d14cbe6e0858a0","59722125.jpg","a83d236c1fc4602129c837ed345676ed403ee4fa1b738cec0bf558f47f349222"
"59722168.jpg","bd455bd4466bce48b9c6e2d8a328afa8a97ace0bd69fb6731665b55e0070ba77","59722168.jpg","39059a38d6303a49711724b6e2202b63240b2d2b858430d4303aaff98b8ba690"
"59722193.jpg","afbf605153f22910ca59160ea23e2fd950bb44b193eb194e7ec3f7b91ff625e7","59722193.jpg","e7ec5ff71bc18ec0c1b8aebbfa75f08d8d4a342c4d4f86b42e237269987004a2"
"59722309.jpg","b27426770da7fd16d5a2e4235f389e2f9e601a5277599a200ed84be6b690d7af","59722309.jpg","0066ac481414f8f4d8a87f44475dfbdc6718517747c06690510a24a1470bf002"
"59728680.jpg","3d339bd74a767485acbd1fabe6fd0a07c1507c5203c1aa643e1d9a5b14ffc2bf","59728680.jpg","ca13c561d9ba02f0d4705be7514df68f6a3f404a97c19294b4f2e4cf6c705f54"
"59728797.jpg","425044892a673c2439d97b48930315f0643b7e86e9e880721945190d25534540","59728797.jpg","3b040e357b74198f98adc605929e683af00a326e1944e45a2e61677bfaf84194"
"59734637.jpg","8d4926ec85e81a31affdb6df4b8566c5febf1cb22d9476c468d76846e456776d","59734637.jpg","3b32866b1615782e840ab796a323ef2cbd7aa86abc9e49df1fe9041580393faf"
"59738985.jpg","1d5cccb00d788057581078252e6e518c83f4dfe12da31f092a317904ed3a594f","59738985.jpg","d516141bb1764becfd8a660db57fea05e6b86d9199681262df2c67d4ec993c0c"
"59741379.jpg","479372f62e84ab45c6ae4e97bc4e93d0a4670da061257090b40b90a32b146642","59741379.jpg","eb5341c81d7b0a72f31bc56d8247b44641f3d9345a05cf9bdf67d97012d30860"
"59744054.jpg","770546f87c6a954ec8b84750db2df2c00a8e4c01d4a1f3b1bf0ca0c07ad3bf01","59744054.jpg","0224aaa95cc013703d88bd6071aed47a51541fc398c8904157b943247869c2ca"
"59745165.jpg","5c5b51b4fc9df3c7a1b8ad17a45636261e3320e762e4b0a4b6ace03af27750ef","59745165.jpg","e0b29abd77b0eeb1dc556a03ae6e0ce2f3364b783b500545d1613b09da6ebedb"
"59753437.jpg","c2924c8f19dc5927d4e555a544f7c259cbe60e91c8fcf4c4ff1ab3296ef60a06","59753437.jpg","739ca188e9f4b6411f0462c322bb54d708511d4a605ee98420da7454de7d8faa"
"59759912.jpg","77543393a58eb6a48b96d49a8f27a27512c773d603916b6cee2fc286174daa56","59759912.jpg","3920a58a671f763475bf5cd5646472beb6f3eca6f71dd7131cd53c2c12921421"
"59761235.jpg","b57eb2a88a851fd948281be27f111913f699039e749f5705c47f36137a6f86d7","59761235.jpg","5d52e387a2fea62f15757bfa2d648218385f4ad7852639cdab6086adf8d2ff5c"
"59761991.jpg","4946b969f79f276b0f56b0f3b107eedee5a5352318fd49d6040726487f4333f5","59761991.jpg","6ae4bbf2cdb337db0df4789c9335ebc7e0f4307d8b47a1ff2875294e2ec0ff12"
"59762148.jpg","d03b1ca8105dcbc65dbe2752ea87ddd3dae4f04970f198c1fe34746efd57454f","59762148.jpg","5196c848d6c2af6c7bb4b851108927c3a57e6b175975ef94b3b86a41f3135871"
"59772018.jpg","cced4fee2e9bc5236b37259177846d5ede34d0f8ed76bd879142e007481b25ca","59772018.jpg","309c4f33860c039399a4068cac81091af8cadeca82ece9cecbe42e0645f8a8b7"
"59774174.jpg","ace2e39c069ffedbb5736fcb85df8b7f819890f51dad2bb162dd73952dacd1a8","59774174.jpg","1aeed84979bd2b7bbb7cf42f9b1e50fdd759ecd978ed547d1a80ff8fb9b0052a"
"59792837.jpg","9189a15b131d81b701084e7b284d8ee5128174db8d807ff03446275fb3dce568","59792837.jpg","4b666103489019e403366081d32789ff2c804f9ee06b3427fa5c42a5f3e3fde7"
"59797692.jpg","77f8f511a883aa6d33f14d93685721f9117dd9abc0fe07e81600ab598638c4a4","59797692.jpg","aa62a3bedb357130e803394cdd3f1333570d093b8c97ca6a2ed518c92022dc67"
"59804055.jpg","605010f7f445f08ce1220e0aa4ef06dc2e01567cbd7c538c68e2cd2476d00f32","59804055.jpg","2c19b5b578047754f7335f5bc7cae04cd9d0c780cd9501609444e284b5779ba1"
"59807046.jpg","e0da70e0eac52d1e195d503629021f4f6384ea9ab3f518ff68452ce67368d614","59807046.jpg","1412a862ca418e83e89b9379889f5d4744feb64d5ba9a9cc45094b32ac125c25"
"59821797.jpg","f6f88806aa393efc77af3fe9f4595dc6839b03c7385e29cc76fa9fdf272d51ea","59821797.jpg","a4f1731bb1d08a02a9d8f1faf7a26c9bf4cb77f16fb7c263c16fcd689733c94d"
"59828012.jpg","8cd1b14577fbe6ddff2ec471485ea71ae7a62d7e0431155447c1173ed8a00273","59828012.jpg","f8929cf296ebf141c3012d71f754e6615e919699bd6a7b8e46826b73738f3b6d"
"59828054.jpg","cf5135ecb154446d22c817594ef07d4b4e737514970b0f411df341f3aa5f6e63","59828054.jpg","21ca6ed9bd835eff0d0cb5d14815959c9287ca65f960f50808d2858d47d14d90"
"59835098.jpg","8e18562b2a41b4dbe283d2bf97bcc2804729b9baf5168dd5b6d91527eef15227","59835098.jpg","8ad6a54c682bed159b932bb6464aca1d7338569e18f487b10db51bce36b66da7"
"59851588.jpg","09ed221494dacfaa933feccef1738ffb849c9936554ed0ab26c4ddcb28c3e585","59851588.jpg","50d0f2dd87dbe6f50886df1a08b9afdff2c3ecd4d68e11934281c668b81e47fa"
"59855286.jpg","b07c2bb9b35e0e7a1a1a2ca4c2f836a8cc088e21221fe927126cf21e3d64b76d","59855286.jpg","8d21cf3eb8801ecbdf12c486058f861c73667e1e9c1360753abe26f5b215c601"
"59855370.jpg","9d667bd8dbc34aebe94354a196c9a911e7aef0db634abef9e446e8480ba45e3a","59855370.jpg","0c98599c2b441e83f7cf4f86005c22554c4de808f39438fbf13555006cc44d3a"
"59856448.jpg","187da96dc3a0962c74d06dec5699b333614fd15af57211970ae6152398647bed","59856448.jpg","6d9f9405ff48772cf97453c3953f482fe2eaaa3d3aa6f4c2eb484c6ed2776518"
"59868513.jpg","adec830207a7f9b5a6782fabef9aa514e26e8756fe9470aa4329b455e1fb818d","59868513.jpg","091b78e85136a4e1132d6e0e0775a070c8e22a3db98d2709d00f36ad1a008c21"
"59868545.jpg","1ff17c02b9566d69876d1f384ba8529608f82bb056cf7bfea48151dbfd4f62b3","59868545.jpg","df836e3df8c7a14b71f02f2967e515db995ea90fcaeda093a576652cb4adc0eb"
"59903219.jpg","edc5bb098ce974577eb27bc966f544c0456e3671307355880be857949bd9a701","59903219.jpg","b0b911cacfc9d215666985c3733a61be77bb7ca4046e0611e755e5ee5714385f"
"59912634.jpg","9d3b93d58e39361f4223bc35b79b9156aaa4868af5cda5a612f1f8c0863be972","59912634.jpg","105f971a84b07d7f5797d95cb139fa8832dba7f70ccfff9caf68951ee7132f6e"
"59918694.jpg","9018da38ddd22c839cd049dfb64ff270cd3f958dcf10b5a2977d65c89da26550","59918694.jpg","05ed94ff71e1358bba9da3682a1b89f0b300e790c60dc12d514db93170969ab7"
"59918814.jpg","7f10ff2a0ea170ab566a62a22348239205d845e6998115cc99de6f081e664af5","59918814.jpg","dcae3eaf7ab26f61052688a02bb8d8621e51e142101c44328877e8d680cbe366"
"59944853.jpg","fb134a07e1b3ab8aa2bc66810eb0a50ceea4875c8d7552ff7477098a92f6067a","59944853.jpg","0a11eaff0cc9f1c0b63e3790ad1e6781a5cff9fbb219304cbdd3b6bc323a57c1"
"59947765.jpg","bbda1b6d27dfacc5b472bcb817ea0fae6689869052d20e248be1a03254b9ef0b","59947765.jpg","86d7eef732c54d2bc193d3ab1b6af660caccf714efe5f5eff9c817511f4fe149"
"59956886.jpg","97731620a17d74c2e1a456a5f9996037329a16507ec1fbcc195cd24ac04833c1","59956886.jpg","71cfedf16f2fe0abc597530a347ff745faae0aff08077804403b6e0492b01346"
"59956970.jpg","5c630808dcc279dec0720b9ba306cd4a2b24987f2cf29f631cda5f4dc79c2cdc","59956970.jpg","ed6ee3bca123685baadeff799646fd30b7fd1644305b698693c68bd53f7582b4"
"59957028.jpg","a4db41e8e56db97e595dc1f792d16effef1ce64e7dc2f566c51a5f4828d3ce9f","59957028.jpg","dbb6901f44258d5b1b2b58a4a335d0c827b9f2962e5213e21b4ca67a5ddccc4f"
"59959993.jpg","bddd54af8c842b23c8746a2689b3d1de7e30189a7affaf4661e46415e124ac57","59959993.jpg","2f419ca841fe7faea3e42b2fd409454e089f79778b1179e121a6711b262aa693"
"59960073.jpg","7eabf0701ceb338b2f9e6d394d5bb114484056f1eb877fd3aea28a83603db7a9","59960073.jpg","fe14f95f061968bf60dae94e218f34af52d53f55e69504468038eb878971b665"
"59972770.jpg","b2979d828253ed0dec4d163d2f544c8e084be0af6427bfc3d7110ce534e2fbae","59972770.jpg","69a33103e4e4ad325c461f98cd2d25db60e235cf685f78a03ed2702ec96415d0"
"59972792.jpg","2a92ea9182cac24ceb0a77386c9c04a9693fed0a7cce47799a813f5f3fadb439","59972792.jpg","b2afe970be454fb0e83f592e147c2c7aa391a007572e95420f15466e4eb66074"
"59972793.jpg","3ebccdbc9000191ac5f095d30c228727e390b489837b73d50ad2806e5cc49384","59972793.jpg","a5cd2e7b168f16a5f6a436b3ec8f6a44c92514d560d5f75fbd845c622782e443"
"59999045.jpg","5a2c4e5b3d38559280f01eba7e09574d7651f46082db0daa49eea07865338eff","59999045.jpg","eb0e1c7d325ffeacecfff15a58e56c4a553da1046c860f9725d52285baa93e4c"
"59999886.jpg","1f5c5a9d9cf193b6d88a28be2b0af5d2ab562e21365673693f9989018c0c9fb0","59999886.jpg","7c73d15dbb5fe7aba8bd3707e38b61a59585dca9e2c2b885774ee424c294a2d9"
"60001755.jpg","cbd0cc85582db2085d0157ba8e22823ef6e64c680203e6d98d15d0c27d4fbeb2","60001755.jpg","fbf971d4d906d3b8d54176463e773c884784a71c9fd4f423700754536a95d28f"
"60001763.jpg","fde728fd872624afd9062b8b0dccfed4a2b00e94d6fd3efec43e451dfbfd024c","60001763.jpg","9e87f122a0f4e847dae89f9681dd6e7b986168cc13c82e6c24823a62211c0482"
"60001769.jpg","d91a1c1a946777b575f658da2a012649a639df651c05c6ab0c74f84ccb67574e","60001769.jpg","8bdb4760c8c57b0e3fa9a0c5d0ddaf400d75753d80e1683d64a56f24e2247891"
"60009277.jpg","8a9308c1abbf853b6e1bbae032c7a510712be69ef0616d19564a618dbd419774","60009277.jpg","e803c32a3e60d01a0c8a6d1b804453f805f8b6c9ae2b561e436f1c62e5ba4c71"
"60010915.jpg","fe824969acd99c02557dbc62cd01717918ae3f9378e0ab51a6788be0d154dc8e","60010915.jpg","66fe6980bc764449c88db49d0eb5817a5557d3ca18e6155d3b09a71e285e7210"
"60011115.jpg","7095bbd9e91e0f8e7e554c93d781beaf1e6f35d483268c4218a1e8e6c60a305a","60011115.jpg","8c4d4d34e0bcb93e9d510797bcf609f4391e1829a95b49a9f826eb4e78d59933"
"60016435.jpg","5ccca216f81debc69df8188a93e17bc5ccb61f0c18cf2da246c8321dc0f87236","60016435.jpg","a98f41eb923529b995284652aecac5f0b8be7843d132c99a5b423bcc8e379486"
"60022476.jpg","adff71e6cb1ce71d6200ba6ff5857233cf50654e090cd68962ae16e2bfc95537","60022476.jpg","26dba9d82d521c5effd6bb9dea0460fdd1d4e4eab7f075feb84729790f60ad38"
"60022904.jpg","7ff17a45ac930eb9338f39848dcea46837b8ff1871235d59e92d9ccf3eadd4b9","60022904.jpg","7fd0e086511f5015a9c267adac1f9ebde70f35bddf524f3152092dd23822e742"
"60023234.jpg","8d2116c5a5d6260583efcaefa3e951854cff2c286915d94dfa6b1a65a736c7f9","60023234.jpg","d3a30184a0ff889852f05c7d8deb4b9addff2d2d49d2ccccf52d2c4a8a34d0c1"
"60023498.jpg","8b08c9d88bdbcbe4c331bbf5c3f4fb1bb052a4cb89a363fafb5fd27807735eca","60023498.jpg","5a778823bf28de1432577ba85b6a85e541d67a1631c098a8686d843a2b695757"
"60023873.jpg","72cbfb739276e2e800455f5bdf909f5078ae85c917555fb08d6962cd8ea009a4","60023873.jpg","76d45cfb81eb9ecca21d86663271b51372e556410776059799afcc4efd9cfe2f"
"60024776.jpg","bd586ff3c883260f8b20405fcfb97cb9cf3e71f9abc30da854e1a0a37fc8685e","60024776.jpg","a388d4126b955b93989ac7366527afb7f680c45a538347c9e4af9f31e8e049b2"
"60025298.jpg","33a505761ed7b5c7fcdb37c5ee9e32347b91fe9d8ef88a79f58b97fb03b60519","60025298.jpg","1d4f7c78d74fca22461b70f54ac7a6b7263ba114fdf112ebff6f455dee206eb6"
"60048760.jpg","ec28b9ea2f91867fc1cd3a6f41f918469438bf519340b4f0a14db9a7572861d9","60048760.jpg","2854104b8da908af7aa2e1d3e6007fe8d2841b9f610d4cf1f41c6c0993734aee"
"60061138.jpg","6b18caad32d9d6d1200b2862ac24cd0435f28e61fbf5a942730622294b98e1e2","60061138.jpg","486a33bb35f3e4b20ea45c10d18a690043a345f0f7269f447badceda205fe3de"
"60085581.jpg","dce9b5b7199799e86a7b32e7603f6cf665b201543c8a97de5bd60159b7b210df","60085581.jpg","fff202b904ea74983be6bc7f4885880bd054d8555d6ef692758646183371fa9b"
"60095472.jpg","13daf0c0b500058ab569ee707b83837809ef8e2d360bb5670a018b3d6ed8e5ba","60095472.jpg","113d9ed4d98fade7ac3bd5ec5a47dd57db1a7bfe8e67a978ef37bbeafda37225"
"60102780.jpg","1936de7e4a57cbea6886ba4501aafa62b88d14bebb058c04f02c2ad639788966","60102780.jpg","5b04c855f7cd4d33703c6a0eaea77f87334358c0782ccf77ca910f0f585e58e9"
"60103940.jpg","730ab2d9cb0c89ded6f7d51177ab1f29f944ccf5a033e8138aa619e008c5dd8b","60103940.jpg","045736fe9b069f1d4dcabd41cd4132e4a7011c932ecc36d977f453e9699dce2c"
"60104216.jpg","d672b80c46054b2559318671145a529496e978ed0fd0ff1fbce061ca79c82f4a","60104216.jpg","6f8f68d989cd3274e2bda1eeb2ee5fc2f4c7f93bb6d9bce232efcb18cf967c48"
"60104285.jpg","4177214b2a6bbec54759b650c1d68f309c43a0797ddee1b08f9df745e62c64d3","60104285.jpg","472aaa9ea3ff0866e751b26d4b5e3aac6469f1b5332beda4e550cb67677fd563"
"60108110.jpg","dd9783fb4df09b9c3f117573932027a79ae786c1a7fe859817eee88a82b9e31b","60108110.jpg","635cebc63415bfc91337a71148d8de4336d82b3bc0fb079acb64476d228a53c2"
"60113995.jpg","f9b854ee432ba98b331dbaf5f1a8687ac2060b9f24760468ce2d45992936ae71","60113995.jpg","047ae0b9cf80da9cbd8e9243921bc74cb231ec0255b369d8a77b046933aa9033"
"60119866.jpg","b4444b6a6c5595e7802ecd7a76e50b6757836ceea00a7980f92074cb1623a75c","60119866.jpg","cc857376c21f90df88a7a971c87d23cc2b2d30ff3b074a6a8b6040aa02ebd56b"
"60122320.jpg","6646a1fac17fcad76a25867682c8d6f3ce1276c4330d2ba77cb45b84aeb88013","60122320.jpg","fd7ac910b946cbeaf01c8f1147429d5f1c43f4e444f2e03ae8c488f9b548a4bc"
"60138087.jpg","26d1c52a4b9667e6a7e3bb909872c76cf33710fe82a9a84ed43888a965cbbd93","60138087.jpg","dc632b51f3cd3becd566ff2af35e5aafedbf24a21b8b9acdcc8746f10866ee57"
"60138152.jpg","25613412db25dedca86bc71c3275a0f9c2768310109f1f2d3ee438e5de64886f","60138152.jpg","a6a92a4d50362b3f5ea1c612d33874f089812abdb5ff76d1cf35934c9a35c035"
"60147043.jpg","fe92ad12fa81df3ebbe378043c7fe73bdca81e615877b56e7b7f2221526a7488","60147043.jpg","0374c7075fc0127732a037cd33eb9105283276546a17a87c26f7b40e561fd198"
"60147581.jpg","219cbce4fbaf9ff97c4a7a3647cbf82fba4353f111e6eee0bdef3282e1b44ec2","60147581.jpg","1c361a897e6c074b0dc5ebcc62d5fb611a5d7148e4fe70d9ff4a8cda6276ae5f"
"60176438.jpg","639f069b5d8a2acc458cc8bb1b6a846865016e77fec5599e4b7234a88b3011f4","60176438.jpg","bb3494987d727e9b5367d77843fb45377ff677c43d7e96981ee9c1389cb59c58"
"60180101.jpg","fec71cd004b9aec34671acc5759a70c25246a8ef06444d49e198583c56cbae1d","60180101.jpg","d5485240170340618543195c944bc3fb58843b741e3a197431567f19214fb768"
"60180311.jpg","2d3e41bca90c8e886a3e42e876cc404e83719d0591353900bb297a28af93d00d","60180311.jpg","a08ce46dfb613124bdbce6f5d9e0a3f2de9d4ca7d9a797823550d8d97ce6a274"
"60181412.jpg","5fb94afc1e9635713775afd66d46d1d3cc9c22fd3af03e617d679c81bbc44b72","60181412.jpg","6727d4ca4c05335d2c5bb7c3fc230fa1e00fb4ce75e337f64da3804cb8b28e50"
"60184576.jpg","c3430ac28621548c1bba7c3fbed199fddaef708ea3e0b702f0aee2af7ead0358","60184576.jpg","c6e6b75c93641ef68281ed55b9a429261d1a6138dab79501954128acd1697332"
"60220016.jpg","64aceb91bfc6f23ff76632b39f9841deb0f72f9aae123fca9f4dc4b1daeea9e8","60220016.jpg","7c18ca3b47d7439ac20efa091db8bdf56a97f0b9c6c181487b095fe73dd157f2"
"60228218.jpg","d7fb582d633910e41e3723ad66c80ef78dd2db3091d06d7d6659d1195705a869","60228218.jpg","de18869c8e581e2e3b18d8862f71fbe67317f5a28262a64f6141b8ea7d656a3d"
"60230569.jpg","79e8192440c7f24696a971ae3d1be4a98f3b6ee7b51f3e5abaf6b35365bfeb68","60230569.jpg","b058be9d4bcda31594fa02f8c2ee62f8b5e0b1556e9a745e3113a22524ee0165"
"60245731.jpg","7d0ca29c75be1788c0290b15801847bdfde55636b9d07f48b76c7137cc2bffd6","60245731.jpg","ade79e471bfb56f338c7a11b0669e9b403025129088fb52a555d30c5a215cd91"
"60249855.jpg","57a3574dbeda98950c81c9ea84f78b8ff0eb6f501c0700c565bae8210b861c33","60249855.jpg","0802dd7f9e2ad1ec9f097ddf855059ef7e8d57438df177e586347da8202e14b6"
"60250371.jpg","d0868a8e8e92afd0581292ae8630dbf03344302dbbbea6c111351404a54c1579","60250371.jpg","6b16fd2d4cddc1936421f6ab653c79f6685185f572a53d9256c66c96c2aa1775"
"60254411.jpg","69085ad3f41259971e10f4517c486438355ca817eb29a7b4fc45431632bd8514","60254411.jpg","284ef8b94363b3e4c0865881a279af16c13f17d0417aa66fb10eb20fbd126645"
"60261647.jpg","707c667f9a1f139119394f5178f319dfd537cc1dba0f796fbc33c2546390870d","60261647.jpg","664076ef5ef15e0fc0c2fd7e6270daac47874503b437c65e33101fe4be2299cf"
"60263377.jpg","18f679e3dc9f3ea3627c26c7902721e0909aa18544cc8696c8cbbf5855ed2f0a","60263377.jpg","237cd2a044841e55d836582544a63920659a27f4096ac36d38cd452432665298"
"60263387.jpg","20eed596eb9b6f63840a4629385a07b3d65183f079ba7a587437a978a4ef02d5","60263387.jpg","0306e5c2d3cd8b0903072e7325f722dd2293ca32096cdd2d7549c58a01d7899a"
"60263405.jpg","b3f4bc3f2d30ad34e600b0062fbcf9e4c0ae4154c54b910c988d6cf8779af745","60263405.jpg","3a16caf145ea04f1e0fa7173aa8d13c4001a103e3793b86f90ccad25ee324124"
"60265384.jpg","19b76ab70aad06e0b4f1d3625c2e3253b6b69ce9bbcc48232ae99cfc1ffbfc42","60265384.jpg","56ca5905d061bc8c66a87ab3f0e33a39e8a69b747add80d266da921d13a0ab3c"
"60285035.jpg","80cd6c22db952fca8b87caf82fddecda0700ba3c2a0e311fc8a2f8c05ccb290f","60285035.jpg","2b2ac6b544cd3167764d5ade23f9042cb50cb4fd2fffbb00e6a098fe87afbff6"
"60285174.jpg","5f70238c316415f2879309de8628e9cb068075054de653f198f79f5c5fd2c93a","60285174.jpg","b2e50239771fba98c4a3854be59242ada8046691d1df37c3efd7cb42ddca10b0"
"60285234.jpg","a34f86afe1f027241a756c26185e5853b55d5b5119d7589ef72fa88ef9bbbff7","60285234.jpg","0f2039abebeeea80291d42b1aeeacab9139ccb537ecceeba242308b40fa44749"
"60289601.jpg","a1de50985e4525345fc35967f416996008516ef4386879d2c7abb7d98a227554","60289601.jpg","3ca1fac9d1c1f34e43115e97ca3f3c3a2522ab69ba5c0dcc3a8cf3535ae29ae2"
"60292486.jpg","b177b9419a8916298376839cd33d960411d56ac5747b33a72d5a6537bde34d7a","60292486.jpg","7af4055cf355e8fcf5c7caf7eaf2dc3bcb98f42496af278b9d4d1178a6e46ea3"
"60302031.jpg","9a6bf390456674039ec236a638519db21ffb800dd8a59090f5df92acf28fed56","60302031.jpg","f3bf60f2a2ff2bf07d2d80f5ab449bfa030c13b38ec20c4ac2597317d5bd5e6b"
"60302098.jpg","9a751281e64ebad931b2fa523e30646d5afd20bc86ca5d22aa45f071682ea3c8","60302098.jpg","7454469adaa4aa3ef148cd35e301b651609cadfc02e9c27cfeac62e51512d7c4"
"60305754.jpg","64e4687e722b880b8e9b2d0021ef3725d1bd22a62ff3fd7794a64b8379f207ec","60305754.jpg","08e3cea092d78119576a0c2a08d3e8e8ccd682fa50b0c04c8de3dc17fac91ada"
"60305786.jpg","f2cddf9269ead70377a6684120f9879f30b1626dc7f8c3ab5f1935101f5c0b7b","60305786.jpg","f30b8d4408ef7d584c7634f7cc96b417235abf0ff5a962b09dc3e21543691585"
"60313806.jpg","c73e94f19065da89626d6bfb3f959af81bf91c5888103baec3a2524b4979d06d","60313806.jpg","4358688c92f68f5cb7a3bd8013eb78dfd3a41e67071c8e64adbcd6e05edee2a6"
"60320369.jpg","2558190034ab0f768024ec2ee28025c08dc03fb6b0f017c851c6620340358d6c","60320369.jpg","45827cc158905167d746798e1a9dd9a72750aac40c465c4492c13441eb34170d"
"60322867.jpg","b9c6ed2d50bda38ea7d97b50b4a7f4fc7691acff1a6b916c55f6749399c6629d","60322867.jpg","2b07440bf3f33a0438fe3b0cf470a85b91cbd5f7a4da8ef248809839502c0770"
"60324592.jpg","db2a8b68c55dfdf2dd260c5c75fe3389429a22b3880c2728e5720daeda3e7141","60324592.jpg","6ff91d8d017f94b0fb07e46aa28eb3e0f259e84b079145d84d8c5c54b8980718"
"60326003.jpg","b1898b2f58e99b9bfb576f58cdb5f6657c8f7e3e35a4783473d0067d02ad12a5","60326003.jpg","fe6170f5909468a669cf326b67801590cbdd82a6540a9bc2af76f50d5deebc7b"
"60326090.jpg","d465d2664f63addc82955a8ff81ff23146536b107f1975cc223213ca88ba6b03","60326090.jpg","2ca5bf0a64343269ca5d61215716954d246902fca4f1162a2ce13281731112b1"
"60326216.jpg","10a5d820cc0c929ff03b740d3738cd15b0fcd1bf7b655cbd9c087c183de52902","60326216.jpg","8664567a9c4b8b6b683b3c2c3e2b5bbbb14dea6b502bfb2bcb25017d96525e77"
"60334162.jpg","9ffd17bf15b98b5327908f612982fbce589429d206fcc24e72810e86c96a9628","60334162.jpg","62140612b786b0ef799b043b5821ace5d0f35fa81da976c6393e518bdf54b832"
"60336072.jpg","72fd66874d6d7aec447678f07f40448b09697f91dc4971e660a0d02c55da48cf","60336072.jpg","1dcc77f447d2a0a3186d6f64f466bc54d297847f71c52aab6c749a12b30fd1d8"
"60352026.jpg","d2d5a0b86e279199b8ac74909f2027b1d2b62284650a42b235f7770aba8117c3","60352026.jpg","6920c8b23173f9062802bc538e0036f80e4c8b79956db915387d082dda4c5744"
"60353726.jpg","c32e8658cb89eb8737b1077ea0eaf554251f12bb4105125d80305d015cb7d488","60353726.jpg","c0c6ca7e83495bca99be3b44e679bbe62226a5748ed554765b3c2571af5d22a4"
"60357218.jpg","b27775f45f88ff3c0cedef51fa595314c59430bd981b8fde0d431c65e29c1f4c","60357218.jpg","4c6065fb84ae0ee6bc0088ed649f8bd032366733460234b1cbd1298ee9ecd4f8"
"60380414.jpg","3f08dfdf2124d4a8b0592e416e51752fd1f4d75abf72015ff06d05e2e6a14c80","60380414.jpg","460ce6cd9fd514ea93048c9f0c53945c82b943ad39a1c7bb576f20b951b5634f"
"60396677.jpg","bc052083d17b02ba12d382594632170306101af80d30387d40473150e7401661","60396677.jpg","d78c5943b35885e26e1fef64879c076f92a646f1270a933a38702114ee07e5cb"
"60398265.jpg","474461025088ac89e6630d8bacc77ab9e30916ff17953f0a2b8ce858b65dbce7","60398265.jpg","36a88d3883cc649f7efca9dc4f9b3921123a84d71cddeda8743f90cb58fda92d"
"60398810.jpg","5758ada78afc908fb9efc73918d590dda344b5a3e6e0a6d024ffdfb1d8f8e790","60398810.jpg","0fda03b1e48e8a6c0b49813f91ddcca56cd64b202bef2e853853d8ad0928fbba"
"60399610.jpg","c10953d570896005cb954bb1516d24df59a194c10dab42f33c40ee002d4d9bff","60399610.jpg","bf0d2732aa74fb12c7a2d3c288060bbe88147e5aaecff8f468cb6383a8d5b90d"
"60400827.jpg","c9571d729e163e5d1ff3c49bef2eaba661f5266b8448e06b99d64ae88f840f96","60400827.jpg","106b4c965ce8c8d6eefffe4bd0a718488541605ed5499388a6b5d077968f6b2e"
"60402340.jpg","f41c2ff54cb571b702df35fb1bd18d0ed73f1dd95afb08acfb545ef1dc773dea","60402340.jpg","c0667f9720815abc5b47f4cc37ad7c685f412af5f6cfd780810cbcff60db867a"
"60402584.jpg","80b21bc91f05c45ffd23bfea63b1be481910d0e58882d5257fb2baf58d07b0eb","60402584.jpg","d6697cf9e10eefe3af6bc643814c57fd846d3b66d720a23a9b46c6a295c5dc1f"
"60402671.jpg","c1c2b0e8420b7cdf232870c1fb1b3fdd94b4c72bb2dd4539f35a924d327a5eec","60402671.jpg","3616902aa8d3f6654c497ef4b1eb98a7074b5f84e0db364c6e5fc3188707527c"
"60407384.jpg","4453171f6a494b1a2b14158746dd51348beb25ddee54421576f9a2c5051de2ea","60407384.jpg","430aa5658eef0b53450b94738e5e4810654041d4d60e9fd26ec5698332d4b9a7"
"60407937.jpg","acef11439cdcf3e9003540057bf1d7d605f87ce54e1157eb86c4888761c62687","60407937.jpg","aa267d9b5ff52208ac078eabdc7917e68aeee3faf74500690d803f737f335865"
"60409765.jpg","743384fece3007fd5b5443198eb8109613e988beb91e7c0e806bdd928f01b202","60409765.jpg","da53235cec973e6fc9a5ad1cd524034440c8d94732b3a366a3045385b04fb47c"
"60426693.jpg","56609f9205891a9441f8a19aa7ae1c2dbba35186f459a5aa2fe12babd9f806b2","60426693.jpg","c50660e6e69f174eeee3b7382214312904e4684c384a31cf874517e7236a2bdf"
"60439230.jpg","c914b8e027536690d02894621ad45baef6ed67e892ad244d826b22fe4a72e83c","60439230.jpg","f8f36749093195146ab699cfa29cdf4735050e514b53f5b76d50f843bd68b932"
"60439613.jpg","77c5ded27f93c558079dbf4b70be896806e3c996dbfb829146e9d6e79a48e4e2","60439613.jpg","2dcdf091787a908be2a7748e9c06c56c64af02456df7a078e3e2ebf46cbe9f67"
"60441961.jpg","8d494d3f3e6d9a712f7f6b2f662d8548af021987f8fa72b063510670bf7f6813","60441961.jpg","fba7078ac5d81e76a17f8a2f18d085d6cc2c4b7e921f5ef10c83f3a9eb1bcac3"
"60441977.jpg","a2a7a12729ab72b467902bb4e3a4951ecc4bd8ebc811b7f84a5de40b237baff3","60441977.jpg","926ecdcc63620154c729a1abf6ca446c064e728817e8ddd3a25fad9cae59edf8"
"60443902.jpg","21b8caabe4200773611986f1d90880a592d0d6a3553c7fdef8d7f111b7c7b26c","60443902.jpg","9a8cd6d6d9db42ec457a1027da2b4f0152504d2bca707d0c588fa4898ab34bbb"
"60444591.jpg","6ad67e84f4ae093c5e69f08ebf33f9d675adb53dedc1119bb8f80f87c555f7bd","60444591.jpg","5521cf864354a7d559ca88db187f7c4c23d3fe5a8dfd15a0a7bc4ebdbfb40e3a"
"60451165.jpg","3528e4ad0e6157c2aec2846262b75be0bea398e57084e25739e0178d5add9a3e","60451165.jpg","df8a42ea2330aa88a300cee975a440e91699b1172edf44ef78ce406bee8c16db"
"60464058.jpg","1346a98170d9c26724047122691907e2196f8846a3b5f542350850a5d0d06495","60464058.jpg","43c09d7e442b9433570a2e80310d29e1de1ac95727a3d0c4cbb6bea4aabe1d2a"
"60464956.jpg","e670b2a4292eb19da1ef8538caf36d08926c734489a306317486b6b2d6c7d2c5","60464956.jpg","129f143ea850d8ca36e281073a72fb15bc522956114641f84aa8be8bcd8ec921"
"60471168.jpg","8ba041b7886d5725be3c546f22a4330f495e26bc196d085ec85af2104083c1b9","60471168.jpg","e4b35a9860d35d755b24452777678e6c99903a6da5118cbcab2c502a20135cf5"
"60483951.jpg","16fa53994cbc2ae99e28e9939988f130f7402137c1a8320aef58c44ce153326e","60483951.jpg","24b82b751dcb74509f679623d13169f001e8a88f368ec032aa80a0a1945ece2e"
"60484156.jpg","472463379f584501f6c4d3a9dd849c453d0269952cd6ac3e59fa6ae1613243b4","60484156.jpg","7548befafb663ea5f9852113ba056151ffb1440ccdd5a746902ef1092b6b83f1"
"60486187.jpg","6fa01e730325e569742346f3a8d5d3678ad77401f4de176cbaf555c23549466c","60486187.jpg","893288e1ec2110c456d3311da27a3156825fbfe7848f17d0ae4e7f46aed884c6"
"60490157.jpg","81ea188b48c079e14324468c4a1f4c1112c0d28eef3ed6c4d5461c0d9bbe0af9","60490157.jpg","463e99438edab7a172a862522edf8b67cadff1fc9de772efe1b1f84193a39f8b"
"60507442.jpg","3118a090a5601cfc73718eb655676469c2da7a3a8a3ff9b4f7cd8c0cbe970998","60507442.jpg","89613121a8ab65d8d334cb67a34036e7bb77ec5fc866d08a9048555f7c256476"
"60507449.jpg","b2904e3f2f3465d7e7156a5edd69ffc19007d3a307c4f302de773104053a5150","60507449.jpg","9856cbac0058cd7fe3a361d96affe8c77dbb3d5d45eb72b68f28538e1f797554"
"60507459.jpg","cfeccfd91c1123221855f4ec9b9f36cfc9bb7a6841aca1f52e340f96fedc9e47","60507459.jpg","0478adf1529d60b67b5ce28a2540166cb25f04130d21fb554fefb7b8f1bbf878"
"60512440.jpg","56bfd995a28286eb75322d0a73277e50fe6bb6fb1f7873b9ffe7aa7bee3a7b50","60512440.jpg","7368ca7e585ed14e5adfc56b32b0c01511cef39d53cb69b18307cf2ea5e522fe"
"60512993.jpg","bcbe4e052750900ef98a3dc70be7bcaaed4cd50100a2602f6ef423674b867695","60512993.jpg","eeff136ec8feaa8c0c817d1c24fbaf01799822ed7b185c77653cd569b7165d66"
"60513144.jpg","0fe5dc4f90c29796235cbd2abdd408dc0ba50c308f1bef2f1b264cbf5cd7d349","60513144.jpg","df5d16ba9581c9121b41bf685d3e808dea42965068fd4f6dbf018f4660b2f885"
"60513766.jpg","ac9d0cb672da97ea13e468e05153efa9216713974cefa99f584e140f22e9da83","60513766.jpg","2333a55423bf1b9b34cf2eefb57d2bcbe7b0a9d6eeb1d1b04525a7f9ba1cb8ac"
"60525471.jpg","30fc39b9abe3a14cfcb539148c93e7c814236cb4df5432ea67ed2bcc891d4f20","60525471.jpg","edafe363c2b78a2470062235240c61989b8080663f58b746f741af5891285bb3"
"60545749.jpg","2f8b00aa2b41bba60fb5928254802395964219b9356a3b5e552b9643342da9c7","60545749.jpg","7fe7ca240e043e8d7776e3ae8a010d02abbdc0a7323a3902582e0064a262a785"
"60546234.jpg","ccba34bd8c3f5fa70d0b10335b07a27d7075fc6505b84cba4857383728366d35","60546234.jpg","7690ad0f74516b3f2515d73b79ebdee760af6e2959bb185f9083ea2f83a05421"
"60546258.jpg","f77c126bff2b43836df9ff9f772c84eb38534cb053b0985924399ed259a8606c","60546258.jpg","36b7ebb56fc72bd13b489b3ae0c1e8a38b3c3435d771714db536c150eb3fde29"
"60558114.jpg","b1c416a30ca41b591a180d16084fd015f59e4e0cf4dac29c76b6e390948db965","60558114.jpg","2baf1f9bcc25fd8553bf163e9e4e3a9000509b87ebb679568b106eb05cea4d4c"
"60569742.jpg","6d366799b34f551576449de5b5733b4157dadd3a4ddd65efc9f3b3efed234365","60569742.jpg","55cea30a3ebc73dec17af64a2f6ddef87b1b848b190231ed0b20e937497d344c"
"60569883.jpg","1406927f3f7dae76ee9f973bb2719ec3d55afcfac4ac2a16208bf883a323d6e7","60569883.jpg","3b55f3e00bf37c9ca32a7c1a0f1a52ab24c77eed831e973b2a388fb9698b09ae"
"60571198.jpg","e2b35ac131f147f32b1a08c256cc676c61f28539deac2dd47daa774ef03e8a21","60571198.jpg","3c7bcd24f7a47c28b982bf8fcf95ed97956591d3d17725c60ad4c1c7968c1050"
"60577483.jpg","9358e2b4ac156f0590c7c6be71216992402c3f0b8f2850af258aeb05ea5c643b","60577483.jpg","d759a84253bb3e95ea71f8bd8f2a423b9bcbfc8fe9754a3caf697265871b11ab"
"60596759.jpg","35f4c44fd50cf7829141e55d4528d00c746f20c37cae3ea01c56d3c2349dd396","60596759.jpg","164251ad8a14c9a678bee75de187894bdaa1957613ac2f766ac4f7ea861c00e4"
"60602306.jpg","942ce4025d48ce43123579ff1b2c6138cee187055f9b080cb8d375d3fe353776","60602306.jpg","03c22781fb7d16d196efeec9be62f4376637e30a30e894fc43e2a5efc29708e6"
"60605211.jpg","ccff40b8286e67f141c310c858a96dcb05463fb39e51e4b55a06914b370c8cba","60605211.jpg","65f1f84dda3b2738832aaf93cab87de2a873cf5d4a4d21db349d2638a73d4bfc"
"60605236.jpg","4f2a11661589e34094ccf9a0cd1a122126bb1bf6dc028bef1a6a55252dcff688","60605236.jpg","4f88c8389369698b1d223ddd1fea260e2586aef16f5d9ae09885a241c8257831"
"60621969.jpg","9e9bfd7e8580bc06e2a5e42d7d4a10c59219274368234b0143594e12288b0cb7","60621969.jpg","b996eb05c850f3f8c81d720e79b6dadc081009b9f3a9d09b4b13e6128c671387"
"60624377.jpg","b8c66c4b4cd79ab329678a701db823463e00b2e4288ddffe39c03ffcc9fecd44","60624377.jpg","7bf744dca478ed39b7aa6f2e5295818844219a6a9bd9e80484c501961b6be6e0"
"60624384.jpg","d2eed55319c7bdef33a6e5bed8bf5e425016ecb6633a33cb3d7e91046ff561ec","60624384.jpg","39c5cb590abff0228623045021b68564d3871d739f9423c5e0b65cc12e44e04c"
"60626168.jpg","2ac3f9fd94da4819d7e638249197f006ed60753c54111be3b71515d7fa008025","60626168.jpg","ce5edb68d68af13d8f7414494644877d894e588d2dcdda2059ffd43f85a87d94"
"60629971.jpg","7599ed7f2587afc577f1d6a8af5f38cb2c36d9f734522751989110e8c63d4215","60629971.jpg","b0c5acb5156bd7523c91c2701d339fbba71c56cd94475f2e0c5cde3a4e003532"
"60630139.jpg","0c3cbbcf9359b154ffd2060d5ab3f47227d63429f7bc5416ed5a5516a3447171","60630139.jpg","ccee1f2ecf3138fb7e8c7795ff67a63ae29eb4a26e18890d38325cd4037b2849"
"60630378.jpg","c807ea10e280032532eb84aafc49b8147a9da3f36f826e8c5db029dd040bed09","60630378.jpg","70d5d92e5e0ffa56f829437171179a63ff1a929d3c3088d765d7687aacedad56"
"60636356.jpg","b15ade741d41d9ee25739b02c54b0ec84a2da43c57bb73972ae09bee17f0d5fe","60636356.jpg","ac1d09fbed631781805e4b6e52743187f7461cf6f8a19bb1924cb36570aa1dcd"
"60652412.jpg","9277c23c50fe973711e61d4900476a7d79a2e0c81a3d5f7727147e757b6713e4","60652412.jpg","faf3713e6e863eef4d0155de2389de3485241971d35f78c2427b7115984eda13"
"60652438.jpg","18f982f76c372b7c27625c5d08203bfdd686e26f0e91f64b801b8a8bb1f3d960","60652438.jpg","017622933e65d55e48c6117e0bac147109af5f5cd350a639bd83366f629655cd"
"60654610.jpg","32869e1ef9b366d739fd380b4fc57664b92a14043c94e0cabf69496c610117de","60654610.jpg","bb3c1bbf4b753f469fc903c8ad495a0beea52ce308b5024cfb5edf43bc6bd44f"
"60655018.jpg","0b8041ca1c1967c93caddae3028223fd5549b49d8ed01110ba3187ffd288604e","60655018.jpg","947a145114c37820418062f287c64b068338cc3178a00b0abee057a3345d165c"
"60659209.jpg","203fedc50d86bac1c069ba9f5221f66d9080fff248e417d64084c2b7343f44b0","60659209.jpg","2b26487fb26ff81b4e88338f40ea8a26e8644153cf492faa580635a1dde7e2e4"
"60659252.jpg","3636083eaa51ceb748d3db6654c37c5fdd602ad9a94384666fb7f4dd9b6433d7","60659252.jpg","001d611e3028382ec25f01abd378bae928e2d44b078d8e9d806cb42b4e079f27"
"60671319.jpg","e1221e2212926e2b34df200bb25835e051d3ddbe89c18a393f83964662bf6df3","60671319.jpg","3de967e2da0378c14cb4c989a3026b4c4fd870a3d70816841f5dc816b5cfd6c0"
"60672335.jpg","88c363649aecfaefe507262303139bc578e3a303c40f58a99ab865ef03316991","60672335.jpg","f7500dfe8996a819b190eb0cc57cbbad79dbfdc5a46e2b1435f0e2152b43ffad"
"60672588.jpg","83f78019007d463c0f9938b9483e83b8c613c1a7d1329c4076b8ce4e3c21563b","60672588.jpg","e04b8ba799fba58cdcfc0ad24379b0068fd3767fd503c97d9cdc8ceb75fb8577"
"60673444.jpg","92b9169d390017951cca9aad28a25fbb1eeb4e5f1e4d112863aba0e5ca2c4a83","60673444.jpg","0d422e91320f7fa21416f2e5132617e5056d14775943ff967bdf291111fb74fc"
"60673471.jpg","46cb412c9ee88ca8a0fb675edf09da97e64fdc48a34cafbd459e31d16bf9ef35","60673471.jpg","bd61118e2dee36098e5e35b77525e66304e3c7aca64aa0ece769084494d86bd5"
"60683954.jpg","eb2bee6792b7a171d6efa6ec519417ae014716527b55809b27bbbe59af6a2585","60683954.jpg","15bcc8e39e50d373b1f3bb0a3833a62ed08872c20351a1298a45eb90d11ba780"
"60684148.jpg","bd9b62751671734010385bea97acd0505a92cc2d2ea088734c7aaea7f69f490d","60684148.jpg","9cac26e28c8cb39e3ef379dae2c8ae7acf83cc41b72ec2be0c5e581a93d38d33"
"60693846.jpg","ccff40b8286e67f141c310c858a96dcb05463fb39e51e4b55a06914b370c8cba","60693846.jpg","163eff7ae73e9e6b69fc19d89e9f1d3d4fb5937c2e46f5425af2b92b00012194"
"60699844.jpg","2c9d16228a987c0b017f0b5c449d5a639ec2987a64eafb9149bf0f592bcd6e54","60699844.jpg","2055ee2e458687144b170b1bc8639718ab48ed68d0355644bab06f3afaf07e3a"
"60699981.jpg","c5228f5c9713fbd5a54544504ac87bf5d1c71d45a373c7ddfa2c7f3bdce25439","60699981.jpg","65454d04095a07701bd90b50b7978d92971fbf89cb567d83f614b13b024db371"
"60700152.jpg","6bd1cfa2109ec57901c328e954a90d52f93ca74c8b8371b782117608f4e06e71","60700152.jpg","f66367086c2ca29d11cba7cbd5a63eed87fdcff657dffa4d1cf6f2e1cd78f210"
"60703840.jpg","41e1b9e7078f9a5b411d8f38a8bc6898e4fac03ad14ae4cf1fa7919ed94753e4","60703840.jpg","42da741572d78ec69fab3cac27b2400a672527042ab5e99a4da991ae8a2490c0"
"60703998.jpg","2099f9b9717ccc903614459eda4b7dc4670ed2495001b1470d4243cd69e15150","60703998.jpg","385e0ebfab9694407db4c3ea18e6e17d7fe4106d59a03c5ca8c36f2553e7b402"
"60704087.jpg","19bbf0913ad924b6c4da6057590d35320240cfb1d5f138fd12e6379eda3011ef","60704087.jpg","0a5066379b82c3cb4d98881e2b39ac6bf4f717e5acff6dc2df3c0dfd660a1e93"
"60704971.jpg","c8a114319ede4a464f6df07c8bac947e1efd3d1b8019ea930e81890a289ff13a","60704971.jpg","0dd4af9b174906d29db89723e2de3d0490c27a2cf0ae5d527fcbe7fa2ca478e1"
"60718033.jpg","95c3c835358953fea6c0908a4efd7565803ffdfc26dd681debfb08065f823866","60718033.jpg","95213bd2f9d283c7b06a2a1775adf16af27ebc7039573b5770e79d0434d79aac"
"60720110.jpg","f5a78c7804744d72f382ffa7e58164ab4dd9b6d24371c201081f03589197c852","60720110.jpg","a39eb2710f9f8efff72c7c469687e9d950245af6e71eaf759f7f1ad207771cd8"
"60722219.jpg","a4a612fa6c174ef561edb170c5b7c20bcc2e597d6e9251c0d5b1f1e3f78fd7e9","60722219.jpg","1265f49c0c44679c0bd2059f1e1f28afcd742728c600dc59add88016234bbfaf"
"60722299.jpg","0b582f127abc38e1ebc2950c9a79581addb7dfc5d8cf954f5ce1913eb4fc6e87","60722299.jpg","287dfea7fe441e0881c4a74fb1ea72a46fc2bf88d3dd145ac8b270fc000d9286"
"60724079.jpg","f63945702bf31e8c9efffb283b96e419eccf7e66b83f7b59d1b515a88e64aa55","60724079.jpg","2d7347f753b6c5e9546dbda7b74a26922bb9499527692c9d50cceedddae3f775"
"60724192.jpg","f764289bdd382a45a303407402084c7de968a79693445b69cffeb7371fea3015","60724192.jpg","810c008b2b7650eecaa10e82e4f49a4560d9fc0420b0760007e0e57567f96e83"
"60724315.jpg","45c3e706ad9a649e5521d14d02a38f2d0b56040dd0b5b12014b9e771b9692df6","60724315.jpg","d69886ee7ce6bdd698ad4f088029d2bcd3651cdaef71558ab5062c2bfb47d4b1"
"60724420.jpg","8685eafce189847049d597f20007c64e701853997132ee308eab7ae3b31f73fc","60724420.jpg","42b5ef26728e4eae2c6889d6e457bc0622d11e4328e4cc874a8bf9038ee41d96"
"60724930.jpg","38d140aa855d67336c72d9f24dec82ada94e709f291218e77741fa66d2e5e5b0","60724930.jpg","7be0cc9bdf308975e67f7514bf0617d3dc62bc63afdde6f8fc06d53505c9a353"
"60727058.jpg","40a2bd59dc5bbf433ba79052fe9ddd6c458e214b00d676abd0c5c04ace7085ee","60727058.jpg","dbcbafd052d32468a81f25fbf0d94ab9795e47cbf8f8611b1f6eef3f3cf617c4"
"60727235.jpg","321a5601ab0df8707367a57c7d41d6bf30cfdcfd96446c4ef33b30a49cb97822","60727235.jpg","7a06484c524764dd4ff8c8ffe540c7904c184e1dc215ad0a39f91c8cb0a1a886"
"60741079.jpg","64dcb4d992113bbf5d6f514fc83d9397a539fb6e1a75010b0dfe59899da01241","60741079.jpg","0082d4ebbb84695e7f9423c6ff6ee14c83f930e5e32d7a3cdcbf19ceff91dd52"
"60752139.jpg","ffc59ea024e0034154bd99b74684175ca70ede1a20848da46b36b7c1bc68ab0d","60752139.jpg","8e66f19ad3125b0a7a1f166598628ad085d5e48e8fdfb3f66236e1a2d47c89c8"
"60757678.jpg","7d87c15f0cf16dd782c34eaf80540349db8d717b090b4e6666f2e2637ba44a01","60757678.jpg","b4546c04929f9ae9717ca9dd45985604dc51ea37db5e9b56589bd1df5a2d8beb"
"60769166.jpg","1d7003d635cd5d8bec79d59203bbd67a7173203b5b847a610914659b33b959cd","60769166.jpg","4d5e33204304c3fd26caa434f1e4f160bbefe2740340990ddceb9e7620888839"
"60769207.jpg","7bb219f88351a6578564588472535f775d81a05368a0a9a27259dbc9e0e4b92e","60769207.jpg","28aab22ff1b529f02d89a08ef334eaa9e156e83f37632d1df6bb63835eb8f223"
"60772868.jpg","90cdf674c2b18c0e24bc17a911cf7c9c0758db9a05438fb60a43dba724ca6d0b","60772868.jpg","c9b7cd30a4d65951768cf29cba7add3c1f6e17dbfe7322b57e792552295446dd"
"60773019.jpg","151521a260035de6347534252425c9c38ce279de659a03fa8c114deb7486764c","60773019.jpg","1623e7c58c3b0b1ecc10c533652e769b2d6dd5c21f43bf79c2ebd52f12710162"
"60775183.jpg","55bbeafeed8728f765de9194120852d0d8892aa4f6e6806dc01997b25cbc847f","60775183.jpg","8fd41d771b26057bdb229ebcd57073df73dd2bab4447d5acad21058869188df7"
"60780248.jpg","507abc09ec1e6eaa3ef39350edef88bf2c9eef0ad014f1a0260ca898a28c948c","60780248.jpg","014830897fac1a90750d13c2961679b0208a8938ea0aef2a479d9118e25184c9"
"60783100.jpg","56e627e6012d509db1a5741ab0a1546b6ecf48b05cbb0932e3064c6941d2cf9b","60783100.jpg","9aba46defac81c3dd3059ddebd2b29f30a74a36b545e7b52b1de8c1c8835c5f4"
"60783767.jpg","5991f65fecb62b38d9aca2cd7dd153292761b478cd7faecc8158fb31cc7b0cfc","60783767.jpg","e0451e178fdf934e0945141f18a2ebdfa68765b0d7e3aaeaee976b8981d162e0"
"60784281.jpg","dde04d993e5d1ff0677968e673e59f7e0dc99e3d5d541604c93425e20086cacd","60784281.jpg","aac68f5260dda18898218c6aa4db9e1afc55ea8e2e0096713498342811203356"
"60784940.jpg","9bf68172a91582e8a441722180aaa081f165f695a6a3969b3036bec3c9ef9c04","60784940.jpg","2dedbb8c02312906bc8763b32f72d557d38d606d6cdc3133fbb471dba5d78e36"
"60797173.jpg","839b16371fbc033a0ce2153a33bf403a8ba9de387b5a53849823e5ca39031e85","60797173.jpg","715f5639eed96ebb3bb2f0653e42325236802dd591bc232ad3be4b784cec6f18"
"60797248.jpg","2760ce156e857a794084f78207850138a915f37cfb070c1e3f333bd673f29da1","60797248.jpg","21b6f9592ba8fdc73f3daa62aa9cbc571264f02a0f38c45f4d5a7220e4de6d2f"
"60797380.jpg","de2423130b38806bfe6166e5144e6eddda30b6e113d0e15ca800e60abadc1cbc","60797380.jpg","e0ae2d53b9086c2fbfbd2c21cb1299d0f10d10630773870f0488b440c4b89272"
"60811105.jpg","f3e5feeb1eb36014647fdbbc1e78e09a54fcf28e99abdb00407a8ab91856959a","60811105.jpg","35ad29d2c13e61f7276198ffa5c5d16deacfba47ff198df325fed609d0cd29a2"
"60811809.jpg","b759eb58ffeb20bd071d3d22d6359b519466361bc32212581147a37687747105","60811809.jpg","6436d34271eb33c0bc92baa4bb3ba93b52b930e3da050c2a464360d45842de75"
"60811832.jpg","5492b9b92dfc802e8f4ef42788f9ab3ed817eae29968577d97ebf105968b8698","60811832.jpg","6d97ce7b9c459c42f17c49c68990d1ec4a5db5c9dccae21190b300a638db98e5"
"60812002.jpg","ce01f39e563d1cd7b166c2a09a0dcbfacc5efd01ce951e7bcf30cccfa88d040c","60812002.jpg","5ecd014bafeeb17b0768023346d779e8d26ef464de0103010f89a0ab321b5ed7"
"60812098.jpg","ed2f34c9cbef5e09663bdf95300ea05b16a77181a3f7b8d8a84a44b80170c1fa","60812098.jpg","ec306646e1256facfa58aeb2ef799931905acf63189a819cbecd5c1a64a53e37"
"60813575.jpg","5d24269400a6e1abcb2ff0145d31b460a08d21643cef8198c61397f71e425dfa","60813575.jpg","27011b0948fcd6743a95b8bbc91f1f5abef0010ee85c9205362ea3c05497b665"
"60818353.jpg","9a4fe8b507443f6d7071d42e0a8ad6c5f5abedd3bb2ebf20558c52a91c6f420e","60818353.jpg","7ee5b79a497841827a9a4568949a60dc80db71157cfc94b00b825c999a169716"
"60818550.jpg","a9c29a80d74252642eaed6490172559f3b12f9e38e8dde0e7423e3aa229afb24","60818550.jpg","82cbc72519cef55c6b9aa3e1ed93bd63b393221e4267b943bd246aa6a40a4e39"
"60818808.jpg","41a69e68c2c864f3e9267264f13e15755e0189f13cbb61701d284110155cc7f3","60818808.jpg","3b9b908d106b75972aab6225ceb5c39a0dfc6a3753fa02b6a8951a8c86d353df"
"60822048.jpg","260a00e3669053e40be0b014c8ad0b17f3e4ad817d327c103de15cb57a4837bc","60822048.jpg","a2765883f9a150c5c4d8a48ff37db83072500b08a86f9330cbcb50e6842e1df8"
"60822364.jpg","6a7a6e682284be8672d5fba53927ed13a7bc5408fc4d40661432267dd37f569c","60822364.jpg","464b1594a126b50f59d5831f31fe9aee29835723925ef7e89f8dcc9b258990a5"
"60826507.jpg","18263a5ce29425b8a35539966d284908f7cdc6a794db9c9aabda6777b36aeeb9","60826507.jpg","59db66231deee269fded8d26527540f45e2978aa17109bc207a8838416721d4a"
"60827653.jpg","ef8c4c2df843e7ced7b615044d9cdaf2156ee16f468c95047db792dfefe7db62","60827653.jpg","ed7e7ad43239858a85cd5b788d61a4c7a12e936c62ea81557285af6a922893cd"
"60836295.jpg","3c7251f16c07d1694f848077a6ff3218af883e9e88024eaacf471709ad17aa9a","60836295.jpg","14533d18acb9d91f782b518dfbfc13eef05bf3a95a241b6920eea64c2183be31"
"60841288.jpg","c8a114319ede4a464f6df07c8bac947e1efd3d1b8019ea930e81890a289ff13a","60841288.jpg","5f584191d84b4da696ffb2404e26b86eb57f0dc55510bd7a8b01afaf005bf19f"
"60848815.jpg","7b955ceb36abaa946d02e9286a4e859743ae7a5de5347838bc6be29f3a528f29","60848815.jpg","461b28fd4298defe0a38eb9ab8601d08512c9fc4e2ed3bd0ebd35dbade52bb52"
"60849286.jpg","6b026b72c63479c36e8471ce7ada067c58f9060499d07ec0ce84441a3272ca63","60849286.jpg","f124068fd61832a6c675b09df1bae3a4bf4ac7da4537e4c0a6924e7b8e97b2ae"
"60857146.jpg","e5007f664662e3c5ff388d7311ca62edd6e50fd67056f6dd40f80b74f481d49b","60857146.jpg","85e9c423123ebae615006f1948c6458921421dd6dced0a21d1183ce1a112f104"
"60857277.jpg","4c5bc7b8e071d9b0f6967f3dee75a43bae348a0142b1b37c1dfc01c8c5c4d2d9","60857277.jpg","50fbc10e536040588965f0d3935d9d9e303f24467ade2ab683a91ed08ee0a675"
"60857683.jpg","d26b0bf32d3be30efdcfdbd1389da63dca93f2d8c7823bb2bb1d0a5d68839d81","60857683.jpg","7ad37afd120f01924ea197379f9c3bf4edf1a69fd22371a0e1c3c9893762b965"
"60857846.jpg","e407fb76b79a1452c194743495673f63de6962d0914d6b90fc6d1d3ec2bff15e","60857846.jpg","d997c226812d030a26c9c1d347306123979945fa953a77301f1b430d1e0102df"
"60861801.jpg","087e5591f6e347f9e3b477b7ab0434052d0307bb2ed3e0ee7a2edb9719251300","60861801.jpg","5f886f1bf592b9b21bc23cd6a54853800f79f69e40984a427323b663406462b7"
"60870244.jpg","0d8dcc0f617481c5b6f036ea61e2d7dfe5f0957dd363354473ef8ad222a8b3b9","60870244.jpg","13c4bac8ef9a9d48e92a54bb69fc69800f93499b5461a6bb6d6f263a0b4e741f"
"60870304.jpg","787f5937d43e44641ddff86642d545c20d844d80e20ec46cae3f8a21b62dab82","60870304.jpg","d3446ef99dbfb2e848b6fc4ed49072059574186a1a39f63a1c4ab32d887c4744"
"60871663.jpg","0c7fb57a0167ceff01b3c344576c6b6fc1796d4428a04d05ae5a628ce4083008","60871663.jpg","c130cecd4aa1630868017ae5c974ed03d4ebf1f6ff2059548a16efa0b9c85d08"
"60873487.jpg","b1b6175122dae5fc35b7cbe67ff5543ecfb20c5adaacd2c39a1fa391fa05b3ee","60873487.jpg","18e48664b30a59b4fe7a33eced5e15cae803b6740d01450305a08281f8cc5688"
"60873517.jpg","44cfd30d0f6cc75616a5034c7db242060c2544d8b018d83fbf8c62859f1a620c","60873517.jpg","6b14d3daeb83a4d78078b48c986d2d86d636ce25d9a08e5000f6d6be80602119"
"60873588.jpg","b1b6175122dae5fc35b7cbe67ff5543ecfb20c5adaacd2c39a1fa391fa05b3ee","60873588.jpg","28617882534ea2838d65df61cb40d2b87d6cface14f4caf6247cbdd8d5518cc8"
"60873891.jpg","208f6fee581d3136c1b614678cc2a32bd6da4e3c22cab280d62546cd2d7900ff","60873891.jpg","9d4220762e8fe611371df94525103fabb91e44757765d2c310d4382309c7f95b"
"60876938.jpg","7655dce870b5f2c6386b3c59e3d43af7830ccbdb36840d5582edb221a4775220","60876938.jpg","3114779a3f1941bb516af1659957ffc62d6977a012c7841199585b1f7d57994d"
"60876978.jpg","d1b23a281af40555abab38f4500caf5a50e74a0712d7a48309a05565a75fe390","60876978.jpg","c88c81cf9d17406bf1b4d96899cd78d2c0a520e183b8f166416fbe162206cda9"
"60880179.jpg","d3e0c11a39b32cd71224d1e13f0b6032673c4221008eba93627a3f0e517c9726","60880179.jpg","ab755f6aacfc5022ef1f962dfb2be57a74c679d81b9f925a3871d8834e9afc92"
"60881488.jpg","2e0646e34aef452b387d4d6a36c2f4892221297cd225fa0727b4bb9e9ad706ba","60881488.jpg","e4724e65139337bac594e2242b50391d767cb0e31d9f9fdc830f10d67408c5b4"
"60885764.jpg","021e39f3489695b74fdf7d1b572d707c8a41c6c45100fa5542e9344bc9920a52","60885764.jpg","bb327b5f7ccc93e036abb1d451f40d3c4cb2c76ac585c86cb30c063182897c9a"
"60904469.jpg","e608fe60625cddedd844e449bcb8362568e1d2e204e59969bc153dbaeb25f169","60904469.jpg","c80947a5f65383b493f2378594fabd481dec3ad5ea407d12966ce69edfa1bd6c"
"60905478.jpg","7884374fddac8ff991d920b588ed7ca11bbca0755dce530e5f00cf0f4d86adad","60905478.jpg","a83cfb155473080c117fad20ecf1ceb748cdb5d3b1013fd16806cd00d1520aaa"
"60906325.jpg","9a54cd4d8c125ab10cb3ffac16a2b669c386d87eb5ff4510f1bad2695554464f","60906325.jpg","668e2ef14bb61bab44eefd2927549dc5d1e5441a29d805b0f89c27b55ea95e58"
"60912327.jpg","4c487e15b0c4e25827203ae9607777ac1b1c6b871ee3375a0464d75ec19d34ca","60912327.jpg","c7022af8c388340c8ab653137d70edcceac41f41792bed8a126b0e1a3ba1e1ce"
"60913194.jpg","dc0df18323d04cc5ea795c56884e7e07383e8c6b3af94aa7007f18b98e34e9f0","60913194.jpg","35a3e718490ffacb79cb6174044c5c234de612c6a77350939b2ec71ad96651b9"
"60913824.jpg","4ba2be02dd5ba759e226613aeb93f344952247827cf99c8bff88e14f17416b38","60913824.jpg","4fce915e9b37c3ba3b3546628f52618a1659138806075a3924d044584fc14c02"
"60941886.jpg","bad26c89a20a0bb1a2a436931570ad19ea9f2be8b58436ac040e951d7598ff76","60941886.jpg","bfb9fd2520b336b360ac65e24f0c0e1daf8a4e7b3f332e9cd46425e7cd40a17f"
"60942165.jpg","41249252d4a9db8eb20528ab40b26c0866d408639c8d5131f0b79d5d453a6c3e","60942165.jpg","135822f58de7b9eddeabc7a5f382c12b1b108aa1a69c6999540adf771f1489f2"
"60951530.jpg","2fa2e521bf9d1421e015790e975ba1476aac02dc8c0d5154a47bfccba15774f3","60951530.jpg","60482f9ba203bd7ccbb8d1ec1444d57ea0cf1d70d92799420a89fe46714c9820"
"60953307.jpg","74b88b17da6d85abb309beb43ef13b0fce6bf42d573af3fc1fece7715d2d3495","60953307.jpg","e2b310e052de572defec2bad305b22553c404d6c85429cfa23fdfafcc6aaff57"
"60953435.jpg","5dab912bff527637fbe473b957efc90d2f4a9a159b7a2d0a00d452009bf0be88","60953435.jpg","2e4fd139ac72e08228e4967de312146512cd42c716c4fa11f38a2a9bfceff6a8"
"60964169.jpg","5bedb22e08e24900b1761ad30a16e5a313425d504a317c7433cacbadb80d9b90","60964169.jpg","b1583a3aacf8403b06f8625c0a5076c4c018f36284d4238010e3d8053631adf3"
"60964405.jpg","505e5309f88a92fbaa1a56936f2a5ccd330ee458707e2dfb1f14559c124ce461","60964405.jpg","6af7f46fd56b33b10bd6be7eb5355dd0ce6fe85ad49cd78ae0be86f58f3204b1"
"60964808.jpg","fac32c10efe4cbdf5a30faca2e5729f928f3ec81a54152ae936e5a969dc2ff16","60964808.jpg","d8976ac839b2ec31d638abb67b4de7cad3cddb78dfb19d45033877b4fc92911d"
"60964877.jpg","e482a3a9c65c0269fb9e2f651573bfe5cb5a3587f544e9fba92dd78a891e76e6","60964877.jpg","7f29ac7381b7220a82c6ae156f17cfee5468910d72293478b9a0f025a761cadc"
"60964898.jpg","969083fe4be4915f7fd34b99d1e76c3c494d7f1fbe7415819eb960cbd75669be","60964898.jpg","2987339ff0d4131e9b74457eed559491343013090bf3c16a0293c075bed9cbc8"
"60964912.jpg","5278dd0ea036a264302869c3ff2d47a8d279b73a690355254e4afbd8492f56fc","60964912.jpg","26ba5d1dc4819ea8aab5bc1298bdaf0ba7cee100354501f52349c23afe1df6f0"
"60965800.jpg","4466df47bc97aeeff382c417cc5337dce7b50a52544403275f5108b542819f54","60965800.jpg","a06ef1465986a3d691f4bdaccbdb4f385d965b2a047802fad5c26bc980056562"
"60965856.jpg","595f14835778feb92a3ae4b187b4fd8b0c30d369d869c39ae6147945048d3639","60965856.jpg","857f29c85ff7ff0423b344a3e1c8de1fec1f85f13a9d8860f88ff45d6c59adc1"
"60973736.jpg","611075f6c80af711e9fa0a4d870e54b75e563d2ec3f1185754c2e33455ba7573","60973736.jpg","0d9f7cb1c9a910a8425d5a66c716d2315d832fdf01a5039412034f6321fd92e7"
"60984409.jpg","5fea833641450cd6e5b810d5640e8d05583173c3fe221a6d79ec92a3e60a2448","60984409.jpg","ddc20335182ec3abf1602d84963ee045753268bc4cb2500070ce866aaa8740ac"
"60984756.jpg","8f68d60f86e95fbcf7d0544eba8d4f394bbd067c9dd524060f2f6a0511922559","60984756.jpg","a41b099010b50cb9706899f913e9603613ff1817f330741b0143d1dc35dd1288"
"60993208.jpg","c8076abb669ee6824a3ce6c4cb393375287394dfc00b2a8c4fe310c73c306d20","60993208.jpg","b7f12e8fd29bcab52e1b60d22672c18a8ba2a9b10d19235a954f4e8bb8d5c047"
"61005468.jpg","e75f43138a656a0d1e2884a9354c1fa2d929c6ab9ff585d9a593340ecbf4fdde","61005468.jpg","998d5fe5e17f54e0f02205ca0e3a3b64290477b693a0b4c1692b2f40ad994b36"
"61005728.jpg","98dacb8adabd1b4fdcc1971d5f2cd352cef8812ba55cbf05927c75a3ed92de17","61005728.jpg","eb42ecff0c7270308e5603dfd20cb21208419631e31fcd4b5e7d4c5e399ada37"
"61007096.jpg","314b068df25303a505a62c45d7ecf694299cbf2ed2f7f2dea60013be2ff74849","61007096.jpg","7c8997d7b8f8505a0076a5b4a5f7164dff7b19fb347e9f5b1219f0965fc31b19"
"61013217.jpg","4d689b03ae8667b37adf7fd32e80d7707d68fcf3756636f2ebc5d03a3a115d88","61013217.jpg","0bdfc459aaac937144ef82643e32d45d1f97ee8c1846da3a9d5a5f98ebdf42a6"
"61013244.jpg","00b9553545223ee6b5fa013d5c5f0fa659f8bd2342bc3b5b1cfac854b293c17f","61013244.jpg","28df3e4cf45743c1f5ced8d5e1bd208b153b220ea937deb5642e42417075a1a2"
"61013331.jpg","f44bc9a646dde274ba64b5b3789d16c04abcf5e0d6ebcd0f47c2d15e78913293","61013331.jpg","b1f6b162b05a395d15577cfc5a9f8ffb46c544b8ed9f5d6a82abe71d0cce0807"
"61016292.jpg","de3eb8c81039622bc9fad0fcb90caf4b184aaafae57db13b14a7809de683304f","61016292.jpg","26a2e048150d2121897fdf94efafec21dae6ebbe2a2842aa672955782c0a6356"
"61016503.jpg","dea822fbebc043930d69ae06f345675670f0e7a90233906ea754d822b07e762b","61016503.jpg","bf30910b179a5b037ffe90e120b45243abd03f60dd06f3a5913433cdb6da865a"
"61018257.jpg","134f49a97daffc65623c377bbb5322310ca1185b9af6af368e919099253594eb","61018257.jpg","7f59a6e6810de79403f85caad1c10a2b740c0386f42e5514d06d9e6d01cfc707"
"61020164.jpg","b4fc73a5effb6b71a7be7160c87e83c33450fed5485ca5027050d6cec85a19e8","61020164.jpg","3bca2af0efba58fe74d73f6b0506ffbccc9d0c69f54eaa90249320fed739ff92"
"61020192.jpg","aacff2f98ad1a45fec8ec1c70d11d25a10b3b1eecf783e28117c2925a05f9615","61020192.jpg","f9cd0900e5ecae78fdceeb3c49482ba08f5aa7782c65e734322d6ccb8b68a9da"
"61020199.jpg","cd0393e0d0acd76ccbef9d404ade7aabf27881b6e2557d8491af815180542796","61020199.jpg","3bdc602b865613080596d3a82315333976acb0afc76b7c490cd75075bd6559fc"
"61022433.jpg","06be827e0f369addef4759705366fa16868865780adf678085de36adf815b915","61022433.jpg","88a1bc4f117a1ccb38c7f46304447ae3e4d928b7ffd691606ee9844204389a75"
"61022623.jpg","995a996cdc75dc46ee2168b3d13033ecb599e066a8d2277a62120fea22eac9e7","61022623.jpg","61fc22510bba021325f866d0ad8c9f9ed27ef72c005eee3177c709d8329ec154"
"61025565.jpg","f15f9b08c2b30c0141ae4fde99d5bb64301f54b921f0af981e6fdb113bef5f43","61025565.jpg","7bcbd6bc80464aca5e9918f0e85d3e2742e56c541a8be463cff736071ad3880f"
"61030622.jpg","62e52da817dcf04ff39ca5a364cd71ca4867f440f7d4badce79c7d7a591a234a","61030622.jpg","d61bb69544ec040afc37b50f27781e9bd8f52080c86d5399f92da1971d103243"
"61032673.jpg","cf2f242234df50c79bf407440177a88809eb0045c16b53f59a71c32634857596","61032673.jpg","e2c6c8bed3ed695370c06e5d800ffd14d7c55df99284739cbaf62fa4883d6419"
"61042429.jpg","19dbbaaabe3ad77c5419ecbc8b72f576a0beac278a2d3b31a6e9f2181cd989f5","61042429.jpg","4788a2621f59c706d5f327597a55a8c6fa309c6817788b5ed07b251af0c23de0"
"61042450.jpg","e1fabef5f421bca180236e95e648370d08aab677566acc09009cfd09e5d927b4","61042450.jpg","7b6f08777232cd71c591bddcb931ff7357ae1d7e69d5b8c2819c5bab97d46b1a"
"61042464.jpg","44c2cd08a259524e7c2ae2878acd660fb27dfb0a43ce1569dc52e759eae75301","61042464.jpg","c7d3cf54f4f05201b64795de11553197f90848650f997b5e740cc604f6d1ff41"
"61051351.jpg","dad377683d8eaacd01ede225fd2125e76b62c200c5d74b46fe6db4e9a769994b","61051351.jpg","67abd270769e0d41beaf349a6bc6f5484eef497ad92955d86b3e06ae09929ca3"
"61051486.jpg","93f691b31b9d6cb3da1a392743b74513c8b8b57b31a0aba50eb33f5c791816f4","61051486.jpg","002bb6e2a7ea5f6be0759733e7cd264933bbb5656aa6dff5c941bdb4bc684eda"
"61059016.jpg","8d8cc7be96d729d3c843102e626c9cdfb671b03cdb8f50a72557487fc2b3f1a5","61059016.jpg","38e7aef03e9e9172baa3e7a7f4fbde1111690e4b405a6e08aae0a0a2c36d140b"
"61059137.jpg","3a3edbc8a47a49b8bd222ebca73fb2aef4f6dac0d2ffa50d875aaa9175b73360","61059137.jpg","e00293362bee5089e65f970f66b480afb8bb8c0f534fd2bbbc49774222939363"
"61064737.jpg","fb3301f5e535d603f9875a651bda973918bd01fda2360e3f500506a5cd0b91d8","61064737.jpg","a1477b99c3b10a6c7d018c350355fd15bed1ef22bf4401d806fcd928f1c3d3fd"
"61064765.jpg","de3d7536f6b6d1a0dc1abb1547816dd8d55bc08698fbfa2efd0151c1bd0a1c5c","61064765.jpg","092831d92a2dce4d4d2f9fdabe2763b2c9443f35f9d6195e1aa58728471479af"
"61067169.jpg","8ca6964dcdc787d008743103483665dc9243098c4f34b84bdd04398c6b0d71f0","61067169.jpg","05257ddbf467f38c7f7a04a820519487a1731f59792502579447b437c8623d52"
"61101279.jpg","f64adc27e050e3550c998a2223813556acc929839b260b3015bac8ae2400dc5b","61101279.jpg","be6644fd32eb574d0e5d170d07a564c6292757d8b94997cd61c4a64a3985c319"
"61106621.jpg","b0dd23eb74de1bcf17d97b2ef3c64b35576f9a3686bb1a83f5f53be52264a067","61106621.jpg","0806f248b7400a9d8de20a2bcce24a568a2716e24a948a53bd16d72d61ac9a34"
"61106679.jpg","511d6839d1449a3c39b143acc830376ab04a262ec09f15b4e7fb3eb56f1b6965","61106679.jpg","ca3074eb254a8c508af440adb3d90698a4dc602bb707b626231ddc6b6ef9c0aa"
"61109266.jpg","922fc8be0c164487376e4c06d81f43928131e16e3457fd04e7583dcf01c25143","61109266.jpg","f2effd486a8204fb2e9d5fff819ea869f357bed310486765afb352850032c5b7"
"61111259.jpg","149f0a61da5918f6ff69089fc57e77b594bf56104ced665eb834ba780d68a671","61111259.jpg","9cdd81f0b4dff237834c7e675d70f05993dc0df624e801f40baaddadfbd6180b"
"61111775.jpg","f84fd3ba39ba930486112bfe7aa3c132571f405e1645316e907c36bc8e1f86e1","61111775.jpg","1adb9eafd2bbd1eb567eaed120d6d15b2b0021e816b19aec87eddda20f239237"
"61111820.jpg","3723cf8452f77604a0a48073e1e7092c4af452ce3830dedba17d01c0beef6266","61111820.jpg","32412b2ad3c848112459d153846651e08419d736cb645c225112cf31ae710155"
"61111917.jpg","8e2e0051e39d54a13a55778e778a3132ea441f1c0d3fe4972a36acd89d343b65","61111917.jpg","2a801345e2b81e96f218eb765f679b1ade5ecdce00aecb698887d9e23ff3cdf9"
"61112050.jpg","bdbbc2f926333fabf296e4d08416a65a5e277d2c5ee9b7b2e99eaa06c8c05c04","61112050.jpg","11602fa3ee104a4042acd4c31ac55470e8d148a811ed55d3f8b33ce870603073"
"61120999.jpg","bf501d3e92adcd580aa326127540251912f42b3130336788adcafa0dc9500891","61120999.jpg","42874e7098e21bc868412c62037d826c153c3f86aa1e002454f12680dbd649ee"
"61121219.jpg","bb0c6fdb39207bbfc1f4ebfa5933a238a6fd7e4bd0fb7eacb5f3717fe9d164c7","61121219.jpg","e60c8a3e6433c7455ca71df2331beea0322a3526f2922c9d29baf71e7c727487"
"61121356.jpg","6422a57e35c2b195e987fa0d4ec58b0d9d961e76a20b1dde4b076b285e0351b0","61121356.jpg","a215a1a9e953d6312629c80fc6bfec596af1fb64f37ee4832af2a4e2fb96ac88"
"61121475.jpg","ad6faa1684edd91ae6c6ceaab7484f4f085beade7de96694212e23d26043e448","61121475.jpg","5fd8e1d5fab3d34efaf95aa56f71d13577ec8486f785dade34d41bfcf44f810c"
"61134157.jpg","e030beb57c68a2e862692473396a6c3f795f47fb8b589449f29f7a69b13187ed","61134157.jpg","1d29dbc3e94a9a6c4cb7321061222e723cd744cce50364bf9a43395962e0b6aa"
"61134179.jpg","8673926c6b415cea9233e8f2e380bb6e0695458496435f8d2bbea8281e5954b5","61134179.jpg","742d5d8f7d8f1e4359fcb62fdbc072c6d596aa6fdfc7a8b95d21592716e16688"
"61146472.jpg","3f093be050038c6dca33b6ad48d12e2339df1c893a4ff2ea7312f1413716ee97","61146472.jpg","4701badc61a6dfe0661c7fba85fb5a7d2682d6ad4c0f8fb6adacb2bc513f68e1"
"61146593.jpg","25951481e9adaab0750816b8b148dd21aed3431fcc4ec392ecb0b012f135cf17","61146593.jpg","75e7a272320896125d679bc721e9947163de8e5eb65fb0bf370d0d901668b001"
"61147638.jpg","5f013173ee19b0bafb82871c74e8576cd429197bb1a85eb79ae19fbb6593c5fb","61147638.jpg","b071e3c3996f28bf8c97c3b4e0d68f43161bd1122a79c4b1715ccd8751fd5e31"
"61147694.jpg","b5f1564c7eda539203af8d8a412ada40893c5c7071977b0baf0294a074fd51b3","61147694.jpg","a11d61d8d6186bc04875bf6fd5fc977db742faaf5c5679ee377b42621413cd0b"
"61153523.jpg","a878af5fd71e819d1810cf4be0be187c7f60cbbf3197e55572813ce93565b3e0","61153523.jpg","149a76aebdb58d78d6b4532bb75319abf77e07407f7844c4907c0580221aea00"
"61153534.jpg","4faf00641c6daa025c1a935beb727ad3fd4e95361c6a3ef9fd05d8edb23aadea","61153534.jpg","181b83c06d9a7fba14e2b5bdfc67ad2690565bd605694021c29e1b7462304a47"
"61160213.jpg","5345acf3635dce475a8888884b48165b1a485999c4a6124511c85f8ab8215c71","61160213.jpg","ec41d327779e22f0f652a6ba5d36ae23ecfd083c7ef3744b8a51c2fa56ce3238"
"61160338.jpg","345ad58704686f29f2f3f4b2998d802a4e0221f4923c2cd4a26fe8d294974b4c","61160338.jpg","9c487b6105c1c58aec5b53a9ba208c45a696c64b8d49c023dbd6bac8aeaf848a"
"61167447.jpg","b3580eb44173d7e2462339cf88b1961b78f057cee0e855fb54c9b61fd77e07c1","61167447.jpg","00e6e00533f2df87fd6c63347f7f031d31875042dfe7c104cff675395d21fafe"
"61171726.jpg","7c9433a39f5bda00625ac61595094b689f11441ed4f94659c707a9318fe5bdf4","61171726.jpg","84547696b43a83cb5cf7de5620fce1f3b5820cbcac9965297486f61b4fc5e205"
"61171936.jpg","4411255ad07cfd89d95f1bf3ec6e82a70f6be5dbc1db0091dc9b33599e7550b5","61171936.jpg","2048420dae599e38d8848e1c18ef366e5b759d4305bcc634652346ac51018a7f"
"61172292.jpg","31a04a620f6ec4419f4b8c14d1e60fa986431e569941cdb46bf26553d7da4eb3","61172292.jpg","37dae687ebf7a79075c2fa2a0b40b693e4a992a16febf13b7286cb9142c808b4"
"61184392.jpg","dcf90739fcc3e9897b4bcc5ed34c7f3074c28cd43df29ab2d0db2da30b6a912d","61184392.jpg","06ab1bc88972583c7fbec7b9d8d7faaac9337773a737f8275ded866a36d2222e"
"61185438.jpg","63d98b6f970cb70e0fca4f8893e8f4fe0ff6822267ac9ad8ac32f308be83ac3a","61185438.jpg","1a7919bbb01dfa363d01f2e71f37b7ecbc9da56127f03961f07a53257ea67472"
"61185623.jpg","14e33d68010d51f9a430f1da2d1f7b392040d3de53b70c5c8a4ca507d0516f2c","61185623.jpg","a01c6d0e68e5a79f41ef3f5c295272f295df2455298f2e897d90d07e4cbecc1d"
"61189663.jpg","2ff6409625c5474769beb2ab020a2f3d643de02754c1862d5bf0c87bf5e71c53","61189663.jpg","4b822377d755a98984f089495f23984b0f89cb367d78d2ed2a3488b712beafae"
"61201363.jpg","21e668f082e656495de572cec4c4251774fa5123840a37f789a7efc2ce480452","61201363.jpg","e24cd7e552f9d3a3c1c26c4696f74b775adaac2021563e27bb923300332b2ac4"
"61202436.jpg","7214a6e0d7d4c6d6e9f1f5e7b71aaea05ec3e2cb8187b23d687de2738c4837d1","61202436.jpg","140c1e213ecdc3a4233e2411c88b6b4c7e98c5e073b2bf695b9132fb872264f1"
"61210394.jpg","19eff9de322a22fcf70e8cc8b9112015bd3b6bd5939343496a86f06c3d9c548c","61210394.jpg","ffcf7c71618e0800bb30942d981237b83d38aee3a24701e90f3e1ff0aedaa9cb"
"61223068.jpg","428ff887baf0af071b57cccabb35e104c09aa2487bae80b4400770d445e2b476","61223068.jpg","0a87256c4062d660d122110382b7e22232e7f60d5c0c95024fdc8f40e98daa0a"
"61232085.jpg","730bc071556e9989cf26549688c56007e91b95b42166f599ca54bdc5cd71a4b5","61232085.jpg","7e9937738ada64b0c7035efda9f41abcb3bb6ad439377c6c050aa0c7195e4667"
"61233710.jpg","9ea110c2dc107177c61a052547c52ca202e61d30ee70678d573830b4e4b6d3a7","61233710.jpg","4ec5d8ceb2b5746724b1ae2ea325665a8758737377ea4a74934af55dc3af28fe"
"61233979.jpg","695789b11153a419581b0e51a842125322b8b64ffeedb130a9de858d3b1b9ea9","61233979.jpg","7c5377490fe47477ca0dfccd5e63423296dfc74cde6aaa77cf0d60eb1621073d"
"61238705.jpg","67d427c92ec591c8bfa3d067c5fce705b573c045c43a92342de7c00627e19190","61238705.jpg","9055a01feb175d74a24336841e7ad828f7c26cfa16c9e6c6ca461ca34056dc7c"
"61242753.jpg","b38441c0bdfef8dc8eb6836a1022290b012dbe4a96953a817ae99828cf410362","61242753.jpg","4ac5f661b3f3acbdfbd042855224b6e2bac5293fd71e64d35f8c6992912fa631"
"61246542.jpg","58b740c91f00335283417dc90812cf5d86404f41e27f56063296a2a832b76030","61246542.jpg","cf2f318d5ddc4de5d8244df18bf5e93f2e1c6b00ff0a673cf957a7084b393c6f"
"61250941.jpg","00d0487c230a03913299288b2df2135ebab1b4ccff3703bb231004c7746f7e71","61250941.jpg","01f73c6f7dedd2905d9de328e94089a2fccb6fbe020b92e3fc3b9579a0885426"
"61251036.jpg","c8e9665ef5370a55e918898cf31e16d9e0b02a0ec98c9b1740cd7506a342246a","61251036.jpg","4e040cb4f6dd4985af01d9fefba51c49ae0636e3238a10c43776f32d797c7209"
"61256205.jpg","1243322e0714e92ec5c2272c24e1cef9aa8bd9584b3dc8cadcdc6c6d6529fc8f","61256205.jpg","e583d647f9fd8a06eb5afd0b8b776e4e1149e757059e300bbd2e6cc730666a3d"
"61266920.jpg","7777296c6d97b5b6fa473acec15b62a9e6307fb0e5bac8409b431b94e8f0579c","61266920.jpg","970864f02c2d4696091b00d3dba2c0805705f427fd898ecf9fc830e34538708a"
"61275830.jpg","3f3b800fda87584cc27c04ad08726514e35df041d0ac3bb9163943d24fd5837f","61275830.jpg","f336f391094fc4bf0e6b4ec7ce739dc3fe8ac5df657946a17b56ebb48b020957"
"61276528.jpg","7806fb73634386ad3846bae18032be60dba2a82ae73de30a39292cae3a1096d1","61276528.jpg","b601ab172b3f8ab556df995c6248a5238a822df6ecaeec7b50859ad48cbaf39f"
"61277537.jpg","1e277c3255087070057ce3373c47a4837180ef9085d9d8490ce072ea5b59ab46","61277537.jpg","66348e11a0eb881ae303e9a7427375e585f64e0a276a21da47ad8884093e6991"
"61297661.jpg","7969cbe5b77608d1ad094b5dcb8e9a0ca0ff43396b6cb9bdb4e999e2955c1c11","61297661.jpg","e0a2b2af980a813d3121a675fd22f38294e0f2444a0437d0fa840cc2e2e58223"
"61308685.jpg","f2c3e0a36845b7b08604154ab2f11f7baef480632b2cfc7f756a5da72d506051","61308685.jpg","8b4e53b7b5ef0895c5d2d2220d70be6daa59fca2db9e0f5f5db11e8f1b71b8b7"
"61309794.jpg","47437f023a1d434ef9b2c6f3b1858e0dd2a160916ddbb3a8d2b577643bd15996","61309794.jpg","c8c7e1ccddc0a0ae4e7514bbc301bc76a39c978d0a3facdacd773e6e947e2951"
"61314572.jpg","50c8a6384556b83357d76519d2cb25a04e850b98ef53c8014b25138f03a8f49f","61314572.jpg","fd59c8bd6e77bb1ae46ba7acee51ac65d8d817ce79e7d3e0bbdee54827cffdd1"
"61314592.jpg","7122c8b185043eeaf8ac032958ceed98382187e38dd2bec33c44a7cbac561835","61314592.jpg","4645a4a7cc2875d5c9d921d93751dc833868f880162c8925f6187513711b43c6"
"61314620.jpg","3d3892da0574f957b720ae2b194599a694655be49e7936001b4a11157f742c4f","61314620.jpg","5f407eb16d78dd140e43f2cd7c92b1aa5cee4bd855fdedd7c3ed568c9affd3fe"
"61317189.jpg","6d0c4b33575a07035e232d70c3a6b94368bd76b0eb423023f8f97068712f8542","61317189.jpg","7a601b6c1b963fe17d44ee86b2fe2e557e930686d321a63527f3dd39ce20fb66"
"61320095.jpg","980da2066926c126a540d242b1192722842baee8fdba477aff7b7b3244aaf29f","61320095.jpg","e9b32cf9c8f4c14d240c52d1b2e94fb6d6c7d528ba4948160b1fa7ead37572f1"
"61330816.jpg","c65968f657f31146500f28bf77b7b995e1672d6400d70da2788f8db2e0cd5dbd","61330816.jpg","fa692f16482d7748e02dbd7fce4399561532633a5db086e6f894eb012bf0869d"
"61351570.jpg","15b4f4e545b05082f38e075e6f656e15215cba1812c977e96bed7c374dc21511","61351570.jpg","323f507dbc3fc8ddd02338d1783a017c592b3ccfd1e0bfe634759e0ba0ca0b44"
"61352047.jpg","00128bb080e5314a4275b9f6c3a95f3bc86e5d1a9bce859607a110f8cd0eb6e6","61352047.jpg","237ffab2655493a12bc322a986129699d0309ddb5f64547d47d5b440a6c3ee5b"
"61352417.jpg","d8971bd7b560937e8e5647ea5fce1278791ae51c21ec3d90f6011dc979cc57fc","61352417.jpg","5af0b45785da0029263fe7e6a3d6769d24d114efbe74355520c20ffedd3a5b48"
"61362471.jpg","7023b48f5bbb2cc3e74734148dfa10c535b3f3a972e0d07a420295fd83840e7f","61362471.jpg","d729ba214d2524912dd659bb305dc56aeda8a461ade93999c03722aa4d478c43"
"61374640.jpg","869c2e8297dafd299eb1fa437fa208128cdda4ba1786c25865568d9969b6dd39","61374640.jpg","9c91f0be351d92515310b71ae9d1f6ce9bfa0e4751a76386835d94cdd802c9e6"
"61378501.jpg","fd27b49f9dc6ea86521971a16269c3da0f25cce8f57638bedc585c76835fb223","61378501.jpg","be420d371ec68a31d24cbaae6b3ddd1fad2480054221333bd866194535d08e27"
"61378672.jpg","26862a46268f89880fb9f2c52e697a7e9c8099602f3d15349606600d95375dde","61378672.jpg","fd6c87149873e2897ebb8841f69a05519ac5ea10e3b1d5e7a781ddc7fc3e9299"
"61378753.jpg","08425082dbc363d1cb49a6fa46f38cca03fe53683ad97ba5d1f2d8977be7c275","61378753.jpg","3893dfaaca69f5d66318640f52d09a3efec6b1e21a3d0a4f7eb3ffd3aa351feb"
"61380289.jpg","3682313905467d6aa7d52e239fc7c6917b78bb1458f8a65ea3eb1c6afebc5412","61380289.jpg","9639e7a4dab4013bfaacd2ce2ac51727689e3a3d2c8766ad7b86c8167649f742"
"61380519.jpg","ac3789407f5f7d1d5f42e4e075431d85234a683b48740c411292c020f4775ee8","61380519.jpg","261be3441677b5158087dae2b0c91141df932e501c8139171a278368d7e9a07b"
"61387159.jpg","38b05ed679fff256abc0ebf646369532a52c30a5b99836145ee14addcc4f96f2","61387159.jpg","e2e6545164c4aff467087610ff1af995d82462929e96ab67ee86a8f61a8cff7e"
"61389190.jpg","1a22b6c96e061a5cf9a6e9236b687084939faacad0900983dfc23bf1ae178d0a","61389190.jpg","15d9cc31b20fb1f7caf61bb66ea6326f81e91480d91895c89193cc7042f9e3da"
"61390878.jpg","224005d133e859b843cfc0371b02b52b9dee8dab22ff9270fc3a9d3b0cea131f","61390878.jpg","c86083c44f884df7be2483fca44c08ef3f8045bf2bee5ad968815210e9ff83d9"
"61398066.jpg","195c5a8dde3ec986330b2c8ce31d82656c0c1255c3a46923175023a01872aa8d","61398066.jpg","24cbed13ce0ce23941514a29c6201bb65b4acbe7f86b5179ef9ebb281b78edb5"
"61403618.jpg","623769c28f0969c3776e66b5fdc2442e01ce28c3a4dc1f1d23b78e5b2f87dbd6","61403618.jpg","5883080cb37c43619f7f37c130b44e79c52a012b3f1c960d7e0d65596a28b78d"
"61408838.jpg","c1fe8481da250fad702a61d8fad7a0a48151a5feea35ee76a6c3a3bf0e4c058a","61408838.jpg","5394b059a1d71de141e055c83a8a90e88219e95c3e61ef9a73c9703b7e945503"
"61409639.jpg","e353471441baeb998343ef543f2274f8d7578efd2fa1f003783c427451e2f805","61409639.jpg","ac17e47a0dcae2bad3951461f8b26ed719128b2161e5b6c6881704b91fa41f1e"
"61414674.jpg","d0d4be75b0471456983dd902393c90639769282ca3651c556e7852133f2dc99b","61414674.jpg","3da65bb031191b64966e50bf964e2e7b4a46e72155eb8e7f3be56aef4c8119e8"
"61425650.jpg","467084db4b74049725453efe6e6bd595ba0d2c512513ac008304bfaede1fdcd3","61425650.jpg","337097ad05eadec75fb203a731dd8bcfa4d87d3aadf7dd2b0ceacdb4a842be9a"
"61426026.jpg","482f5f7466061d98244dcf5ae87d41d27ef0e54acecc04f46d0c0958e1c209e1","61426026.jpg","bab57a39a286d9f4bc508d5f2ca1fe30ee7c1c3b7fd3c3a97b224485ec88b772"
"61428160.jpg","1b29fb8064a2bc3c46be59a3d63e5625f764bda57b084517754545af7fc5d305","61428160.jpg","0cbb5a10d5f32a02926998b7d11a01db8887f029c2a209bb2272830b6d92b9cc"
"61428256.jpg","c84530279abd3863b200d09c6eb537c446c5cd1a2f8fd470da787f8a17ef1777","61428256.jpg","a83d635a3378a620de21d8536cdac00b96dc1d4a4ee8922e6888e637d7b29e50"
"61428330.jpg","9b12606f00dc2defce389a35f2a62a274aaa4d9f42a084df1bb23e6ea878ad5a","61428330.jpg","e7162dec7ff026a5d54b25c95ec3e3349f382f0496676bd51cebfcb56bd75508"
"61429558.jpg","5e9ab371d39403c55a723c9fa5ed2490ba7d1465c2d2f2fdc7aa56b6eef799c1","61429558.jpg","ed798767a7ac6c35e81d669c0057b2bc024e13690d78281152f1a3ac516cdb12"
"61429620.jpg","7becc9cf285bb989c41ac1d9d3506e7d2b56188f6db754def95d902cc713038e","61429620.jpg","6ff044663e20cb60444278b5fc113b17ccd4c859b4c31d0fe064035b91797608"
"61430241.jpg","174b6a0d19dcf04ec51a4f295e681468111da5bc73647bdfa02df778c25691d6","61430241.jpg","b2473ff811c35c34f1dec69b3550b9aa9afdc5936bc85f6c2d975fcc465ac916"
"61444678.jpg","c8ea30b3cd9241eefdf8c3da069619b4304c2b5558f033aef34c1d5af57f737e","61444678.jpg","baa244f29a628ffbd73f2786b7365e8e8a903378c989a4958520e051501cc3e6"
"61445982.jpg","29ff1e5c789ab9f65a50568a964763aadd94a5c8269dcc6a175e41aa7324f3d8","61445982.jpg","c58e8553b9022426e9aff0ae303f37e4fa106b59ab73016e7e6f3630449d45c8"
"61446116.jpg","e89ced0d43fdcd690ed217701c7454ec9bfa7dd58cd193607663fa1180980e2e","61446116.jpg","ec1a63ffb74227a7e6c16c5eb754b575a107efc6feedb01916be212546aaeab7"
"61446177.jpg","888ba6f403e04485f85bcb1342bf9eccdfe37fc1f3cf6b90dfe1e42070bed68b","61446177.jpg","01683da3a549370a3aa60f47d833f8443c1a85470b0592f73318f162ed60b489"
"61446251.jpg","0a489415ef44965f98a41256d025e67cc70b0749bbadc228647f44ae3ae97b64","61446251.jpg","a0cea087ac6fe03dd8dedf3bbb008435d7905e8477311a1f89ff3496c6733710"
"61446495.jpg","acf3c5ee28d969e02e858d2db7950958599d10a609baa3d45b9eb2207032aa80","61446495.jpg","391bd537ca86275132b4ee544ad7c290ea5fdd7546efddd50db5cbde4b218563"
"61453857.jpg","cf884e80ecc3d18429fca9cf2639bd63ebe1026a4e5f3d389a4ae45401264adb","61453857.jpg","5753ffc88a72910e2bb22a0284b6ac0516dad6cc891432378c7419c933c491f2"
"61454084.jpg","311dd63b451de9ee861cbd3a52af8513c020089e6eb9115681f8b70dff08b489","61454084.jpg","d5e5999235cf6936bff78f270b2c211cab0e310acb4f9a97bfb0bfcfea6f8a50"
"61466201.jpg","c5b97ac567fb8116fc797576371e4d5b68f8d04fb50d4e3ec3d5d8d720a5f94e","61466201.jpg","733b2745e21f1976176deca908069dfd6f34b89eaa003ac8c1e70726806bb2d4"
"61469126.jpg","d91d4ffead7640c7ff8a0d8c7ea7bcde864a15bd8519c66c04c581514c86d68c","61469126.jpg","1a80b780bdafd5bb4ab8acaa599c05cbbefcef5cebb6ecc8a76c2d9181b17805"
"61469640.jpg","1f441a2f9196a5f78a50045600ef61a4cb99956be9b0db8c1d774760b287cf91","61469640.jpg","4f4d163ba6857241129e998f67d4c8817c682d8c10d9f393fbcb52344b6dcfe7"
"61471181.jpg","eba0d8af71ff8f5e31fdb5070a7ecd079b62e8479a8d500ab11f1f47df842a4a","61471181.jpg","7557aff2293a19d4f3ece98333b1d4fbb1fcfa80ddf84384d462b4d6eacf587c"
"61481585.jpg","b576e4bd4723097903d02e27ee87fad90acdfa5efa118893cfa3bf5c72f22c96","61481585.jpg","24c03f8d1d834d9ec8488a047dc6473e350e577235e0b93de2bea159806407da"
"61483366.jpg","daf7cffe54fa299d8ed8e537f1c4eb24272a104f86e05ae9ab3c44047acd5a17","61483366.jpg","fb34aea81c2e3dbbb6b9b71bd53ddd9e176e78301b5e388a5df83ad92b54e9df"
"61485763.jpg","521bcf8ea94a9564b42f8da34add2b131401927040ea10dff687d03825fe9808","61485763.jpg","9591251d6ca80013198ab2af18e9572cc18a7bd6f5dc300febbc01bcdc333429"
"61489379.jpg","53f0f20e9ec0874d12823420dbb40d37db6888e1d91c2a08ed0f42dc284c5ee8","61489379.jpg","6c5252a1b0c60f38623e4ecc532a06fcfd9a82c847cee8aac91bf766a94350e3"
"61490115.jpg","78e9daf715508af96e0d5ef8c4f84665b9f7ed5d725ec11988ae777d6a3f6fa2","61490115.jpg","7ae177db02496729642d9c580caaa093fd21331b0a65eb981e31da3d3fcbc8d9"
"61503730.jpg","84ca789d7a2633134d416a7de62e91bbc28db17abe7b0337e936fa8b619d3ee8","61503730.jpg","ce4bdc9dcf934597e8b88e4d6747efb042a98a6efea5191a9fb3226a2cb15d0c"
"61503933.jpg","fd1ac1b7984f356575e0299359e6dc1c54dc133c009ac9e2600f90a8d5933bff","61503933.jpg","4e6c831a68a68f1de6baac805d8e361c769bd634295bd222db5223bf992505f2"
"61504782.jpg","15072e2c017153b5517a1e4fa01de9652d9f9b93174848c545ad1e3e79ec8f8b","61504782.jpg","92a4d48dd34c29bd4bda962b286658769fdaf171127c761d0eaa279dafa416c9"
"61506158.jpg","639d7404c7931f489aba761cb93f83fab47d69df5d1eb0eae3b1d89cc192ce2c","61506158.jpg","9d4b30e78e05f09c7e9d9de2953e2f4ab2fcac1e85786697d91572966d853926"
"61510375.jpg","b0447f8a884f9e3c2b07827252aebeb4494e7df6b0931d169750ae81468a1325","61510375.jpg","94b08d48215512d4730217ea6b8587f9b0c75b2f70b71a19a2daf28eefe54414"
"61511064.jpg","9e2eda70b50f0c935fed10876699de5d00d3bdbfb1b9d71cbc4c18a8f50ab4af","61511064.jpg","79d03d7c95088a4a748fba15631a0c331745a1290baf8540147cc633cc6b3afd"
"61521458.jpg","f3f5e91db5327d7ccb1a56c233159ea17f01d0cfc1355e8fcb3254bca5aa28a9","61521458.jpg","e8e5449421c1b2bbcc2041df79677c8a7d44ed4c4d58328474b05b30308b6f82"
"61521586.jpg","7d594ec7e4f1581d32e8815de816440a66422e3c49a6b9fdab44ded071726a2c","61521586.jpg","563e356b9fe10ac8de86f96d78b836731282a38d4170e5b4bde510355daaf7af"
"61531474.jpg","ca0e1a400e6f03420fc8ec332e0b7aef2610b538499cd27f15a01c635d282017","61531474.jpg","1a32e7205167637d1dbad94468a8083ed1690f3fb019d983392db00e6615a958"
"61539115.jpg","f7351a6d0cc473bb4772dee73e96f8a0c03805dbe6f023e805c1d92c86db6ac9","61539115.jpg","3f7e5c866665d5c6a1791336d76c3a863597f1898899098e80f4913f4bfaefaf"
"61541291.jpg","2c12853f2172b83bda1ef5070294431b3113d794a33bbb24210b9bc6afebcbb4","61541291.jpg","c6290b493e71b8141e4cf0e99d49feee790187f21558a7f41a98a03ab5853f39"
"61542487.jpg","e75491327891b541f8d45b47f36389c56749d7564e01791ee8a57da832aeac99","61542487.jpg","ec7a5c59ea5ad259d435dfa44f96d7b7715b234b2d35ba70893197669abe226e"
"61547715.jpg","76dc2b18baddb2acb25b574f97d0e8d070f13d239f10c8eca0df339883f8cfff","61547715.jpg","7c1342e8409ef367edd2fb96f00e9dd9c567d0a7254dd9065f01bbb373f15bb6"
"61559166.jpg","08f9211dd840053eb5e2c28b0f722cff548c8bbc56651d669f06af2a4dee2605","61559166.jpg","0ed22fec5c734897e771224b57e8875445f3800197584628a4f1d54708169869"
"61565112.jpg","503f39f5c7186572b2ab54eef8ba396b7baa24ff11b7dd8eb1d01386b353bd72","61565112.jpg","16a030c474a2c10466f41c3f7433dbdc5ce01e712c5e0cad0a49394311757712"
"61565131.jpg","e5cc1cf596ae19e94839260d9375d5bd8544c4b490074edb3126080bb96d3b86","61565131.jpg","d2be330911dc1d71db250e2e395d45320f4216515a2dc300de3fa94ae5e7de08"
"61565132.jpg","91ffe73def2a58ecfdc65694f743e00892c90438d236222fa305a51fa29dcb96","61565132.jpg","66136647c12095b6f6dfd65f58b2b3a08d3ecd0234c3681603374df10278808a"
"61585073.jpg","bfdfe1ae7981652a885e39919aa78dc07946c50cd46772965e9e5429aafb3c8b","61585073.jpg","6a3fb8455fad9717a305e7ad5f96b77690ab2bcffe035e87113e5749e8b892bd"
"61585189.jpg","91015f663a624c1735daab2fa1c03ef92cd987d6baffcbf5beea81e39ca6f176","61585189.jpg","4b1925494db3582f237b0e9aa608781a892b34642a3f4b331a2e6ce0402f163d"
"61585553.jpg","468ce1edb57148df3d7f51a55e961c215bf7826db02ad85367488cc60588daa4","61585553.jpg","a2099347fa34147d579db46504f64ded5335a184197d8ef5d1b45ba99a4928fb"
"61592505.jpg","4df482d66b6d088e886e58088a46cce030d7716f0d151ea1e97487b009cb99ac","61592505.jpg","89d3d3d985fcf41f1686660cd83a150d37513e2ce206d7954f967dfccb49e8db"
"61593303.jpg","080c475fdd1716d97c70358313dbf8799dab059424e475233ada404b9eb3350e","61593303.jpg","881d6eb2daca4c5520ad61ce94da2877bba400bfc12861d34c58b8af807ebd7d"
"61594446.jpg","aad7541d60d5048aad6358f5b4a570f36ae9e7d330697506413213a06a771ca4","61594446.jpg","ce5e428b406a3901575f6a51fb0bcac7ad0f21c309e627e90a17c0952f118766"
"61594525.jpg","d9e25d507b020c07fe68ddd73766aede06ef435b2d1dc970a85874a05ef754f0","61594525.jpg","762c32e88f93f4292dfb944e6b32c13797ae000b7902bd149170e489a7dce348"
"61597567.jpg","d5795e0b10f4d9614eeb4ff4c4cc39f4ebf3940753f0cbd9cb0ae8e49ec6f031","61597567.jpg","b2a524be59dafbb4e0a11e1538303321997ab7f10ede7f29b2d2d2aa2c248977"
"61597716.jpg","d0f1642c7a343baa7b01993e5cb26885da47162f9be93995b0cfa62ff4c2fa30","61597716.jpg","8756ea58dc4df92b2552b821666cc5c5d555a3305f22c1bcdae63560ddd83e16"
"61598574.jpg","291bc9e90dc2aa66ee9131486b3eeacbfdddbc7f105d5abfe44033fd58d029d3","61598574.jpg","444ff10828915d867f98e7a8800410e94ff7e0926849871a4e1965dd2b73d614"
"61604054.jpg","6445d6223e8bfc2465a6c2acb159a4a139b89e9160976b77ce4ada49eaa744c3","61604054.jpg","26e7313272d30b57f659899ef4290d72f26d28847eeb2b8cb439e8acd4c12644"
"61616028.jpg","da71f2e67f3fea5a953e388a86d8de02da557e4c9ab6aa08705a8d0d25edbfc4","61616028.jpg","315b0ea02b4a26e4d60217fc22c2d651101c3ae62343f6abeb02e69fc8884eea"
"61616215.jpg","22f37c87a53a02d5b5877d64e73f8ea207aa2793a19183a5786ba0a0475bca63","61616215.jpg","d88f7c2b7620083156924fb79ff6226b43ac8abd57b5cee1ec931b80bf9aa943"
"61616980.jpg","f49e2dda915fa18eabd9efdf9cdcf340d479366c5de8df6906e7869582335598","61616980.jpg","59791529389e0a9b0ec0c449982795e8b008adfe0f3c574af9ad988b850aaa8f"
"61617165.jpg","84e724f9466736c09e8a9f75468dac5f416e6cd63cb19bb92c4ea31fa19f1a34","61617165.jpg","6606556bd9342b02e8063e771c680fc0f89b990b38f0c2b1ca6b31c57a65c7b5"
"61621223.jpg","751cb01691a46efd8a95fa13e8d388df4cb033cd0daa9159ce7ce3b034e9ecf9","61621223.jpg","86ceff8df4753b637d0af46acac6c5f2c4ac998cda6d9eaae7785d63163e933a"
"61621491.jpg","3d77399f7344575869717db16e0a8da1869a0841250e495d528ed685a06f2351","61621491.jpg","52d75ab8cc996ab3b0078aaec329c26ac04e8482aae6c1d4694b333cf6ef2266"
"61630289.jpg","678d8fd26608aa38a49ac9daace5c0409d0bf63e12df7754ecc6005bcdc285d0","61630289.jpg","c2f9bd199039de89b4084faa258302e51b9acaa8fee329e967879452be9054b3"
"61654364.jpg","f0cc82c8f15e1c1d39fd667b584d1c5302ec55ca97878fa4f3dbfb35e46f92e8","61654364.jpg","1f8c028a25735c3204cf66ede2ed597bf9b1258abc5c0d4ba616fe68d5532c9a"
"61654556.jpg","c652a1aaeb8486c21ce3e92cb528e87f6333742cf9d8f34e7ce32eff9d35cba5","61654556.jpg","3ce6d26d1d190d5b805b87a45573cf1a4fa225cdf1fc75922709c102160bce82"
"61658211.jpg","ae378609db10d8b7140df38f8e375f86cbd0de124df8bd0af9d81f3f0815bae6","61658211.jpg","2cdb52cc664de48f631067489b59738d76bcef81c89a34249e6676ba3b782203"
"61659192.jpg","6de23c47366eccfe28d2d36575eeb6f78fe6d9bb38aed25de5d5a6ec127b42b4","61659192.jpg","b7dfd77f4e93f42078c367dbf3e779254d8d90ca347be814d2377edb205890fb"
"61659201.jpg","346d88a2a4c87290491ed5f8cc9d6c58a8d27ff8d290ec11b08faa4ef04e08c2","61659201.jpg","2e299cab7257aaff3e8f9b63e1c29bd9e6595b78d9bbf838aa550695970f3f47"
"61659258.jpg","3abb61f23f490448c4ca1e17c63d76ca27250628b984211a93f608f25c343e04","61659258.jpg","9adc03dfe618be3092bfeff9dc04706eddadd8b5dcedf89b903d7797afd3ca36"
"61659666.jpg","608889a9e522333dc7cb35f438661b472e70254e60a0301f3dd4a268cb633572","61659666.jpg","b74710a2594853ac0ee274bbaa828ef765b2061dcffa71b1cf6fd037bbee288b"
"61661126.jpg","44d3ec7d58f8a1d6025d0d02ceeed9c0ab4e05b58ef333387eb90f3b404cc337","61661126.jpg","d75c3fd25cef2d5c9b2698048d12322d16a84bcc643641d17bca994ff87fbafb"
"61661391.jpg","63059f6e568a58b94f66838001b2618b77b88b1fe1fff14c0dc737e53fdc94bb","61661391.jpg","e4601a2685eaadf2d0f026e10b3d71d7bc27947619ae0e8648c47cff4527cf49"
"61666513.jpg","55876545a20ef56c27aeaac2053dda7a9d2f679ed09ff60b7e93a77e3ed772f6","61666513.jpg","a11697737b88d77ecc90e413d46c448140398fd09dbe0a82a1f0a6eb1f14f2bb"
"61668727.jpg","5c9d32243ba3c41958462148374b34b2ab161b33f5b5e003cc1af6e6a51c827a","61668727.jpg","9ebd711c001f44fec1aeac8bf2c09631ecbf3f7066198120bf3aeff713923e74"
"61670885.jpg","c28b781142ec1abff4a65983d0867f3eb633296f6a13d2a3f29b6b355066aa3f","61670885.jpg","05d81a690df324ccf1276f43df12b7b96092aa8bc5e3670b3150ebf862448cae"
"61680493.jpg","089b2dffc109448e1f84fe26571454ddd68850cacda0edaf08ee6ae35c48559e","61680493.jpg","699e5d09499ecd9175a37c0309a23c8f31b27abd7e3b4257e92b2e2edd3d0c94"
"61682826.jpg","1fb2d7fff4efbb96f9f1466cb5d06af44aac4827f4ea2988646d3a4c8fc5a141","61682826.jpg","4228d2b7a26c12a99f63c9e87c2f58c36584f334cd81440e03ba744c2505cd4e"
"61682963.jpg","0220122f50c167d4f70c13d0ea5041eb5f307da78584836702da284641a69fad","61682963.jpg","1110a1ecbfe06a5f206e8e82134bae69d1cf79a068d6089d614de10b565a7fb3"
"61683066.jpg","3a582db9cda215eb86263ec364e23dff50087e194e25a47bc13d1a7854eaff56","61683066.jpg","1b5eea3c3b329b7a48cad764bea57620b8ff88730507553bf4a27d7c73353596"
"61687889.jpg","d85bf6144df18e5a821a856c638ef9072f1a1f4bacb74c1631761957f92ed5c1","61687889.jpg","fe900aaad2cb4b23d30e5d11a7583010389523a10f18da6b6a99b996e331f086"
"61689657.jpg","1f441a2f9196a5f78a50045600ef61a4cb99956be9b0db8c1d774760b287cf91","61689657.jpg","0afe52da9a18b10db86b16ef84c3484cd9e78c4096e4f2eaf6fcecc76cb67582"
"61690147.jpg","739f3969876f82a010c3f6233f912b17e0585a68abea68fe61fde348b03d2fef","61690147.jpg","b6823aa10391056dac5524537df62e33b80c0583c46c4cb97842a75ebd252e6e"
"61690157.jpg","fa3490371f9103fea865d14db35a6e887117d29ab74e24b309540dbabc956fc6","61690157.jpg","25d2f21fb54ff5e38599b72c43dc7a88f577847008f7535d6768117b95af97cc"
"61706867.jpg","af00b4f4fbf1127ab888710cc8034a9bc0e5f1751dc41641e48c9721b8412f2c","61706867.jpg","b526387adf1a51d14c6fe7d5c3a5a5ccaa0ae8e0499eb8fd1c64bebf443ff9c2"
"61707113.jpg","86dd38ca31747ae08c1292dcfe2dd4381e875eaf144a680386a0696716e66395","61707113.jpg","73170cc2e6bdab50ebfdf175915dac837b330967ec45fd3ea5a30ea27e3fd003"
"61713532.jpg","40c6317ed7a0003f1d74d4bbd91e8786eef12d38ac902256654db2588cca2ac1","61713532.jpg","166bb5a17dac72b153a03eb3b95db4df18a28b82dee53846beaae8c106d9824e"
"61713576.jpg","3540ccd17bf2b3c979cc553e577756da41d8f4267a93236ab4b7d96efc6ebcfb","61713576.jpg","ee312a0a47740f08f92a8135cea25b503db5c14d49191bf7870edf92adb0bfe1"
"61717362.jpg","50dd1f1a6fe573e40982a0a30729b5581276a9ea9508c02d561a1b5fa25d8b5b","61717362.jpg","f40b750e0a2e0f066a135d93253b9a4a95a62715b88c37d603217dec6ba9865d"
"61717365.jpg","9e562c206b7b64a591d5629cbbc50bef71254ed2669c729e9642bb0ec6b291fc","61717365.jpg","2f0fee39e802d974acb216fd6a1aa622835481e667838f6f8db7b782a805c809"
"61719048.jpg","386841f01abf9802e1e82939092a2c724757b0e4de827e3ec0193eba1a57a4ea","61719048.jpg","f8920bfd4af8ee8263c6fe437e174a5ef8ca9dc7de0ac5652fa3f00a0d716bb3"
"61721552.jpg","9bb1d1dfc3822540c39ce54257e2ccfd40d3c6c56e1a314019267501213aaf4c","61721552.jpg","3da435a9ed7dd10d53e8321173c9f9f872eae43131ab07788e57e0164fd02e83"
"61721580.jpg","03387b5753974951678b9bf1e24dc2ea72d07e8397922fd41518a01877c2dcfd","61721580.jpg","4d95f569db523fe7626a1d95b14312fbe500fce0bde395beead669ed06fceb2e"
"61721584.jpg","4a357b6411df610885524e3b58049daf0e1a3e33be2f883f5e089e7cee910b9f","61721584.jpg","d6419797ac660d0a9f8c2dd7a233462cb0d719932ea09716207140bbf5292ec0"
"61726085.jpg","5fdff972788b44cc1248aeec9ff82ee5464fa7c091ec16ac914d56931c274014","61726085.jpg","5a4522e8811630c29599059adb5a6c3b406237368150e106c866ea6aab519d44"
"61726753.jpg","f789e0679e5fd3ebad179afd95f830552da1918fcd8c3e53c042d87e741270fa","61726753.jpg","55a3426b5779b1ab355f97e974bf4a0e2a5257c590936b324fcfa70062f3b0f0"
"61740826.jpg","d3604f8f6583795f9d5198724c704cb14e22fa555b5f43b5038d14e8b5076801","61740826.jpg","46dad1bc865253fc6ac57047becc485e4af7c89f40f18bcdc70ba0ad1961149f"
"61740913.jpg","ca1b8400e57e5632339063d84c73b4b8a92e32fd63fbf79d4437b274b34d873a","61740913.jpg","fea4a5443df053ac6175a160210ec7cd0d525519c22f83401956337c6a556f2d"
"61747927.jpg","d727d6e740745faa7404a7c1cdcc9fbef773b26f29c38135429c8d16b26621e0","61747927.jpg","e28c86b988593fa19b57ff3bba8e8c03f534280baabc189041462da293b1cc4a"
"61750914.jpg","996a6d92bb85b0bf42d086fcd4e3fd1c42b390d0f18813d51d5dc62d588e61e4","61750914.jpg","131514990749cba3b4a4078d41c8fa30f2da7564786124244cdbb042167afc42"
"61751035.jpg","5d60903789eb9d2ca1f8a6716549396bc46dcec4dbc79abfebb7a13be5d34306","61751035.jpg","d480aee418fb5ac82884cfd9bc79230cd6af21665d0a5dfdca3382dc92b7833c"
"61752108.jpg","9772db1cade059ce28db787deb6b67afce4752e41841a02ad2cf3fd7513aad9a","61752108.jpg","5a379f4fd124ddf187d8983c5bd8f779fe70613e040f615f7b0a5bc1fa3587d6"
"61752462.jpg","179a6ece9ffef4c69bd3631620e5465d3f51dbd700dc5a0d8ff85a2ac72b725f","61752462.jpg","e61c5d13e1e5578f6cf05baddfd4a825f16ab62ca03cb31df166c973dee5c2fd"
"61755964.jpg","b0f460cce5c695b4067347abab5b81d304b9f47f4453ab5f73da623ea1bae898","61755964.jpg","b9b61ee3f5320d818918ee45997bdcd2ed26f8ad42a27f8a1f01fab891854212"
"61757633.jpg","a1cf075b142fc234c217ad78f11d94dc8f43e46480423a4cbd417731a2545d83","61757633.jpg","c5d0d7e7a6ee32cb1d0519b02e568f8803d3f14b6c78b479d46cfdf310dcdf83"
"61777986.jpg","6fa7a7a1b31ac954e839b1766b56efc980a428dde98326fd0f125be99aef5044","61777986.jpg","bdf333ede27ea73a904009017b1c2de8fbc5db8fcc21cba6d2413369f07f1a9e"
"61781435.jpg","a588d75bbe236f5b485912dc0d4bf78cb7cb4ae438c6905e51b94a2666c5008c","61781435.jpg","10892908d53ef93d190dfb95ccf9dcec34c99cf5d066320bd064db550a146400"
"61785615.jpg","e57c4f3d6bd2cb73227d95ab3316ceaf982b9cb12c20bd73954357c82e235a2b","61785615.jpg","27917a89714e20c0706dacf33121415bc62eb18bd62d582b740f8b7df1b052f7"
"61788906.jpg","ac389a2866250bb862770e9ca001ef8e0fbb149c75b04a1999d9f5983d07ce71","61788906.jpg","0719459ac1b0a95b1c2638fbc6b04245ec41bf4633edadc9fc4d0d1552b7fdd8"
"61817614.jpg","c959ad610d6349dc2a584af6ef2818ecec0fb23206ffe15cdeef3833235ab2f1","61817614.jpg","218c8b159d9a878220bceb4a22c30edca6f3fa368613cd06141513affe02c27e"
"61827719.jpg","e9a48a61e77ba74689fbe61febd0a59f84071fa2c37b9cdc78fed6fde6c83acb","61827719.jpg","0707fdd7ddfc71ff30652e042369b8757a482004ad381fe6f1a3c7308230c136"
"61835201.jpg","97563910fa945254d7e2a3d26040b6ebf596bb74ec9c0643d683220e03e875da","61835201.jpg","ddaf4f88ba41ef6a28c614430e821fcbda87379a51b340c5c74bc708a69c0649"
"61838590.jpg","3b8560f4752ba1c4366eae34034eb9ebd9d3bede6d25117852f4411cbf079f9e","61838590.jpg","d208c6769ead2b18ce9b9e4716bb885c85eac246c48c671d1ba2646f5a5d1bce"
"61841428.jpg","42714024a70d537fbc799070221c464cec1789dca97370df53a235b24a0d0b6d","61841428.jpg","2daebb67702c52d067a562fe0ad60dd8bf16a63a58a870313ed9532104484fe7"
"61844594.jpg","6b1010112b33678020c44b55db39a2e4cb86484f648b7fb0e3eca6295339563a","61844594.jpg","1d58fff808a71f6a93f91da0ba7bfee28eb5d85da94a900e4579b007f9f2c4bc"
"61846261.jpg","5064a3982cb1fd2ba211d992b6f737c6e2bbfb01736b799989aecb4884b3e37b","61846261.jpg","135c1e0245cb9ca7ed7401d9af513a03ca09fa4f40a32cea4d5b8852340aea6f"
"61861981.jpg","187efc8a6159cd95566efd5ba4fa8421b3d22de4f46c491517e6c58809b8c27f","61861981.jpg","b2dc27560640095356f443c1dea7756133c3f68b35fe4025e5c0cfae867e9d20"
"61862047.jpg","103c7779ae03eb1bde4b9f10640d1f4e563b938c09c7f3d4b5ecf5f8a8b2acd7","61862047.jpg","5b8e69833db03d888e74f5e9787fc7d2ff75fde6d81791994000f8ea4bb43277"
"61864413.jpg","1a249b55414e1bf536c55b19b42cf860df2a03118a3a4b36a319aa77152000e4","61864413.jpg","65aa915878ad91691d0dde87b650a9a1f8fbbf0d28e1c71ddc4a8683c7bf25b6"
"61870653.jpg","f79dcc14cd3c57fed2c02cdb5f8d39670a482bcc80e56e85264ca7fbcdddd686","61870653.jpg","946f9973ba0996c68a6a4e1d662b9d82282ffc82f3a1795ad8e4c041fc5f9cea"
"61877267.jpg","753b34c313dc4b5bc0ddf6edc9d33bee644039ab77a7d535ba6c10bac675ad25","61877267.jpg","fe27fd182818d72aaa5796047b525737958cba5478b32d13c68bbb35b2191d66"
"61894516.jpg","1580b076c6bc54b66210a97392fc8db61bd9c13bde4d6f69f7df52d79fe81843","61894516.jpg","91167411772e4a8db19b9dfbbb3498f8b3b4173c9db7ce4377e2450406bf2428"
"61898702.jpg","9002497f5dcfcd14788f41eb382db65434d4628b0ada4eb1381a9eb3eb42c493","61898702.jpg","7a10a58dc7fb350e86971d97439e80e18daba6f10cda76248477d08c3cdd61bc"
"61899429.jpg","824c1b2db22a741ca494a63655682bf1dcbe6416b949b24571ec8a2de19508f0","61899429.jpg","ff0623fa8de4b688cd8a28228683d48ffb1ad86bf3f1e697ca906c361f7bbb67"
"61899457.jpg","3b8b9329a329def630f991eb3acce1299394fbccb8fd5d6b6ebf606226d2029d","61899457.jpg","6df5ca1eb20281f5e31ba6cbd04f9d4deb2890074e7e0a47fa8c2dea69c74e84"
"61899483.jpg","7b16adc79ef82f00554fbdca99971b255fba1364dedf1b7b758736a6c2fc6e90","61899483.jpg","2e4dae9e4d1f8c7ac14b6942190c510bb5227dcddd8de17e7a7524da8a3e9395"
"61900621.jpg","0f4828a95cf3914a89b532874ddf78cba878bda49521ce228dafb132999e624d","61900621.jpg","9c656ddf06c2e3a5c26a39b480d91e31411952d7f0a8b9f7e84830bc9377bc80"
"61901555.jpg","6f550f3c2ba5755d4ee97cf14d2dc196c03e16bf2bbd18720584c8db90cf905f","61901555.jpg","a0f3c22572e9b6cd247550c163c51ae2fb18de54b7e5678730a36148b0fd61cc"
"61903221.jpg","e88db13384c46e3a32d10567d15412b10602f2ef6864e13620347a63b13edee8","61903221.jpg","d991948486608748d160d6b307c3fe7c1502722e4bcf0a4e42bf052befa2714b"
"61919369.jpg","93bcdc7d97443f74cb9f406d28076d05ffb98f4ba32ba16a592bd1874fcf83b2","61919369.jpg","e72f32327db2724f7de9f133b90f111bbf823827c785508fc1b79e66a1e3334e"
"75528230.jpg","d3874285264374f008faac652bd98fdeaa4767f8b84afba57b47f977f96b62a0","75528230.jpg","75108281ee3b5c1147db629ddea61638a4f10cd5d70a67ef57aedfc46a788629"
"75528241.jpg","d3874285264374f008faac652bd98fdeaa4767f8b84afba57b47f977f96b62a0","75528241.jpg","b0750208a1a22f77cdc626825318a196745ea73ce4a2fbaebfabf89613511914"
"75528246.jpg","2d5f38562fac773e4c3d29e48746df1f1cb62d14cf63fa2c9d018e3fa90a5469","75528246.jpg","b8180960524f57887d235221cae99c7c6a98ee42bf08804f1df9629e377d2925"
"75528249.jpg","3d24f6a07dd753371480f70ac8473c14f621ec839ba9a802f40669d3e5f6767f","75528249.jpg","47dc545542a8a6c541a023aed79d0f99833203dad89825e7a5e9ffb1e11b9313"
"75528269.jpg","17facb5ca7d3b21e61ace88b0ba74c7aea24565dbcaa5c9e4e5771650b502a15","75528269.jpg","30cf11ec114b54efbd5bb8b7d166d4ab975c30e9946e3ebd6720cf7e556dca84"
"75528274.jpg","b64564d600e9d4a3db4b7449f5386741f6067a6233b680dac31e900a9e7357ea","75528274.jpg","228f2c374b04b76d85107a26f76e040e938a9184f8b73a93ab7ee6b0e091c4cb"
"75528278.jpg","898f6d56f763e404135e1a3a59c3a3f754b6be81f517d2f9cd9f9a2ef0c4f159","75528278.jpg","0e6e3954cb53b03ad470514e0e45cefb3c44b296176dee1b48adb318b7dcfc93"
"75528281.jpg","146f31b64a044e08bef1ba527270e10243b0259fb3c7db8c4ba54d68fb1d8feb","75528281.jpg","6a4240ec6f49b1ddd9616b51ca8b758d10bb31d30a40c2e3e975c19a5894c246"
"75528281_2.jpg","9cd23ad50d17c7708c006df010bcf402945b905969a2bf038eceae0fca9ddbdc","75528281_2.jpg","3a44388554ef4e7e199bc51d1a4da46c057b9fb7b5f49aa2cc4ac549fa0c826e"
"75528283.jpg","11a2a20ad5de9ae59d315ba69ba1f966a5afc2123aead34afee1601cbe23f24e","75528283.jpg","d4faf8b4ea496e76fac4f6ca7365ee538b84c03c57b069cbe07ed8d02036b727"
"75528285.jpg","07df8e14a7fbeeb49ef74ebc05f4cddb2b7f21997789e4039b44d23773418ce6","75528285.jpg","a6984e268c0b4d6265076863c18660258a33771f1a494e9b7ee2f9bc42f49157"
"75528294.jpg","bb0104eddd1283956e5397ad7394a32373724ab360abcab14e90411c33cbf5be","75528294.jpg","5839be969e88b0ac6083d244fa22e2250c12706f07919e170a9f30ef6a678829"
"75528300.jpg","b7a776102c75a1cdd08fb01ae2d91917bca8b1723dcba6e80182f3ba3f3ad2b6","75528300.jpg","36a1890487c110981d55159a83572896c90a744ad9b9168e10f121662dfa924a"
"75528303.jpg","f9aaa57295696cf03412bdd8bcb32533cf0a5ecf4c50c54775d68930b6070db3","75528303.jpg","1ca0bb3a74e8a25ea058296c22435f6c7119749dab52f518cd383fbf534280b3"
"75528327.jpg","6fb95bc2ad25c05cbc7c8deb6e7112e9b505e372ce0ce8644fcb570402b7683f","75528327.jpg","360ca0e31f525abb93477b3083a986b52334d901038a58f10b2cb41de595fca1"
"75528349.jpg","63246fdcb0411a9143c5d0ae1413d3e99b3e30001d52c98b31e6e70814e2cb1f","75528349.jpg","b8ce500d93f23b09f3568a6cd17fe78af23d6bc7c89330c77a7f40fd7707f2f4"
"75528369.jpg","80693acb60240db69dd0e03b4edd2170219f1bbe230b1c1c27bbf5d5ea6f3faf","75528369.jpg","d016169becfd62a85fcf05f5e262a6a7b3551675221da4977811be8380d24f3b"
"75528372.jpg","c15f8dc46572efde32ef52c773b502daea851353877fdb884ba853ed4266dd74","75528372.jpg","8589931d898efcf3dfded079dc22f9b1e4ba6009a1ceeee1c2df7b3d9c5db38d"
"75528372_2.jpg","3b3216853fb1832be71de48742810c585ac1627b2d71605af6aac9d3bb0f87e2","75528372_2.jpg","443fcdff5ae7f0c72d3cd10742c4c85f9c5d2fd507da3c47a8585f4834ef2821"
"75528373.jpg","c225b26a2763ab2f5f53452414b7bb5a8fd2c50a31527d05335f3f23e3cefe14","75528373.jpg","0183a2b84e08b99d1a6aa368170101cb7c10c79729caf25668fc62f9cc24a7f6"
"75528381.jpg","63246fdcb0411a9143c5d0ae1413d3e99b3e30001d52c98b31e6e70814e2cb1f","75528381.jpg","4c5605e835d177592ec54a64e6197ff3ae49635f89ee307dfeca79cd70c44242"
"75528388.jpg","f70c2ef71720ac8cf4a889e89b50cf3f03e99915a4abdda10903e709e99f2ebe","75528388.jpg","a6ad03cda1ae46a6c232f8bfbedf281f16bbac9558c1d534c78fe1284bdaae00"
"75528390.jpg","387d56803ded64b413f280d726fe9028145b787ee72bfd0d69ae137998a3e9b9","75528390.jpg","a7d9b6a77df396b3c8c9cb4e1ac9fbc896e95a4a7a8da68dcdf1336690b4ab9c"
"75528394.jpg","080ebcf3d4322ce8337e9d9040c9ba41a86f1c68f25f8caf9d62c23a4da49d70","75528394.jpg","0d27c785a2bdce30a0b978887c46bd688501a435b6b6a940670c72b71a147d99"
"75528396.jpg","f70c2ef71720ac8cf4a889e89b50cf3f03e99915a4abdda10903e709e99f2ebe","75528396.jpg","fb3d739cd454f54befea3256e355a861e46af3652af11548c71b5243529454bd"
"75528405.jpg","bf8fd48d91386ce50544fa22b26fb8072957dec3373f594b09b4060d7a41b895","75528405.jpg","738c5990007408cd35e0f927cdf31b1fdd95c52b14857d8e0f98dd3e28084efa"
"75528408.jpg","b42bae793b0102551e218bfa80982c99226902af743112f6f16a27202cf33a25","75528408.jpg","22dcd36ee73859cc75309656543250dd6cc65bfdd8c4697401bfdf51ad04825e"
"75528422.jpg","d43a8ed3e57122a6094283fedaf28a937a5c7d7c52bef3b99aec701f1cf24766","75528422.jpg","a0d551df5c68b04b2a9182859a7f08d196db4220afd7bd4fba169c7129381a9a"
"75528438.jpg","b42bae793b0102551e218bfa80982c99226902af743112f6f16a27202cf33a25","75528438.jpg","3ead63a19344142280aecf4dbf6425e49122deb5871effce7d15393d4e0c1184"
"75528449.jpg","06a9df2ebde6596b4d75a942ccbe99b2b73b79660a3795b25a3a91f0c587ed7f","75528449.jpg","0e0f7ea01843a4dc091553e0711a864c17873fdc9121f415489f288bcb48a1ba"
"75528450.jpg","b42bae793b0102551e218bfa80982c99226902af743112f6f16a27202cf33a25","75528450.jpg","305da3f567302af5a64cbab7e933e5dab78ecc2307a741b6cd9b138836001c6c"
"75528459.jpg","1f56f0e3a29b0e5f1824a8b76c88c39a8c6305959a4deaf11b4aa68e652b22c2","75528459.jpg","566a022db73978e5c8e9bcb2309826823ea3d77fd0b4637338ecd543c3ea699f"
"75528464.jpg","d3af763b4e18b790da462bab6a0861eee537b40af2da4e85b5eb0b1eff24d38f","75528464.jpg","df98cc189618830a5016881e4160abf4078e2afabcb3356ef3869cba46db4714"
"75528482.jpg","e490992b082fcdd98beedb2fef56b0b3646d1de8b93516cbef6223d0589fb73d","75528482.jpg","cb339e27eeae08f734fcf07252b64f814f54a68fc06bc05f3df83e66fe572594"
"75528490.jpg","1fe2fc65c9b2a04b15b50c0ce9d5922d0e2defef052f661786ea2e59f163ab84","75528490.jpg","61f7f11067391460e6a799985779ef20e795cb3558791bd2288378ffb3d75526"
"75528501.jpg","44791e77b043d6c3eba200e2e95283dc809232f03c7898b746b6c5f8f0b7c9b2","75528501.jpg","d052977b625867b83475cfb1fee9846c8e40b9083e6f4ede3fe29f43365bee92"
"75528533.jpg","f1b9da4616130f324d26f4ef4e5b7beea736a994fefbc96e6921b28f881f34cd","75528533.jpg","3dd1e682a12abf049194c63e0e9f3a7278d4f219d6bab7ff18ef41a23adcb48b"
"75528537.jpg","176bc4160552650b27c23e67ca7835f572c4a2d3d11c9d0654b48075bc45e721","75528537.jpg","b0b028cd92adec452f25f690dd1dd4eaae2bc80369e6fb966ee1a8a97074c59a"
"75528546.jpg","44016aca7e599b0e603ee4ecf8edc1a217965fed7a98b948bdc7c6d4aef08c2b","75528546.jpg","60069629bc086de6ed7e68d3adc473379dfeb5214260552d6ade49d685590be1"
"75528557.jpg","c0999da1a652acab49858bef6d5e78a6414c6c4a5b45587a1d6f42ec6c71a437","75528557.jpg","6a57c4bdb170c868db5fd4f8bcfbb1af34deae7fc12805bc3d14dad60afc5982"
"75528558.jpg","0f7afacad8670d7fd8fce0a6c8e93481610ce6f48ecdb30b35d75b635d77932a","75528558.jpg","21094d2e2c350a7663ac59fbc6faac7370f9c541a88a97b9847645fd66f166da"
"75528565.jpg","ab716da966a8f5ca489c6620e5e15d492c3246a39914c2bf170e973e0b488e63","75528565.jpg","7413934de46e0f3be4c9d55ea2457c396aa8becbb246096aab9bca891ab26606"
"75528597.jpg","62dde2f1442c543921ea7f581a1bcd91254fe3397f61ccf9fa470a803f665351","75528597.jpg","5666d49f06b81f83e43552aa262b99147c07dc69436f6b5118e55977347efc47"
"75528597_2.jpg","f98a7b8c64cea936c929805d67b46ee0a99fd436421d3821c1f82d76d105b113","75528597_2.jpg","d0d7338ee9a00a8da32d20c52bf02062b8face59fca2b091411fb0306d86c5e6"
"75528598.jpg","e8f62ba0826118df53c9fe88a9e3afa3544cf8541868f09c5ecc3a60f58641f3","75528598.jpg","654e7ae803d7e837a98992560babf0092ff5e1a63d0911167094b625e7a6d67d"
"75528599.jpg","5769c077d18a86eccac1a3bdc0be5b6a730a505ea147266dfd821b354c7adee3","75528599.jpg","b60b0ad4855e9ce31964cb643f83f2750a0ff7a2d8fcd69a13e7cb58b2399645"
"75528602.jpg","dc5fe6bd2087771432e2122e4eb1dfa4bcd5f97c38e80ed71b3e11dff3053e01","75528602.jpg","4c693a8d1cbf2899e331daf0618d7a822f626ac2027fab4ef1932498ef678d2c"
"75528606.jpg","59d2f29e62d86c6f73ec3600c881352aee3bcab9d68d10466153b82f548a3c24","75528606.jpg","5489940e1e321c8e2c07bc8081d07f3769e6f90da4b8f7340d7aaf86bcd5b076"
"75528610.jpg","59d2f29e62d86c6f73ec3600c881352aee3bcab9d68d10466153b82f548a3c24","75528610.jpg","636cc5081c4db8e3b1ff21668fafde804ff9a9d0586d9f04bcd9849bca945be5"
"75528662.jpg","11905ef64e6877fa9a56dbf269af8dc030d3c1821b41edb7f05c5c999e394b96","75528662.jpg","1d2b38819adc0dc515887306a977899c0b32cff223c285604dac5a18f50bc758"
"75528672.jpg","51a2de897a621075619539bedbcb2e70062de1f9a78855acb934362dddb0f2d5","75528672.jpg","f6dd62526c80c79d9a614d9bd098f016e4f1ce9265f047b598f9c8903181fba0"
"75528673.jpg","2d6bea4b6cec501830ca81bfa9a320175fdf4d300cfdb67728d86a27ab770969","75528673.jpg","8360c31a31946e1c345bbf7225b15c474eb48229006c4d90f4e5f34eb43cd2c9"
"75528677.jpg","1d99a69c34ec5c82fd144f56fe62e8b3d55cd4ef5564229ccad12698b39c32eb","75528677.jpg","f4c5b6acada1ad956f5e01b8de7bf3a15e9858c196f24071fdba67da171c09da"
"75528680.jpg","966ee8aa46b478a7d07c43968ec96fad5880611eb40e227dad42d7685a686759","75528680.jpg","582acdc2d432ba50a49b25841f99b59b959d2e7e2ac5fbaa3cd129af9dc96eef"
"75528698.jpg","19f97d32ff3fd4986e10e100a7e35a734e1e4793f2cfae09a5a35afd3b6a70e7","75528698.jpg","638eba0698930a6378d5fa0bdfd2dbb4584ad9d908160f95eb174993d30ce28e"
"75528704.jpg","f2d235a5e184b663983810377be40dfa1054af38c3e6047bc1593263d4b343e3","75528704.jpg","53380356eef5f86d617f2608728568511f8177193a1e94371de1b51713b5ff1b"
"75528705.jpg","436f24bee60191a8fc05334d9dc7d828e6b088162814c4afa553e17470a82b3d","75528705.jpg","9874eefd84b00e40a958aa6ca51b23e49b6d2a8e168365e57f59a3da1e34b6ab"
"75528720.jpg","b6fec17224d0cf8353f075f2b1e9ba5a8be455e3d09fbde42ffea14002cbdee9","75528720.jpg","e7f5760f08e61b65bc87b2f61c1f4f47f3650475c17cf06fe9fc184392f89c24"
"75528726.jpg","09ecf32dab611d4ebd4ead5f2a180812c2097c8e68e076d80041928389d3210f","75528726.jpg","e3bb3049e146b1b9141313d70b55294ff0331b98c25e573f277c7327dba4c04c"
"75528729.jpg","9675996b455684e168c1296b199e61978ea6d5cfae3b4405940858a242ebaf65","75528729.jpg","3dac6621afd92a7298f70e7eba04f00b9d2e93ec97075579589187644afd13c7"
"75528730.jpg","76285cfab107535d551fa5bceade4caea98af5e12f530567510fc3d16e774437","75528730.jpg","52bb9cc86d472654ef12bd748ff6c575650dbc38e9f03ffd4102f43e2aea4469"
"75528739.jpg","096319366292dd9e877288ec03be053e0fb9e2eefe1264e7af4b6a2783850dc1","75528739.jpg","5077b9bcf394e5dcf32146c3896abf764569bec6cf6a0742a9446508ea55f716"
"75528743.jpg","d23e22af9b1cc56150a9c0d7dfc70f28c79a36ba4bd6f8ea49ccf659607a16d2","75528743.jpg","c4c2b1ac3deed20c120d9b3bdd35e6e18b6698d7d75fbc5a0d019a122d29c25a"
"75528744.jpg","a88c1aa911191665200a22d3eb3f79ea63d925eaa2030d2e3577cd3a38d74da4","75528744.jpg","568ab3f702c35d44d0b9f3ad76db64c03a2c7c829c4dbeff9b9a2f33672bd318"
"75528760.jpg","c67cab1cb93b10a67b67b036e47777dee2d8844d3f858e093a08333330689530","75528760.jpg","d45d8fe4051def8dc54618a3017631b21e06c24a6bc18c652707b758dc8a2863"
"75528763.jpg","a88c1aa911191665200a22d3eb3f79ea63d925eaa2030d2e3577cd3a38d74da4","75528763.jpg","a5f77b39e76634b3c9ac993e0a1cf39d93b6924fa009f341c9bcc5954ec86e76"
"75528769.jpg","d23e22af9b1cc56150a9c0d7dfc70f28c79a36ba4bd6f8ea49ccf659607a16d2","75528769.jpg","9b97f942c192d57c99838b263c2bd830136f278d8ddef1ac698379762c4d9795"
"75528772.jpg","15eda5ec5ebbc913923a94f9a1f64d412ec0caa376a9ae3bdf3bf499f8c76c9f","75528772.jpg","9d67356a49340447b0ea7ea19280e0097a79aa3f52fc34dca197f796e535a5d9"
"75528775.jpg","321460937406dbaaa46de9b015390a661642a9920821197511c50643a37ae66e","75528775.jpg","7ebcfb3a526894b3fefebea98a90502c491fe1dc416cb58b596d1e347d6942c0"
"75528778.jpg","31759a8b8125f33ab388f9da8a241fdce66bea8d8e155d001ab0a10ef01ad868","75528778.jpg","9b761b3826f62808ccd22fc4b233fb13d7e10c0c3ee77f7d706374fd0f70245c"
"75528780.jpg","c67cab1cb93b10a67b67b036e47777dee2d8844d3f858e093a08333330689530","75528780.jpg","3ff9b0e095cd2abcf64fe34aeee116577efbddcef9e3b888113575ae47e55aa8"
"75528782.jpg","8d687a79ae1bdadbd81e7c492da4a52ee42fd6b5369e52168709af22e65469cc","75528782.jpg","736ed4adda6fc151fbdc6ccda4d416b4fc2b9aa210efaa0b344e4de536e39f0f"
"75528787.jpg","8d687a79ae1bdadbd81e7c492da4a52ee42fd6b5369e52168709af22e65469cc","75528787.jpg","d77998f671904fe93cb593429fcef7e0d70081b8e006fd0f30e30ee4e2325b6f"
"75528795.jpg","882b5635fae061de24ccbb964151d659a7feed23490e56057934f16cf5e5f609","75528795.jpg","dd0cd27b5f3e0e5a83750f7932586440ad11a1bdd6cdb4fdede0f5ac4e61067b"
"75528813.jpg","c13b2b9957b54d1e8e587e7ed1042050e92a7731380f086f64de64facac7104b","75528813.jpg","9e55182d70b023c3d021122286505797b6b996204d7b3f329fe18ce5a7cc1df3"
"75528813_2.jpg","1cc768c60db391da36f8e59cea3c8b57f63b27db54fbf3966a4765fa82460fd1","75528813_2.jpg","8b6d93af4ac345b2710c8712539af22266396e410ba7ca725ae1fc67bb7bf338"
"75528820.jpg","45a8d2e84e72a4b249dd744e40de3f13af9b78d9440fbf12578ee4bb468d6721","75528820.jpg","6198651cdda3093a67b19af466b71b8312d518196d353a25c6591e3e98c29518"
"75528822.jpg","b125c7a00244ca2fb728034fcda48fc52aab29753155bc2f19f6c998bb726b81","75528822.jpg","f83b72682cf7e74fc4c3eac44bed3164549f0eae740719e52318e812d0efe4ef"
"75528824.jpg","85df8de1e1a03ac4d877ffffb16819e182fb4689dce4f995817c40b749986869","75528824.jpg","4341843bc5d6647539d596aa6096a9fe3a8e5eed83764c1b2115e9e0b9a5d2ca"
"75528830.jpg","f597c5afcfbd5f07e9ce8d31ba163f81e7559323fa4a84f3e583717b72997310","75528830.jpg","6176c0b514286ad32f2be06ada8faf6566796765cff2fc03031a1a010d1a9452"
"75528838.jpg","c2304ae348e00d69cefcdb0e1b97e21b9e5e8986158a47806e52319d69c12494","75528838.jpg","455b9d75947ed718a1de7ed06392634afd6e1ee0f3161e162e125ef31badaa05"
"75528840.jpg","cb2acd25a48501cb86c52ccfd9fbd3f86f3209f6915138bebf76ad7029018d51","75528840.jpg","8e655687ee089f6cc7e8ff468c1f88ae42e6e5040f694a920759499d202755a0"
"75528843.jpg","c2304ae348e00d69cefcdb0e1b97e21b9e5e8986158a47806e52319d69c12494","75528843.jpg","b70409ece8a48f49c5dee8216e6a25d58c922fadbad4ee22e5c94843a23cb967"
"75528848.jpg","c2304ae348e00d69cefcdb0e1b97e21b9e5e8986158a47806e52319d69c12494","75528848.jpg","9d711d93e8eb4c88ef8efb72ff84f3a5e735c85de69a74d48d6b3b2eea41d3ce"
"75528850.jpg","c2304ae348e00d69cefcdb0e1b97e21b9e5e8986158a47806e52319d69c12494","75528850.jpg","43bd3efdd926f17275d2c3082219fa26fce1487a00404f11dab9f4dcb0d63b71"
"75528858.jpg","122b8c9467d7abcd866bd2f40aaf538235cd98c56866270895123cc600396654","75528858.jpg","e0dfa98ea9a802d3e29434e5e6ba66a0cd5b1072ef86bd8f346f0e857f3772fb"
"75528859.jpg","40fed830d4a16fbc7c6b197f8b2d3a4a46ab2b7ac59dbc8eea4844d2802ffb51","75528859.jpg","d7654be8ac2a33b291e72d65b3cb74a90fc6d3dbf5ef4e05499fc85f2361c1f3"
"75528864.jpg","fc90f3847ce38bf0a6a2c65cb737d03dcd4f380643944c23414332c40f26dd78","75528864.jpg","037aba0e7ead0b3f7be47d6f1c110db0aa4d8522cd10ef36ed0916f773bfefe7"
"75528865.jpg","122b8c9467d7abcd866bd2f40aaf538235cd98c56866270895123cc600396654","75528865.jpg","1caabef224b69e568b01d9cb7d4b5161b20ccaf116df94e98c8f05274b989a9c"
"75528877.jpg","86e8b1e211581e5a2a9b33d3213d7516a6e70763b500d2c597c737f4f2abfb8b","75528877.jpg","215605efacc4ed089e8146c7f9c750fdc421e422a0bf6b08d9d3f061ef5707b9"
"75528881.jpg","c9417bf10b95327af73c035bf8d099be4d9e1b3bcf46a4f999ab94218af9e39b","75528881.jpg","679fd9893a0798dc3330b6a6e6d6bb7a7cfb92626e50b62d4a663100bf3eb88d"
"75528887.jpg","220c0880333a13aa8252cdee2ca56804e8603b3f49819d597ca95f9d6bf8747c","75528887.jpg","d5cb99a9e282b533e5b108079052e4367613cf2488f05709afdc1b352af4539f"
"75528890.jpg","220c0880333a13aa8252cdee2ca56804e8603b3f49819d597ca95f9d6bf8747c","75528890.jpg","9cb6f513bfd170e134e31fa20c8373a85454bf91d196f070c0cd5549340c81ff"
"75528897.jpg","9022fea931e10654e875f9318e9baa961715a1e420a55900a6ab6b6479ff2709","75528897.jpg","065b7d59d8e213c06c51b25df90a402b565a039dd1c0ba29f3faec3fbb88e13a"
"75528898.jpg","a39d7d282697e863d529458acad8111c13e853f3a1476d1f99ed897876a0e651","75528898.jpg","fb223e863aa2517c713a4bf89bbc1af3a290cc08acb6bbc0cca3289ba1589996"
"75528907.jpg","392c12dc34fe09256baee8f6db84066bf030647c99500209f2ed95cd649cdf1a","75528907.jpg","004cabdd63a6114b0cf31dbe6a4997317816d698642b93744bb602317bce5ffa"
"75528915.jpg","392c12dc34fe09256baee8f6db84066bf030647c99500209f2ed95cd649cdf1a","75528915.jpg","4f447dd27f829e557c04eedde22e6740022ffefd66091b2175b59293e9c0acd6"
"75528925.jpg","4d2b3195d949491512c04fc664876e1485fe11d20371796ce4ec55ceac28b1a2","75528925.jpg","8a27e0610763956082fdfd8f1efa22093f74b6ad8d2e86ca70acc5d222fcbff2"
"75528926_2.jpg","2566ec5ab30c9fe60dd6bb511a57466ccea32635ffb275ea046ce7ed19cf1f31","75528926_2.jpg","aaff4670001e26ed83926dcb84f38cdeeb001ae76c4220ba64081f4fcb32530f"
"75528929.jpg","925698755295139a88cc0ed9e6ec3c163cd5f49edf11d078947355219c22bad6","75528929.jpg","85f05766b69830b52a45f236f53186ee0b24006d23993787c4bfb93ca5adee72"
"75528932.jpg","8007306a9167477c61ee0c10aa5af68c0a56e4fb21f1b7449138f080b4b15f28","75528932.jpg","02ee81abf93351e7f554d12ae75ddf0f24ee9d10c8b8c480069b18838b755fbe"
"75528935.jpg","258953f4ca59908b3737d7e41bfe4b9c2a5e41d51b96ef36c875881f9a4577bd","75528935.jpg","7632c7ea144910de920c38db6263411fec375d66022e34db0f1b1e751d5fa5fe"
"75528937.jpg","fabe37d72aace96bb1a0cd660eeff33258d5fbbd0ea50e1d8ff153157e23a43c","75528937.jpg","b4078ea9c0bd00a6ebada71826744d04e52a4d99096a8248a317d398050389d2"
"75528941.jpg","141762cf56e7b93b3938747a7c16667eb0aa8c8e01cc437494c92dbf11a9918e","75528941.jpg","ecf06ed40a1c06b4b8e9de2ec136906ba9cbaa1c71f84eb0e5637d59f4825649"
"75528945.jpg","596d55d482488df6e5894cb83b12c28415b5f730977c33ab9a016a88232f09c9","75528945.jpg","d77f93d45c7641ef09780205a16e4930d23a15522f60e959adcb47c6855f0916"
"75528956.jpg","ede98e97334af64437f58a50fc345deef27a45ea844b1403ffdf58886df803a5","75528956.jpg","6603d3074023d96bc2f37ee86e630b1850baf8649b8024e8748e6d4b9c15448e"
"75528959.jpg","15a661cde057a399a5c40cee7e4c11f47b01bf245c0395235e04952190a12bee","75528959.jpg","916979cb4c87c26226533088bda9dbb64a2c834a4ab141a2e228c40e57360580"
"75528962.jpg","b64564d600e9d4a3db4b7449f5386741f6067a6233b680dac31e900a9e7357ea","75528962.jpg","982bb5e832add4055460a459cbf2a975b90c97d1e37dfde160e4708afd8cdf3f"
"75528971.jpg","607a6462199e449509500057ba53cbca97cf2923a2bac2be799a9dd9aa4f17cf","75528971.jpg","adca6e07fccad74f74fa8029cc1cd130f8ffe28946dca3d088bc3388ed8d0919"
"75528975.jpg","322ccce5a83d11d340002e04f1dc44bb78cae3d6410081575e0501c083d33695","75528975.jpg","45f3113eb279b447fc71293edf706eeaa01294520877998ce6c78b685b8ef083"
"75528977.jpg","a57b1a407480c3aefee6ab74ac6e059170e250efff064ed68a63d5cbf9f40ee0","75528977.jpg","21789e1f44d529907331a3b7d76a4352984f8ca53d307137a66e1ec4309a21f4"
"75528979.jpg","d2ab50fa15b9b7bf17d1a714c6a57323515de9a0460795a7e244186de6fd56f5","75528979.jpg","283c3c395abc68c8f320c70e6fb45939103e99e60fc14e51fd7ea5033491aba4"
"75528981.jpg","7852eab0a745d98fc121bd2ab8c7186d2d858388095f66a3c954dc05dd7d4abc","75528981.jpg","54726438c55611a5d5c87eb19755c69a01a80d4b88807e97fa5a1cb12d64407e"
"75528984.jpg","57f81b24eb92bba7cccd7e58fa86ecc62d96b94fb61d0a0a71502fe72fedcf8a","75528984.jpg","09dd8a9ba3ffde11136494e172dbe71e9e56f97205ce920c0b6c523374e15121"
"75528985.jpg","49db3ccdba410d4cb350a8eb5f91b2674155d8378b471fcc4d5037e4f73b170c","75528985.jpg","d2165b5dcc327ae0d64c6d5c330d8e056723a64f9e64c5aab619216d4b7a5ac1"
"75528991.jpg","b43a4c99e65230976f6ea18acae3af20833e2f8398bdc5de64b54195425e6e7d","75528991.jpg","05d632c9a5d260b945fa96a3dc1708ce8015258fa86263f9fab925c8875128c5"
"75528992.jpg","4bb3205f86f3335a747019e08986b5d230dfe52e85376eee4445f9714fb7a985","75528992.jpg","b7c0bec0860389534c2668630d9f48f269a93e5171c795117334243cc6f9e376"
"75528993.jpg","2e3f695db4b0f1e6bdf4cdf5cfc9e31ddbc92cfb230a546b6b90526c3b5fdab0","75528993.jpg","f042bd9adf469dc8283baa3f992ca467960e6e0e0293749526bf6fd6fc656e2e"
"75528998.jpg","55f22d77eb799c19ff8c25cb7d8955602a82034d16ed4e3d705e7797c8a06994","75528998.jpg","cdfd81075cbd6c45644138d6048b6815656cf2a928f2692c7822d92961915b23"
"75528999.jpg","cee7b9cd8f6873edcb99bd39112ee51d0e99096f67108d96d79d27857097365a","75528999.jpg","46bfd961fdfb91d45527f8ff28d03a6d8db7131efb6ee84bc525db4e3a2bc51c"
"75529000.jpg","0489a1549ddf8ad8d4a96e5080839d095ffc4f0e32164a9822fdf939d38cb6c4","75529000.jpg","f2cbbe56ce8b4deb11733603401938768dcdaa87cff0cce9d59eb794d1e208c9"
"75529003.jpg","d88f259995be92c5128491de9e1eca07c9c55a43dfb782d45c534c31e66d65e4","75529003.jpg","b709db0e361fa879eabcee6b5ae5d463f06800e5e87b9764420645f63c1f354f"
"75529004.jpg","cee7b9cd8f6873edcb99bd39112ee51d0e99096f67108d96d79d27857097365a","75529004.jpg","488d2c8bfbea1c23579edac84b151cb34951e789a55044ee7ac1dde80e7e0e32"
"75529006.jpg","a033748aee84f31650e806760112da5069ecd987804df51df57270fdfd1f613c","75529006.jpg","647d4d81019d336c04f86bbbf24d41551790a87e45fe0c306c5dbe0c73096d77"
"75529008.jpg","4bb3205f86f3335a747019e08986b5d230dfe52e85376eee4445f9714fb7a985","75529008.jpg","76b886263e39b2be1b28e556f7a9f3a1fe1ffd0514b1557d4ed2710e7c49dd2a"
"75529009.jpg","a60fb6d226a1046d8e04d6dfa6c23fd465cee1e133012c7207a02a6c3ddb94c1","75529009.jpg","c63f55738cddfefcc00f806f5a7f6092fcaae8f61386b15455b64b4b7382e98c"
"75529012.jpg","1e4c9dcdb86ce0c1c70da6421932e4585f9c55eb289a413dababac387757156c","75529012.jpg","fb9b7a40fde741ea4d7753c302c100a2b5cdd63fd3de43ad98515cb00c324dfa"
"75529017.jpg","50be312d0718d54cc962eb9ddf7fda60024a69beced23291c1dbf5b0f32b40f1","75529017.jpg","04295e00835a870af765b454372cd3208077a5b6384993b2b89314451df0dfaa"
"75529018.jpg","b7e991cdd1e18b5ade995f7d715cd763f86abe80a840f6a04e1e96aa35a70791","75529018.jpg","7aad61503707ed53fc4cf9c70a637d928b346333554edc36635038df4e1cc698"
"75529020.jpg","7782ed516dc6ee3a1b248f7518d72947a32e4e09137bc650b8e052aa14cb833d","75529020.jpg","54ff14e1432cf9f6582a9be254a77e6b46d9b470e90d8d9ec3aaf83919ddf838"
"75529022.jpg","b7e991cdd1e18b5ade995f7d715cd763f86abe80a840f6a04e1e96aa35a70791","75529022.jpg","7bdff5a95d2bc47ae54daf3a616bc28682e6ecb084fc25276a8bda4c8d6c6a16"
"75529023.jpg","2806735652af3bc118ec7c7b0370888732800822f66c5de8b85cb778bf7af5d2","75529023.jpg","a1ffb4a53b841caee6a60729939608283dbedd5bb91b7f833df48b3979db283f"
"75529026.jpg","34e78c20f9b24f4ebd801a74de853f4421d36cc5a7baf1a25d7722cf80203d52","75529026.jpg","9523ffaaf7470e96e47a22ecf9bb7e689dc0e6c2fcd457eda890aeb07db78ae4"
"75529027.jpg","4f4e75e9b43917e8fac82f50cdd752e69859ee96e3a648c90196be905a76989a","75529027.jpg","404687a16db51305ce92c073502d7dbdb16bac5f18cf73247f0e1a42ca1a4eee"
"75529029.jpg","b3ee4c0daeb573b5e60530c315bc3d2022a0f61b921b95e623810855cf5b4581","75529029.jpg","6ce5e8fa883a674f29380f34a4b1c273aa8274024d7612b0fb9848d73634e350"
"75529030.jpg","b43a4c99e65230976f6ea18acae3af20833e2f8398bdc5de64b54195425e6e7d","75529030.jpg","64604dcd76b90e5c5978f33a197c70bc7f6f82388bdf0e31439933c2edb97ec3"
"75529031.jpg","4bb3205f86f3335a747019e08986b5d230dfe52e85376eee4445f9714fb7a985","75529031.jpg","dfca493c4ad4b36865104e308a542968c619b639092cf429b08f3a99c4a8a531"
"75529032.jpg","2e3f695db4b0f1e6bdf4cdf5cfc9e31ddbc92cfb230a546b6b90526c3b5fdab0","75529032.jpg","a19e11a14d650aecc324d477d367ebd09cd800b90142f0d67fea2c1cfbe0a991"
"75529034.jpg","1a4b6cfe5688b35e72b268bb0a39bc2be678ea44c55c435a2444d68e6467b317","75529034.jpg","f5a9b62c6ec92e8be3235e46a8a73b9b52e6c768f924b111d26ebfcbc5883349"
"75529036.jpg","55f22d77eb799c19ff8c25cb7d8955602a82034d16ed4e3d705e7797c8a06994","75529036.jpg","560ee462f1eba8808143359e6cd97391940a111cfa0587e45548aa87c6f96276"
"75529037.jpg","898f6d56f763e404135e1a3a59c3a3f754b6be81f517d2f9cd9f9a2ef0c4f159","75529037.jpg","cf7e74c373dc008745857b5e1015ba3f224778b317ddb5155e4649b5b2e72e34"
"75529039.jpg","cee7b9cd8f6873edcb99bd39112ee51d0e99096f67108d96d79d27857097365a","75529039.jpg","4f8709a122ab588f945a5afa498d46c36ecca6489b9bd567afd08c8e74651abf"
"75529040.jpg","3fa12332f38e4840cb57036ba8a4c4dbb1235e956fa1a34446f36a97f657fb76","75529040.jpg","f4b56b0ea2d5736b950aee052b3eff0aba422883d65c11c891a258167c470186"
"75529043.jpg","b3d9fb6d57a5775ec8bceaa7cf15fea380625c5fe560a600e61176de14394c8e","75529043.jpg","8a4daf356bac7415e5e79d9f1d3c536d949743f15c301ea2b63c953119423793"
"75529044.jpg","4bb3205f86f3335a747019e08986b5d230dfe52e85376eee4445f9714fb7a985","75529044.jpg","a0fc860f0e286d4791f632bc4e7544669c23d136e96ac6f5744760b667675f1e"
"75529045.jpg","1aa9104069a3653bd1dfa1d4ec3f4771695e810d776d7b1a5e4653c1aa1397ae","75529045.jpg","f6a7ac003617380980be2c90480dd0c30cccf5a3b6caa79c151d56d50e7c8585"
"75529046.jpg","e7e3a488da06ccd76dd703ea317fa87e9ad337aef0479b9ad58b19a146b32b00","75529046.jpg","38c7cff042c86b3903ee8df98a6712e4d8ad2b15f3dd282fa5b2fa2a81230cc5"
"75529047.jpg","11a2a20ad5de9ae59d315ba69ba1f966a5afc2123aead34afee1601cbe23f24e","75529047.jpg","403203af12a7c7e49ed71886225a0ca0482bce15df3875c631f5cd587dd9d9e2"
"75529049.jpg","2e3f695db4b0f1e6bdf4cdf5cfc9e31ddbc92cfb230a546b6b90526c3b5fdab0","75529049.jpg","31d38a658f3785f401d705022719b1700f2e5b8e0680bc71aba174fa1f420674"
"75529052.jpg","1d101e759dba4da0bca7e2c1b71c9cf3223ab59d64c8cca7eccfd6d411ff2afe","75529052.jpg","ccc4d505f93ea3c89153f659c5a44b068234b4f8eda96ec4aed66be95571da39"
"75529052_2.jpg","2da0d393f907fe6af039985f3bd1fc690bdca60e5de0caf03acec46be6055298","75529052_2.jpg","48a9a21a106c1765b2a8ea773915c388db6b8013d27369079deaf60681694bc4"
"75529053.jpg","55f22d77eb799c19ff8c25cb7d8955602a82034d16ed4e3d705e7797c8a06994","75529053.jpg","ad87a76362152caef9973fd042e8a6cc1802bbca30d36c91cf1a41f3e12c49c5"
"75529056.jpg","cee7b9cd8f6873edcb99bd39112ee51d0e99096f67108d96d79d27857097365a","75529056.jpg","9f7c4ca75cdcbcd72b74a25843d6386b63614eb270e363c1c8b18efde3541c62"
"75529057.jpg","18ff49ecb722cb4e08da1d0a76efd0a83e67d9a79b98761e771756c77ea08933","75529057.jpg","65d2b728e7a09d7a871d2504b3b3ef6861013db7ee8453508e636e8aafec6f8b"
"75529057_2.jpg","75d369edf073a4c0c90a23992e27b4ae3fb5c4f14167a192b0aba1d313b75d14","75529057_2.jpg","9e9afecfec784a8094670f1c9644ce13333aaaf78c934fb446ef8e8c355b49f7"
"75529057_3.jpg","6de24a00d5a0de6b3564326831afde8cdbbf04fb8e5041334a9f34b932475bb7","75529057_3.jpg","a12c199e5002ed2836a2d58fdeb816d67767a2928324787bb263dfb44beeefc5"
"75529060.jpg","4bb3205f86f3335a747019e08986b5d230dfe52e85376eee4445f9714fb7a985","75529060.jpg","dc37bdde05b0ac6035874ff21d3b36121c3b880cfe15400334a0dabba06285c3"
"75529061.jpg","b74e1ac768739642238a3d441962d84dfacb391ff97ce50dc5239098b449ad15","75529061.jpg","959c6288f14ceb2a014ff54091fd589993cf4db000e8a3b4ee43d11bf1a5f792"
"75529062.jpg","7acdaae9da0d4f81836c0b2873f53d1e7b97a3a9f1c8da6829f2eecd1899a5d0","75529062.jpg","69aba3183ae6feb1c1116174a241a1daa0e4cfc792c8846d03a005ca225d3e8d"
"75529063.jpg","2c6c90e3ba36006a1fbba6271886c963ee4279b65f866bde6064d21b7f25e50a","75529063.jpg","01f8f5c019c809ad49b0af89e29e683f328404ae258744a35cefecd251f7a974"
"75529064.jpg","b43a4c99e65230976f6ea18acae3af20833e2f8398bdc5de64b54195425e6e7d","75529064.jpg","1e00e9c4d80f915450db0e9445673b4360204a9d9a970a531b83acbe9f75c83f"
"75529065.jpg","4bb3205f86f3335a747019e08986b5d230dfe52e85376eee4445f9714fb7a985","75529065.jpg","b950ded8088005eff50844c8a72afca4e10eccb2f5456cf4bf359ea69f6901d1"
"75529066.jpg","2e3f695db4b0f1e6bdf4cdf5cfc9e31ddbc92cfb230a546b6b90526c3b5fdab0","75529066.jpg","2f82275539c5f5ca998589feccaf3d509602418162f8ebbf410300a00e305e31"
"75529070.jpg","778d617dfb4f31f5306494bd11f34a1f87f85b10c86133f79b81c2744dfdfd86","75529070.jpg","685d7c67b4eac09717f8d664fe600a82e0a96b078deb56e75b29079e46feee0a"
"75529071.jpg","55f22d77eb799c19ff8c25cb7d8955602a82034d16ed4e3d705e7797c8a06994","75529071.jpg","88d421331827a6a965585c48e9a2ac1bb6f72419636ba8233239e3979ef31e77"
"75529074.jpg","1aa9104069a3653bd1dfa1d4ec3f4771695e810d776d7b1a5e4653c1aa1397ae","75529074.jpg","2840d2f32e4fb6deb81d03a2adab36e94d91275e9316beb29a1202ba228ec862"
"75529075.jpg","62028680a8fbe1e8eee7d5504b64f971a9c49f44fef11f9898e368ae2878c804","75529075.jpg","ef40d6f6def2751efe86005d47952ef3562a6c6dfd0d759df03209ba02fe7b8a"
"75529076.jpg","07df8e14a7fbeeb49ef74ebc05f4cddb2b7f21997789e4039b44d23773418ce6","75529076.jpg","0fbaf5e7764b649dfa437bc230810f2e64b42055b63e909294a9984e464f28cf"
"75529077.jpg","cee7b9cd8f6873edcb99bd39112ee51d0e99096f67108d96d79d27857097365a","75529077.jpg","4bb29cc43fd8985dc044d10a3610d072467ff0c6e9a0f7a65ab4e5fd97ab08d9"
"75529080.jpg","4bb3205f86f3335a747019e08986b5d230dfe52e85376eee4445f9714fb7a985","75529080.jpg","67d8e96a92b64f60b75ffb308dfd007e3ce693c8b8dd19841a11ded69cfecc43"
"75529081.jpg","d9743985fd2644a57fd0f9436b7ecd8bd3c583e209c0d603eccbbf7367f6b928","75529081.jpg","d7db927bbc8f8cd714f7d4cb811f7c04735a3e7d2803cf72a3a2e1c310872c23"
"75529087.jpg","ac328dff03f1756f47b827338688c7b1cd9f8e4c05a798ec2cdfcfaa5b2f5065","75529087.jpg","591a01a4e4bf726fc078758fd62829ff5b50587c771bb1f66f1b034efc9527c0"
"75529088.jpg","ac328dff03f1756f47b827338688c7b1cd9f8e4c05a798ec2cdfcfaa5b2f5065","75529088.jpg","05d4bcc3626670013b19ef896deb659129bdd58793fce7388468b18637614d1e"
"75529101.jpg","9fa528eb126aea942194ca43bfc2b4d31b626795b35988b47e78e4bbbdca0f1f","75529101.jpg","0ab47b17f5446d2f7c9b9bea1200358eacb5a9e73017b5814a73f864a4b1b430"
"75529112.jpg","1c17006abd0486824428fef33bb7e4c442c486c3ee4ef82ecd44ef074793a478","75529112.jpg","ccde9b74e536e05c3ff440f4fd8688ece171f78651e80ad299bd22799233e846"
"75529112_2.jpg","36806767062d45dabc1a5480f024cc221a00e9a5b4c552b7b99a582d9ea484f1","75529112_2.jpg","a388594d5787d3c51ad6bbb8e9eede5c1e53a83e5aed2c16196489b6ffcba719"
"75529112_3.jpg","12efc4563c6ed0f5b572e8987c99199e22df3bbdf5b238b2a73c3952f99d1a8d","75529112_3.jpg","52b9e2bafbef9f39536fbc555700291fa48f37aed24585fd662bd40a8dc23563"
"75529133.jpg","1035221d83b79e59f10410dc6c55b3debb4ac795ef3dd60ec8de9488afd76c30","75529133.jpg","7ffbdec91377fa4f42cd57b685df6ed189ddad6bcce85490ddaf921e6f2eaafe"
"75529133_2.jpg","d56b61a0ad052a4cb7be59e3cd50d854f8eef7747342c57dfa6b49e4655c1039","75529133_2.jpg","3678bd52220105646f11e8e4bb68b27ecfafda626649c7b7ef96dc94f7fcea2d"
"75529137.jpg","16d144757b7f1aeee68471b6d05b29860f1a871d7b4c1fd713c8e4d6473daa52","75529137.jpg","09f43eada5c87792e3712bb8d63af7a7ec7c2d6d021f50875c183570c1eed821"
"75529154.jpg","9e5dd57d214f24a6aa15c3f86270a0c42594d02f87f15159f0c1eba14203ddb0","75529154.jpg","14af1d3a3d33d88a7960233038058d300b0ae32e5aacdd7e2f9e32cf3f9f82ef"
"75529155.jpg","282f632cba3a470508a186102b768f5f7d06fa650234f802b22727bb13d5358e","75529155.jpg","50db65b2ea4d31bf9392ee3e70c94eb23883491029a2ae3637b97827dd03070e"
"75529160.jpg","a111ac491d18ba5a374f3af7cd3b215ae4dc2d8d9a3dfdf3fe9cf9e628c99709","75529160.jpg","a388719ae6a5d0747cad1a16f2f5b2b511023d16bd2ee385ad59613f9e83cdbb"
"75529161.jpg","1841fc75018919f47929a4c521180f6091f9dd3974ec9a639b05036716354add","75529161.jpg","9864cd23a7003618400a213af4243714c71da528df553b2b7db1e3fb19bdd3b7"
"75529164.jpg","bcaef01088ee52ce1db1f6a494d800241c7a07b7f7a37964c647d5c5ecfcc04b","75529164.jpg","d48236f9c586d447f3b510cea05e95b3ce666f011b36713b0341887e55872961"
"75529165.jpg","6f7c86ea3dcef3a33db0bc45b799e3e09c147f4485a7bc670c29b096c92dc582","75529165.jpg","e0fadf575115fab33f762709751199c02ceb3a346c65af10b6ceb57d460fd675"
"75529166.jpg","37a5f7f0fdaa432424e8a61a865ec4e2d0f59c9ae55358b6d51fdbd434e3cc53","75529166.jpg","38639f4461426d1dcefd71fa879230a332c3c5c78b0fe7a8b6ba49d124d70a6e"
"75529167.jpg","6f7c86ea3dcef3a33db0bc45b799e3e09c147f4485a7bc670c29b096c92dc582","75529167.jpg","924d163116b51dfbf8a1095400cb669c2341303d74848612196844fa121e5566"
"75529170.jpg","702e684adcebcf895890dc15b8cf8c0fd64a160b03c11fc59dd505c3aa11b526","75529170.jpg","29f86b650fed29170b93e1530f6a83d8671d386aaaa8550119ca8a9a53722523"
"75529174.jpg","2df1b7d3575f3c4aff93a174ffd35b5e9805881803bd72f997c07f5c51fd6c4c","75529174.jpg","816ed0d42682868b21730741fa56f9e62f69d06d282bc22542443ce928e3a289"
"75529177.jpg","c6d1a0fe8e124cd5d8fe98d0e942497adb68e2b52054eecc6e4bb6fa65b71c93","75529177.jpg","95a72b0e10addf41bb871f07bb227d78d61b1e2cfa23ab5e7223dc9cde1bef5e"
"75529178.jpg","ba587af3d12a39b9ab213107cfcf00898039b2f782595bee4457e27a4b95d979","75529178.jpg","891662b864de08f5c2d80fdc57c3327d31c961e9a77ba1364310eba5c4949d2b"
"75529179.jpg","d072a0aed806e386a77f02c554e81503f82daf5eec544d4ce30dd0ae0f347ac6","75529179.jpg","bcda9c3f3388fa56f6871c77af1b31e3c1aa4615f163eca76b58df31a8934524"
"75529180.jpg","f0fbfa955cbcf457aec3566dabba15c9aa82bc8687ec46dbd824f0703fff5714","75529180.jpg","c2cd71510358c328c7b4f9901732b6c7b73747ebf010935df08b944ffb4548c2"
"75529183.jpg","7191ca805a754e9b5cb71f3470cb5ae9088710995e503f4860f1bb7001422726","75529183.jpg","b18b5220910f4146b4a206908c21daf3ecec326c3835ad074ff54ac490f71226"
"75529184.jpg","cb70079a286b750a0abe3e4d10fc6441ca72f3dc1b01a663f6e373ed00d7ccde","75529184.jpg","04ba184a8c5c2dfb5b3372db1c9b1d40f09e663ee4a00d8948c6c81b66b94faf"
"75529185.jpg","a10a38cf5091c0128c62fc8d94f7fac6ff05e38399a5e928383258403af9ec32","75529185.jpg","d0fc6d6f9019349eb9f3c2957c90354070ea2e70bd3de3ed3fa71879ce4050b6"
"75529186.jpg","73ea758aa06a9942b7b7094b09d5d7afc9439aa84277692fd57994446974fafb","75529186.jpg","80f8908df8841a632d90993aec04b559967230ab595c64fc7ad69685c23f7f2b"
"75529187.jpg","0cf7a668c72568c7b1f368816f9a4a68ed1ab94d50b98f53b2f52f93d51b764f","75529187.jpg","2696ad2f6f21b665c8350e2beeef6ff444137a22bebd9049a45307a40080874b"
"75529188.jpg","326621630fa127793d1e02923011ed588c580c4d3e55528c277743c48ab5997b","75529188.jpg","101147789486127d8cc516afe475dab883bb41c036a6a04a9ab1f2f20b3e1028"
"75529189.jpg","823925de7977ffcd2d4d2b1861a2ebcfe6767692903992d0885d2d793f561a88","75529189.jpg","91bd06af58c251c84efd7981f3e4177149f9778d299cb793072293b3b2c7a31b"
"75529190.jpg","08278365137cebd3f4c31d82fba054a16d0c4060e5f9e163c1faa668771db1ab","75529190.jpg","8cb868b97d476d92200ed0f653d2f500efeb1322c048a5a80da37cead9baf871"
"75529193.jpg","4386a41126c853bfaefe5cc34b08c3fe21bc384777b61440abceb75afda78426","75529193.jpg","576eaaed2a003bfbb9473460776c35abb5d4e284b6b905ec012a0a42767fa89a"
"75529194.jpg","4fb0c173eed1640e2e12c59c9469a2923cb240a328a6b1f2e691c646817fdd8a","75529194.jpg","7869bdd10be892b7d88fd7108fc9c7e596c37533b9fb594c6c365149abbbb4bc"
"75529196.jpg","e4e23e507935a4c4b78020180835c8b41711c55ec8c42448c475f330e4e89970","75529196.jpg","155c34b05bf52045c97fabf822e916fbcf4b83d9dbb0dabe0e438f5540e55eb9"
"75529200.jpg","8123f5a323747b7158ce7cc68b6531bf59ea9a1182e9b9826e1f0729192444ef","75529200.jpg","f1643d6505c1dfce621f09f7d57b3e987e1d35af7677ca3fdbf82c4b297265e0"
"75529205.jpg","71362d1fe2e53f7977d360d3d68a916c64985c778ae3ca4e4074183747ac1817","75529205.jpg","b857843b8fc7835c383c585fe49846355789fb0f79fc9616ee464b9c5ed7b36a"
"75529206.jpg","86185b795b806335425b209e9f5e5cb05c7cb2a8c36e4a115bfdc232b65e3240","75529206.jpg","0e04d0d1b7d47d8c79e274f8011e362967d95d0748449f72f1aa1fa840889fa1"
"75529207.jpg","4fb0c173eed1640e2e12c59c9469a2923cb240a328a6b1f2e691c646817fdd8a","75529207.jpg","68b3312ce5e69cb81bd906f8ca303c945447cd803df33e9ca773b0eea5c07392"
"75529210.jpg","7191ca805a754e9b5cb71f3470cb5ae9088710995e503f4860f1bb7001422726","75529210.jpg","fb1026a86dbb9080ca091d3a52f744ad030e80aa56ef2fc2705159961db6395b"
"75529211.jpg","0cf7a668c72568c7b1f368816f9a4a68ed1ab94d50b98f53b2f52f93d51b764f","75529211.jpg","7b91e3ae9ed6ebcdcdf250a3f6849c20a8f711bc4a06b50bb67c6864eb45e12f"
"75529213.jpg","4fb0c173eed1640e2e12c59c9469a2923cb240a328a6b1f2e691c646817fdd8a","75529213.jpg","27da9cb9bc2d80964d43badd495bebc6872257e7187386387f67af324454af8c"
"75529215.jpg","4fb0c173eed1640e2e12c59c9469a2923cb240a328a6b1f2e691c646817fdd8a","75529215.jpg","fb776a0b4f0dfa4cb27649cdc5024f7705c94cc1ae45e95db32a2e4b1be2c880"
"75529216.jpg","86185b795b806335425b209e9f5e5cb05c7cb2a8c36e4a115bfdc232b65e3240","75529216.jpg","04ae8f975d762ac6c906597dd11dee3ab426eb7ddbbcd1ceeb901b6dd228a0c9"
"75529217.jpg","86185b795b806335425b209e9f5e5cb05c7cb2a8c36e4a115bfdc232b65e3240","75529217.jpg","f42f14187893b00bbbb036ea898f315b124d9b5f1cb222db8fb48c0d1f794bd1"
"75529232.jpg","7001ef498a338ab813e0a8e8d3b9f2150987326fe338dfacd158ea884f925261","75529232.jpg","fe7ee15203199d40489f5c7f6e9a0e2168defc656d4423187d51752c5fb1ee78"
"75529267.jpg","10e9b79fd2bb1edb3716568207c52e6d66889ca58eecaae0acb09571fed17f25","75529267.jpg","f4d5da40fcb1248633e43cc4fb2892ccdbac5ca8864fbe9f04b617decd0196c7"
"75529273.jpg","ac522f2f25256dc1afdab984f0e48d3c12f63c19da7e3cd05b122d11e0e0b7fe","75529273.jpg","f55fb55b90b9d2359bcc59a7a552c6ea406f9c8aa1fb7d503f62aac80d6bdd80"
"75529275.jpg","ac522f2f25256dc1afdab984f0e48d3c12f63c19da7e3cd05b122d11e0e0b7fe","75529275.jpg","ebf75a183b2003c7c1654e03bdbc3710f5698d1b8d4df0088a6b5244242d1fce"
"75529276.jpg","ac522f2f25256dc1afdab984f0e48d3c12f63c19da7e3cd05b122d11e0e0b7fe","75529276.jpg","8dc10651c0f620f4199b3a7644c9e1b70dffc552188c0c4a09b56943c3ec8524"
"75529300.jpg","63989d7fba599fc3317af436f354b4f0c4818776f737688cf945edff86be8fd5","75529300.jpg","692bfc2b8b1e78208e0770f8536b2ff867e0aa77c4deede966a273045601dd98"
"75529326.jpg","8b1eaa4e81888ae007241a75bbc53bcf74a11c35131ded3dc551e4b347f88dfd","75529326.jpg","1c864a5cde5ef1fbfb77e2f84769f3a898cffc764d83ddd5fecf98827dd5113f"
"75529326_2.jpg","cd9c3b030fda3bd6534a6a4f5db13bb0fb018378a11365d1f31f948132f55267","75529326_2.jpg","7edee9e1d6c4e388b69c9f89e5598824629a2288d5a23239837418f8ee260a0a"
"75529999.jpg","66c4f3be8eac55255784cdc3928db81396ffa36c1a5bdfda114d3120929968fc","75529999.jpg","429a60443dc692948f594a9f8d0edfeb66f469f4c5f6c6fbd0e73a6e8984bf42"
"75530142.jpg","e21ac6e31a554e4e08d23a07afebfcb4560cd474d7e248031332aaf344e710f8","75530142.jpg","820b75395c33c7efb2f07c53b62b44ccfbabd47e6a6900f3e5802a30f438b5f9"
"75530543.jpg","9ccc6c7a6770da4e5afa20b92f4c2c16b1fe874f6d02bae103577e358af41558","75530543.jpg","fece3160130be25cab02a3e2b425200236f2a0f6e12bcbb19deff3bbe831acb8"
"75530712.jpg","3912f8fdeb51ad30803a38f2d32207305fb0143889caf54a7e76f7e41a1185cf","75530712.jpg","74bba14c99eca757da5cc17dec70cfda7003243061eae351b4778257eb5dbdc4"
"75530945.jpg","45bb9ab2927411c510176509966a899a266e7006d3372803496f935f732caff8","75530945.jpg","2aff776bae6c4252c4052221b4cddf917428fdde7f8098b5e5065e3d0238ee45"
"75531146.jpg","d40421a3c849158dfa466bc91248b112cbf89c0aa0efb4cd189d7b2e7ee114fa","75531146.jpg","1f8b4d90660e2b52f0d14eefd4ddd2114c9108dc3da7a85fae3845435bc85113"
"75531258.jpg","d40421a3c849158dfa466bc91248b112cbf89c0aa0efb4cd189d7b2e7ee114fa","75531258.jpg","320e3dcefea2be8e7f57e35fbb8c3bfaa893a0b8bc984d00b77b06b8121b4c76"
"75531465.jpg","358572c21388ebfd2b95d43d6a328800c2f361d82a3d47b4c4de380efac7f64f","75531465.jpg","353101bdc7c4b89b5d6cf8369406daebc6962ec8e81119b1ab4c640b4b2bdb8c"
"75532083.jpg","e8a4d9cee5e188b454ed4010cb44ebb92fbd5ad1619cac27e49c9513418be7d7","75532083.jpg","054e2a266f855949710417b0cd8433cd8c82b0fb1dfbe67d67bebd36141e788b"
"75532105.jpg","d4ba8fff1bdbec0d9cd7c25d6846ec6a6787268473eb8e484e6ecaa077db1c73","75532105.jpg","9ee6162785de781c3fd3c041bb058fc6619b9bfdf6eca9647369ad8ba21a50d3"
"75532976.jpg","068701fdd5e62a23b916045edc9209c2fb430071ab3fa4e4b0b8e2f386e56381","75532976.jpg","58f06c1aaa410ba1f8a852ff66d705f6307de801b1fe4fb917c65cbccd9ee833"
"75533071.jpg","a798038f156e176c624f38b7f7eb6af42053ea208dd0a0e734a55c25fa02c712","75533071.jpg","415ccb7cc0630b46fe599965d486b12798b926d9991aaf243f8f6f36009bfff6"
"75533084.jpg","a798038f156e176c624f38b7f7eb6af42053ea208dd0a0e734a55c25fa02c712","75533084.jpg","5c0d54c3551a23a84b6aa7e0825bd4b234c3309073cf311d9cb739bb7eb81dc9"
"75533133.jpg","70aef14fbb0e46bcdbde11554369befcad1aab37830fadf1c7d1db18f9ddf4fd","75533133.jpg","8d3df6a412bba535dc70d214c009ad0800ff8ad1f8611a4527ecb6fdff1d9aae"
"75533133_2.jpg","fd9a04fba36e68c964e3890ce5e8bde03920b1b7906ea51d8def7ce702dc57a3","75533133_2.jpg","7e60c1928b563e6c1d0b7c1bded971fd46ca6086d16a62a075f6ca580cf546dd"
"75533369.jpg","4be6e7210a88447f1a52951d3782103a31aac40397d8971baadb942892f86115","75533369.jpg","3d8b15af87bb1a3c7b20be9ab74d89ba9d2b066ec0321d4209b1856dd82a1ef5"
"75533605.jpg","d4ba8fff1bdbec0d9cd7c25d6846ec6a6787268473eb8e484e6ecaa077db1c73","75533605.jpg","58179a1bdf768b714f1492981a9271f50f3842822db94760bb92c5100bd5540f"
"75533961.jpg","4be6e7210a88447f1a52951d3782103a31aac40397d8971baadb942892f86115","75533961.jpg","40ab75f9239cf212c43f375227f442c0e9559b8a990f5abaf05911b5618c6173"
"75533988.jpg","4be6e7210a88447f1a52951d3782103a31aac40397d8971baadb942892f86115","75533988.jpg","bfd5ddbc90917a1ce735f2bc493a969a473edc991680bac350bb4f8e3b7fc7ce"
"75534057.jpg","4be6e7210a88447f1a52951d3782103a31aac40397d8971baadb942892f86115","75534057.jpg","146a4a9170d2ab4ca2a5f8050de5c6ec8885d80f3a007740b8c79cccef882885"
"75534313.jpg","63b48dd6c252cc37e8fbfeb6f71933c557c414fb5ba60125b8826fd5ed76e7d5","75534313.jpg","572b29bafb8f19b369d46626ab90a8cbe045175787814ee737c8cf1be4b663b5"
"75535068.jpg","7fade34edcf327bcec8389e55a692e23f8ef919a997d333b1b74dabebd2c793b","75535068.jpg","a0805d09cb7f13f82918fea5c73580a3a2fc17f974c63cf269c360f1fea12951"
"75536409.jpg","ded3bab1bd6cfc1a26f00bb59271c57385aea73aebb5ec8324fc76c37cb7cf7f","75536409.jpg","4a9b599d937a34cc190b64187b9b6bd65131edf623e4380170df7c66e72c72ff"
"75537312.jpg","7fa827dabd46d1d6132a54ae265d57737d3875d1bbe5e955607f9a7016875c24","75537312.jpg","b714f90f668cb4c5fd31678cf39a8f4365157bc16386566b19ba05a2c185e355"
"75538097.jpg","86014af4f3e482f7860a8107c70a23942dd670eaeb8e39c68081dd6e66373c49","75538097.jpg","3fe201acd7a711cceb6d2b8dadabaa3cbc24bb632900a900ace026187b3510ac"
"75538173.jpg","5065d7f8622d3784a96c9e7cd6b03a57e08dd2040f030ed572002092cd61d5b9","75538173.jpg","d12c94e9947b4c4926f1ed76027b70e27541787382020b333865e5d5da1c5cb8"
"75538470.jpg","3d24f6a07dd753371480f70ac8473c14f621ec839ba9a802f40669d3e5f6767f","75538470.jpg","2703fa6cb86da6570db845f747c934a2a12937b50f94b4c752184f006e505a98"
"75538611.jpg","a1193fde4ca2324a092aed14ff038c72115c6775a7684176e77c66cc63086bb5","75538611.jpg","e333993baca74d12625f4b176d0e4ed3cfecb8c9271eed7ee19d8f8654ea1131"
"75538661.jpg","5065d7f8622d3784a96c9e7cd6b03a57e08dd2040f030ed572002092cd61d5b9","75538661.jpg","e915057dcfe9d53472a58efbc6c096344b1bf87ff1f4422d8b396e7680b51351"
"75538822.jpg","fa69a9bf96cade1e96c8805d4356f88b1c1b84716e425e9860a860a9bf048e6a","75538822.jpg","5014d2bf8c61122da34d41edd677a196a922d0f75d8e3598ea06a00eba8c0542"
"75538987.jpg","59c92b87ff59200b19deed28e8ceb9276b478775ab265842aaea3fa54c021766","75538987.jpg","495a5355ad754d01ae31ce907bd060b39e626f68af73d523edda3f3d0557d970"
"75539422.jpg","d5f9d1f305ab85da0cff919db3265cc41126c56ec1a142ad4e44fe4253e93f4f","75539422.jpg","9ab5743efd4fc026f7306ac5fa3f1fa89794cb5d956ae1bc5d3a717796be0b52"
"75539843.jpg","3d9e2eaa0b099d40d19f3412758c43eb676260d11d615e7a0548b0b393674b9c","75539843.jpg","ed21118e52e7bdf8366b07eb6d3f6aa0d280633c5f5ac1ed3cca63fb4e2a518f"
"75540133.jpg","52705eeddbe2ca2030b8386d0e1df0349f8b5e12dc61b7fb7fbdb5982068f01a","75540133.jpg","db01e689aeb4e27f9db098f701dfe30a58697108d4e2ba341bd2403da9dde0fc"
"75540314.jpg","323e845e920acd99e42cf806af1ccf3dc3a9469521ed7502e70f407cdbdea743","75540314.jpg","5728e268ad57e18fe4ae09a75da7915cd56c0e77cb616418b10f48748fd9c76b"
"75540533.jpg","2cb50276ffd6806a5a085a14fe0aeb7cf4b4eddfd2fa76a99d31c72b39f8f121","75540533.jpg","90d18f16fbbd705ff860c27086a0accc704d59a077d0a13d3e8b1a8bb2277bf7"
"75540578.jpg","5065d7f8622d3784a96c9e7cd6b03a57e08dd2040f030ed572002092cd61d5b9","75540578.jpg","238513f489f80fc3fea65345879f78844437572e8171cd4049f39e9971515fd9"
"75540662.jpg","dbc625eec7dffc0c9766b07b661e188eefd66d9f13012503d9b03321c25f7f8e","75540662.jpg","061511a1e1154b474a4c740d6cfb7dddc4987071c8846c9054751bcfa0068543"
"75540908.jpg","f633cdc2b4cdca2ae799e5bdf9818eb457a7ec50a097b77e14332193ae1db446","75540908.jpg","8251b34c4f0fd542f7fb3e6ce6a1f49b502ab850e66ddedf484a5e0ec6de0200"
"75540970.jpg","4c9e51d1b62c975984db5e3867e3a241dc5367df741e67542abfc7bb413f685e","75540970.jpg","aa820d4a8a3b7b65079ddbd4b7d523c96d89904d3a0795210aa7cfc262aa1f81"
"75541043.jpg","7d579796761875d8d560fe243278cc0161568b57de9ee85d27f1d204a1bc6a74","75541043.jpg","51a68da580b21412ba8eeb077ddfe9e4dd94cf5ea2288e0675af9efd5c7a63c3"
"75541091.jpg","aa2184998be21bd9ea41cf9656201fb18cf03b7ea64bcca9daa049c1a02cee38","75541091.jpg","7209bfe750b581ec92528a48bcfc9a64e3bda18e789a34dc4ddbc38a0108248e"
"75541115.jpg","f2cac6f8b02294a694a692162c0353584f45d73a7cc86e3f9b960f1a08c32c76","75541115.jpg","d4aeceb809a1168668de460aebd17625623d28538701e6857cddae714d342625"
"75541280.jpg","b4e1fb7ac2515df0127fd15be09932e17d7fa95ca2665c0ebea77d51c24a5b30","75541280.jpg","8cb7f51948edc0e79b10378af9783d95127391061a0ec5b8fd615b00d35ef78a"
"75541451.jpg","5addaddaed93c79a8511f4f9fdd7eea8d52d930f5b1602ee81a267078832c5a6","75541451.jpg","80280c097d3a608b6456f87758611d6f14ddd215da19960103cd90bedd18c15c"
"75541633.jpg","def08df1c7d0bd1ccb047b3f92a292abc8083b8b6f42897c67a1fabf255f0040","75541633.jpg","5c981a3d2bf4b8f43e43764b72546a5b7feed656195ff501f7e3ee36ab181557"
"75541746.jpg","ef76064664bab956e2f42dc9a08fc9dd3c5285c1d8679087ebbf5bf3a2688319","75541746.jpg","e3a416e0846520adc5a3d49c251e3132677b70dece25a5f1a91e46e691a61378"
"75541821.jpg","84b40ffaeb30c6a2d7baab18a1c68aadcc5d1b86918abcbd3c7204774f3034db","75541821.jpg","887984dae9fc306ebffc763c5eb6951a321d65ba4dd41081aa1d27c3f8c74182"
"75541877.jpg","3694352abbcf67cb0d37ddb4b6ca3de56864df83b2dff218f6f24e168a99578f","75541877.jpg","2a4e4dec704f7a9ea459ccf486c77dc1d5aaa3c0f6f157b783bc33d63fcb7fe7"
"75541976.jpg","d3fa9f3a2905a6e959f1685fb963c2813b2f4c40a7444994bcb57c1d13892956","75541976.jpg","4ccf019ebb3b1302a3a398ce7536ff18ae04123263fb1b03fcfecdeb469e0123"
"75542027.jpg","80bd0e4bef8226bb2f2c4c2e455bc8704297febd09bf3ce7e2d8eb3ad9e0a979","75542027.jpg","caf6185aecfa611e0f5ccd0759e8f865be8b5faa3811618dbd197dd77c2f3384"
"75542056.jpg","debfba3fa13aa3d45e2dc5e2f181a1c62c59fd419608c68e856cc43d78e153c6","75542056.jpg","285cd20f5f0ee903ffe813467548a6ec03f8bd7c3bcf737b56aa5025f04c76b9"
"75542181.jpg","7e1cef28e52ae007abf2b0d661f6cf17d5e0b00dff72ef90ed704070248acbbb","75542181.jpg","c5feaba53890f95b50fe63f65096dd831f8c795603091b3fb9df272a39816935"
"75542247.jpg","16ac8199c05fcf9d30d9fbb0595a4463d7c0bec90b9b365ff4794f07a3eae767","75542247.jpg","2ddf781910890e761b2d627c6f9938a9a92de675ae757623cfe5ed9984a556e7"
"75542272.jpg","59c92b87ff59200b19deed28e8ceb9276b478775ab265842aaea3fa54c021766","75542272.jpg","ec5c6312e24971f94d29e31657d37d1d8e1c5d7fa35898917eeece702426e031"
"75542273.jpg","8ccd59d68e48899cce5e2f64a5b02ce8f0b4333d6b952e8d850976d4756822ff","75542273.jpg","c6f16f86a2ca81470538efad318e647569d79982e8659e5a29c7c91ff9e333d7"
"75542313.jpg","7a539e99bc4764e58210757803472f493c45f8419b07fee8f16950f8064e8d92","75542313.jpg","508bf68084c4d23081d073c4b0da92fc20dc64ae44b78e2a6d1724436fd7581f"
"75542324.jpg","7e1cef28e52ae007abf2b0d661f6cf17d5e0b00dff72ef90ed704070248acbbb","75542324.jpg","7a8619fa07280e3a46482f997d50d1441165d7e7550119cca80124b4b5bccbe0"
"75542366.jpg","27ee1714b69ea9fa2db12083ad6010af5cffcada9e876d232c5a8feedaa252d4","75542366.jpg","ba3a7010158997e4fecd14166e17e93f987381175e61ded6e88a60387aa0e546"
"75542544.jpg","c3bc461b4b10832801b527d088cecf316fcc13f1137b8fd7cb9343cab9ac54b8","75542544.jpg","1745ee158269be4d236b4560a674327012bc89c7f1f440e1d6380452455e8df2"
"75542749.jpg","1ba01a5d88ca99bccc996f02f8a4120672b88ff11c7204429c4a607bdbd27d70","75542749.jpg","4d01107051117d235a36d4847c4011583404854636a63dc79f70dbe1b6ad7a6b"
"75543012.jpg","1ba01a5d88ca99bccc996f02f8a4120672b88ff11c7204429c4a607bdbd27d70","75543012.jpg","63ec0ad8b4ac5cf17b33e358411c5424d29d5dcc509a0acaef7e406b7e5b3cde"
"75543202.jpg","3329822f46e26be5e73b7206a9017afb05cc527fa0b15036ef8f54da775cf283","75543202.jpg","cb525a489d7f985a26096ad14c3b5e8d973a9a6b73c8bb758187691c7e6457b3"
"75543231.jpg","44c08bb9bd540582c83be0d57e583be44db5277c19437f27fd8f4f4d49878d75","75543231.jpg","1f20a69222d2e25a0d7042db8dfc9521d2f7fac2894de6f98eaec0f2d226ac79"
"75543613.jpg","84b40ffaeb30c6a2d7baab18a1c68aadcc5d1b86918abcbd3c7204774f3034db","75543613.jpg","fcfc1c9ce5606be1cb4752e57e7c961dc2f862fe6cda224d646af1bef80e8495"
"75543646.jpg","84b40ffaeb30c6a2d7baab18a1c68aadcc5d1b86918abcbd3c7204774f3034db","75543646.jpg","b26383de53edf0e72dea857238195308d585f5a13a7c4b51bd3b70f365bacbd8"
"75543654.jpg","781d8d69944bcdbd5837ffaf82f156bf7fa0c92ac4e91e52f2a92dedf6f087ab","75543654.jpg","13be86facef1ed6d16b098f553bbb5887d03c42bebccf20e6c31432ce6c903db"
"75543680.jpg","3694352abbcf67cb0d37ddb4b6ca3de56864df83b2dff218f6f24e168a99578f","75543680.jpg","25ee80f2342459ab86883ff004bebd8b8ac3eae2bfa2efb3bf2ed21a6ee364da"
"75543695.jpg","44c08bb9bd540582c83be0d57e583be44db5277c19437f27fd8f4f4d49878d75","75543695.jpg","21dfbea9a2b84c16191fb23352ef60ca16a550044ca119f6cb5aa9da4e8ee9f7"
"75543957.jpg","c59f62294ac69860124e225184744bbe5a96f331f7240a8e7db643673f46ed49","75543957.jpg","90c714e1a11188fc4cd9d3f73dda799e9e6e48b19182384421c3b0a353dcdbe6"
"75544132.jpg","e7fd4e0614962c0aed2a9946545a15575d87264092670c92782eaac2d435fefd","75544132.jpg","3199682832d959da8a92ab994a723198b6fb62c22e75dccd5dbc64d96825006d"
"75544251.jpg","d9912b0fcea379eefc45e954e3a35f2e76ab73a7cf964a6a6811d4b5d4df05c8","75544251.jpg","25f7ab96ffc56d27f6d72d1da971a02d46087fda7645c051f27136fcdf2d5d12"
"75544265.jpg","e7fd4e0614962c0aed2a9946545a15575d87264092670c92782eaac2d435fefd","75544265.jpg","2c3063e582a6e17258d6cbdf7aef768fa36ae80ace68755687eb932077404eef"
"75544396.jpg","5aedc16fd831c5f31fdd36df603208fb3887e536bcfdab42dfd8654222fe606e","75544396.jpg","a5c5701f24ed70b5b1ab2f30eb2d5761ddbb0ee9885ef34ab5d4d1663baa2e98"
"75544425.jpg","9e49f3ef49752b83831bd97d5eb98564a7a500696c564fb1a849317623971240","75544425.jpg","1048bdb71e0b625ad8ab9a89fb0d5f521251dc03cbf49957b0440576a07b26bd"
"75544536.jpg","b991fbb78d37226e8b6d933cae989df0af614285778132f9e8575512e554049a","75544536.jpg","43200a51d0b91cb68101a9d3382800f25a6ae9f0dfb874077bad4f9c8dad8ae6"
"75544616.jpg","debfba3fa13aa3d45e2dc5e2f181a1c62c59fd419608c68e856cc43d78e153c6","75544616.jpg","4f70a472092a9ce097556df9d5e0a58f672230f589b30864452f299f2bccd2b4"
"75545081.jpg","706101a49a1c5fc275724daa1947657907d04ee481bb95efc65733ac29d5a18f","75545081.jpg","32c47da09b8c7247c5426582b24dc1b356da4c34391167ce28bcb63b47e0770d"
"75545211.jpg","275fe353154163d328874204ea1d8e6199d14cc7c6dc6083c378cbc8af6f0342","75545211.jpg","77ffccb0e9e9ac032c9d88194fc31cdcc8c93766bfa646581336ee5220d45066"
"75545372.jpg","988ccbc46883b0095423000d519b5d7faef03263335c1ab0b2e1dcd27bde91a0","75545372.jpg","850e64781675b684ad8610f41a755bbc3412e14a4ea22b2aaaf8f8f077ec5f4e"
"75545393.jpg","ded3bab1bd6cfc1a26f00bb59271c57385aea73aebb5ec8324fc76c37cb7cf7f","75545393.jpg","9733e62d2c56b6a266af7ea54889f4c846a4784b445abed4cf42ced2235f0e1d"
"75545567.jpg","d9864e8ced05afb274aa0c418aa8fa65ed42a126c52c31a4ef0ce8ef3f3adb8d","75545567.jpg","d74d781c7d2f4aadbdcdd0e9c3893faafc9a954d850314dc68ae4b5b4447a494"
"75545685.jpg","5b17b7dc7e79efd7621b3de03c73515ad137546ccc3beb91b2f02e4cbc0b0e34","75545685.jpg","ecee2f5d2867801afd8c2f98c5238550b520a5b527d7e5335e0ff586ea52d5ac"
"75545725.jpg","debfba3fa13aa3d45e2dc5e2f181a1c62c59fd419608c68e856cc43d78e153c6","75545725.jpg","3ebee3f20c25a8b73b8497c61fb973df255b98520dc444e350d26871ff145e01"
"75545759_2.jpg","22fc51cd66dbb546ca3cdae45294be8ef17088855d3c97679e555f20ac45d596","75545759_2.jpg","b1bec4ce65d9b7ae96f2727f2d5876ede0984027ba672f66768a53b0079d78f6"
"75545882.jpg","0163326ed28bee670e44c92e53e69f281767229682ca2b457d6d0d6f03eb5c05","75545882.jpg","c65d1aff45cf8cd0b6dfa9c282bb8feae186f3aed6020bdde0a5baf7e3d1b6fd"
"75545982.jpg","8ccd59d68e48899cce5e2f64a5b02ce8f0b4333d6b952e8d850976d4756822ff","75545982.jpg","3cb314036c3b90417d7506f230a8d958727d17488255c616297dc628b98e6c99"
"75546164.jpg","4a936ba0845312f57238c776112f78364e59641ce5ca9c1718db40ae7d990e22","75546164.jpg","af9069cf3b237a05a4af540bdeca25d518317d0c428a9b0877263a845e95d2c2"
"75546323.jpg","61a4dd0111bdb19497fd6c4b8f15f977adc8fc0e32db0068bd13651b4bba4d6f","75546323.jpg","6c1420a8f882ea53ff325d61524ceac6c89d28d4052ec4aee68e545d9b7b9f7d"
"75546422_2.jpg","22fc51cd66dbb546ca3cdae45294be8ef17088855d3c97679e555f20ac45d596","75546422_2.jpg","448fabb3883d01d1a9cf8e3140945cece93914ce4496ba057ec53d115a84c4c5"
"75546431.jpg","039fae5985565b7704a76bf276fcf68f952e6486e04d2d757577e6c2474ccbed","75546431.jpg","010de273d9d965027a0dceacfff7bb02c18b4ec4c132daa2d6ef020a8d0aad38"
"75546456.jpg","ed8c66517d544cc13ba22cf4c68bbdcb75b0c971beb2766647ee5b46e42fa32e","75546456.jpg","222d899d1ec36a226c44e9f80952cf56190a2b5a52479d3d29d4c7b551f4a8da"
"75546488.jpg","ed8c66517d544cc13ba22cf4c68bbdcb75b0c971beb2766647ee5b46e42fa32e","75546488.jpg","092d27b6c660a4aa1692863e4302bb372f61a6b10b2ff56abdc88a26fcfd81d3"
"75546515.jpg","82e7173858e81d6b1b6463f57b322d0a25fddef36cfafcf0eed8bfe18f5a92b2","75546515.jpg","e187eb93206c546b79ad90d8466354360595915eda5aa13ffeebe882a5cbe3d7"
"75546516.jpg","1ba01a5d88ca99bccc996f02f8a4120672b88ff11c7204429c4a607bdbd27d70","75546516.jpg","5ab746a4d5904b30d280968bedb93088e5918855f51087186c441cc653925727"
"75546544.jpg","a06ea992f6ffc55a1f474d38b7d13e7567a86ffac969a3aca7c194b9e28e94e6","75546544.jpg","3562a2f240a1bdf4db70b771bd299f31caef8415725efcf05fd9d8ce94881365"
"75546679.jpg","431a8608cad4a623ac12c7810441ffe7cfecf75b35389f65040a8108244e737b","75546679.jpg","2e47b3581f9807c4dad071bb1e62ca2331da509f2f3651a9f9214a10f8368cdb"
"75546770.jpg","660c0a06764b50ae4be8db22b0e67786afbf7bb24417b88e497d62bcd24289b4","75546770.jpg","3042e687cca7d8a3f0584edff42599f22fdf5f2d288dbd27c9e7213c7ade85b3"
"75546796.jpg","2de356a6faff5b0601211a6b425cd1240168a2fb13e6a58d689caeed66beb38d","75546796.jpg","e66cf5e79425611d7baeaa7046491914fdf8a4ee412a80ba56d46d81b5aa2b6c"
"75546914.jpg","2de356a6faff5b0601211a6b425cd1240168a2fb13e6a58d689caeed66beb38d","75546914.jpg","98d93f50c90868d2c02170188e84665759bf9ebac96d62e49540f04bd80d99e6"
"75546951.jpg","05a5ae5448280a9654df7a2eb4fa5429c0de738cd80429f38cfdb7deac229c6b","75546951.jpg","8c3824545da7967f491d9a0f1aa37e5513a2b863c2b9ad75e48a5f50037f9b38"
"75546951_2.jpg","ea2ea14b3b494574837359679925fdddc6ba2095ca2ee7afe713032b54b35ead","75546951_2.jpg","350f7bac21b6d67d3d246a375fc2a4f6f1c9d4237c5fbc42aab95d3d5c1a4885"
"75547132.jpg","1fb65ffff708ceee36e29f6c1f384442fac09771fa292b065083c14a8eefe02f","75547132.jpg","71082a78e4235c068421bd02292af88699d7096457d418e47a854b71b38267cf"
"75547217.jpg","9a0ce1d4694333d75432adca8ffc31931e31fae5d5f3413dc748367bf22dd90a","75547217.jpg","744edc1f6f4ca60a2cb2d29845c65d0499ada293f9e66c84f28846ae38723fcf"
"75547255.jpg","a47ccce772f595897418760aa0a01976a345ce46b24738abcbcf5debaa69cdab","75547255.jpg","9f2ca41af1981617733ded06611b81723226dcd56a6ba9165636b7bc7e59f2a0"
"75547656.jpg","b6dbde9af0fcc0868f907601bd6fe507cf96b6d47222e26e9f23fa8faf7cb5da","75547656.jpg","09a0747cb86eafc895f290da14c43a13251fa452b72bfe32a878ffef56f50fe4"
"75547660.jpg","fec142dc53316a26586cd2835e128dd319e0e62f34256bd0ac0b1cfc2621eb9e","75547660.jpg","af1788d49150eaf9043145778a38a2777734e5968e638780eca458fef438f5ff"
"75547686.jpg","8b2cd67d34012761621d669185f0d2988aec5d5c55d993d52c48e504baa92d56","75547686.jpg","b9d3b8a66023a986ebecda415c15b75a3cf22cc2dcbdf235b1b13d897ad1c267"
"75547715.jpg","8b2cd67d34012761621d669185f0d2988aec5d5c55d993d52c48e504baa92d56","75547715.jpg","51f60b0863ecb2a02d23a09a97408ed91687bdc2e71ee58031836634263bee3f"
"75547766.jpg","68bf7c3c4b8522076e2cc6f3a0c6baad05b9721e954cef8cf300ff028da208a1","75547766.jpg","c49b6fa6a2fd9eed4d69f527bd48c5679b47ddf339460757ff7fe101921ec726"
"75547914.jpg","69c5fff47f7a19695c6be966c23d05bee42de78e328f47350493946b549a7852","75547914.jpg","76132e752becd4d9cbf9d98876529c1a4625ce63b89e34bddccc17eb6c3f35d8"
"75548033.jpg","69900425bd860f60373b63b96cbba683c5d28ff2610d7d064d41d8853fd9efab","75548033.jpg","1814e1946c79b466e2e32eadbd2e313153f23de57314ea20aaad1db00e52c488"
"75548035.jpg","c51b8a68445ebc59419335bfae6f698d6faa855a84539535a1a368979cdbdc35","75548035.jpg","64e11b4b119afa5da8e2ec29718e578f7f2f8f36b80143e2ca8678c9c21b268b"
"75548107.jpg","20273b262b539f63892d722b563a08a27fb06eddcdbc49dcedda8d8019b7de40","75548107.jpg","9740f951daa5087a7fc8caaab4b6125484137cd19b02507c43ac8faa2b047d0f"
"75548377.jpg","69900425bd860f60373b63b96cbba683c5d28ff2610d7d064d41d8853fd9efab","75548377.jpg","d31e30d30463f9b7a3c0d54789357b086943f6232c2a8199134c055cfe3cc911"
"75548421.jpg","f7818b8285c524d9a6efd335b6904fc9765a28ba170d0e485983f02305ed7f34","75548421.jpg","6b81909dd869cb1ae6bbb00399f32cb8f55ca06452c0bb8eee2bdf54d7367665"
"75548521.jpg","fec142dc53316a26586cd2835e128dd319e0e62f34256bd0ac0b1cfc2621eb9e","75548521.jpg","6f07316770cafb9af931ea60457954f479471c2dcb1fe12b681450d46d0b6b1a"
"75548635.jpg","c51b8a68445ebc59419335bfae6f698d6faa855a84539535a1a368979cdbdc35","75548635.jpg","5e8855ebf72a8793f317a01aa7c925600ac0263335d89ebe72f2653a46e2876b"
"75548637.jpg","57f08b486014ef2beeae8c1d47d9601d1544e01016e540ca941f751adc82ee9c","75548637.jpg","850c759e8a4eabc9022dff20e663cae662c69899e77c3aed85dcf10fc4ed07c6"
"75548850.jpg","3749c53cc6610ae7392a925b86091adb1e5b9140eba6a026c83d9a0efd7258db","75548850.jpg","eb3713a7bd2b97b5ec4db2d34e9bb99c2195ab2d9bc98734d0d67b283d38d65e"
"75548922.jpg","828ea87303fa194971f67d414adadd01bcf371f74458c831626a2c6003d2a183","75548922.jpg","c9d843c9015d8c757845a3cfe0d7834c33d4e5b7c8192df865d9c2c97931aa76"
"75549075.jpg","66f826d6f16dacfd0949f93954833a88016a1f45914cec8812a98d8ade1a694e","75549075.jpg","b089ccdaced4a2f9c1f6afe5fa127dc9c4f1c11679f8f12193523d12caa0d120"
"75549091.jpg","b031add29f23677bf070ea18e56bd670648b3361d37be0c795cb7ad0216a4d7f","75549091.jpg","109e247df4c20ef91546c96d215dc3bd7855fec5a9ffbefcad99cbf4c65f1d3b"
"75549124.jpg","d609cd40fa9a502fd25131960c8fcc4966faf6cfc0ef5bf7a956c4bfdc0b4626","75549124.jpg","3be42f39305e29eacf538be079a336b2b50785d3db21796d1db8f903c939791a"
"75549168.jpg","e3716f9c53d81710b1e6b7f690904888156b2bb532a9ba90ed7de005d988c820","75549168.jpg","f208aaa4357d9ea11630e385917995cd9801167bb91c742091ac047fff960e49"
"75549466.jpg","844d8240430bd6d996c8d95fa4ba30df6d95a35d6473cad1840e907be8488647","75549466.jpg","6269b2df8dcca8dbfc07058061e1fddbd383d575e79f8880c8f8d030d1a96225"
"75549565.jpg","44f15bb24cf94caf71af3a248a796ff3ba0c62ad8f9242d8242f108ce2031940","75549565.jpg","74e55e360052000a1767d537b8537aef52b03ad2afb63e74c4d0b17f1b73ccf0"
"75549713.jpg","97fab5850a5f01b7faa94bad3c8714571905ebeb11e07639802a6f2c1ee9d5cc","75549713.jpg","9618214d0c44c22e72dc3d3243b9446219bdbda6069073c5e58f6ae8d3fecf25"
"75549734.jpg","97fab5850a5f01b7faa94bad3c8714571905ebeb11e07639802a6f2c1ee9d5cc","75549734.jpg","0f0f2ad48b190ac919fa58117c2afa4d363669888d9db44205cde16b564b0220"
"75549826.jpg","fa08a2056167ba83cd70c640ee41764a38a85784767db5e5eb163fc354c358f1","75549826.jpg","fd93a28f273791a787be4fc12726b0d6419de44f9834f4d70a9133ecd6cac128"
"75549923.jpg","f17fc40f7a45e55fbd102afa30bad09910b3ed82194228c45a688704d47ede95","75549923.jpg","3af79244e3b65112d7e7c839971405c00de02e017156c68e469e08c2e6251001"
"75550384.jpg","d48d50a074371b88b878622dadfa4d1297663cc9f933e8216db0ba722b05fa28","75550384.jpg","1f780dd159b90cc9864ec48c24cfd3789ef6edf5b1125faa35b4dffce0713128"
"75550409.jpg","39a365c544895b4102532409b8389b70ecd9ce3609ebcc27cab85406a51e3796","75550409.jpg","cb63059203595f9135c78dfd3dd6857a93c3d87e53978408db12aeb27bb5ab4a"
"75550490.jpg","9a4c1376f21c24a9e5e7d83425ba132e93bf48c6d096205196bede5d1fe1f746","75550490.jpg","d9cb835f3ab40d95066a98174c0c86d6af1ae2d3fc00286cc3de47772ae2e514"
"75550600.jpg","9a7b01d2db3a09c4537dcc406149e6e371203a30e63d341b163760a7b2c0e8e1","75550600.jpg","e533ff9c38a171567d1af5d16009957d868dbf99e9879237f83b4fb3b4691c74"
"75550901.jpg","f6a2f7d4028a7424ece4d8d3dfbbe970c6f8ffbba5cae20c233765d53cf81cd8","75550901.jpg","fbe1af841249cced2a2d95b3e29ceaea9147290adec17542e911741edbb30c51"
"75550989.jpg","707ac3831d0283988f73a7a8853471262c82998aa19e1550138a8113825dd3de","75550989.jpg","e00e2f7379882aa64d8db160d2d37892ec4b89a8b9ced9ed4fe84c7a5f701f0c"
"75550995.jpg","d9707949016dfc9389d5fd3627dc758b7858a9df3f80662d4464fed630b9f4d9","75550995.jpg","c9631e6d70cf21662f97eafaaf3117500e65cb9f0efc19c7bd848e4d4262b7d6"
"75551148.jpg","84592671787ad3f599967928f9990c1b3011a3ad3ec4ae5e557b585ef25a6b69","75551148.jpg","b7404c2d052c5ff73cc6077042d5e21059d6f546736a4cd6747889fbdc5f0ce6"
"75551231.jpg","1ecbcea013e751be10645cf50af5259daaeef7f8f71c6b5ad7210a068c29da7f","75551231.jpg","8991dc8d18609c4b3ee5bc72abd2bbc21c4772dffb18db9e59e049d9c292596a"
"75551279.jpg","ef6efe8db62ce2b8ccbfbe34bc85279ba95c63949c9cf452455539f4d5d0ba7b","75551279.jpg","9da3f46112748963165dd52a662bec55270f9f9e41a397eb398fbaeed19e5c8c"
"75551480.jpg","b2875259d30cdb513db8b97cad220c774361af98dcfdf0efb0fe54c816030fed","75551480.jpg","f06bfe5772c183b7029f189c77c01259b27cea8540309fb21c3d3fea2809057f"
"75551555.jpg","77419b3c9ebd94d3925372a14cbf421364cb622b82727be5775a9cc78259518d","75551555.jpg","c5d550fef26b426bc62e269056cc9c919ff5ffa7958aeea8311f3c0ad608bc88"
"75551853.jpg","c0563e7e0b5101c88284eb502fd826fec669a982d622a47f05f63b0cf8db1432","75551853.jpg","c60177f37f31a9394efe729f74908140d27af178de731274979e36b950dd0fd7"
"75551858.jpg","d71dcf013ed6432d6387891412152f13a9ded1dea27fe5bd242f6e4d1a5b06ff","75551858.jpg","03ab3fdacd15680465fc2d718e28170b91b12390ca66737867c12fae49c87d57"
"75551935.jpg","d591325865011da80ba9d949b04141db6de4fec8dcc00eed79b262a7e994cfb2","75551935.jpg","2ea425446b710960a8a245a982dd4289defcc68f81cc67d34448185ea58d53d4"
"75551980.jpg","c9425ebf7e3cff0d8582a6e1a49f92fd6ecd30a48130975941ec54269cc84488","75551980.jpg","aed76423d8f32ad6f833530c52a7db4821490f7e322eb55dbbe92181c73a9488"
"75552036.jpg","dc9791a13b66614ec297a99577f84088226508bcf972b6d07fa500ced425bf0e","75552036.jpg","5703162cd9948147d42470545ca165847f70fe6e7c45a1a56910335ebf8d161f"
"75552188.jpg","c5b294f9d765f14844fa7184bd29edcc3a165b30dcd81e7349978ff5e54f872d","75552188.jpg","fd66856b66a6636c4782b241a3b845d326bd7f2ef0ab9c15625e42cf3ae4957e"
"75552753.jpg","9077653163ba8601c3f3b051140c340424bb1bff5d78f541696f50d4256951e8","75552753.jpg","0b9913dcc5db1eafb4f5531a4c03dab186d7ecdf6e2b13c2f668a6b4c3322856"
"75552926.jpg","9077653163ba8601c3f3b051140c340424bb1bff5d78f541696f50d4256951e8","75552926.jpg","a79dc7bf6369d2b6e5978aaf29ae7cfbb38192b747f306eb387817c02e586ad2"
"75552957.jpg","78efdec6cd559f95115cb8915490163fa34a73b4f44b132e03a1e224c8189a41","75552957.jpg","1e1337b51014ee102bb71bfe9d23a9db2bd71c1b951f4655697185ed8a616424"
"75553089.jpg","487abbd8cb1b8f5ee3256f3260242cc2b5bf0ed7fedf1acc03d84751c51c961c","75553089.jpg","ac688c64372083ea237aac484ab80513ee7b42ec76419a96a9546358d59c57fd"
"75553223.jpg","c327d6ed153239e8bb7bf71c0a0a0a3d6e8fd041cae85e604b5f6eb9abbbe646","75553223.jpg","1f71c5cb5989bae792e36b72094500b5a4fbd8229c0f21200d0def19f72f25d3"
"75553600.jpg","657684695405f7ce4cf94cdd6c38637d34aa02bb137f3ed35ec0cc28b9f6d0dc","75553600.jpg","a0985b753b8426bb1580f3ab033a10ea90456f63a605b93188dabbfe72ecf742"
"75553649.jpg","396ceb39d5abd3e5a8a5c29c186bc98a2b7672338a90c8948fb248f8768bf220","75553649.jpg","ebe60628c9a374a7c3a5b90d39fc73d3765226e5c7ad3a1206c7f0661498defb"
"75553724.jpg","0285adf2efb25842d311ecb0531c3528c148b4fa82ebc5d03c84bd9e12321e84","75553724.jpg","f5cb2d08b211ec952687b89889d30bc6798834ac49dc3f204e8a8ebc25b910bd"
"75554122.jpg","3b1739ac59ff9ca7d1855fb2fe5f94058f09c41c60b1d9aec447017358d20c15","75554122.jpg","b2ce33adce62f26ddc26de3d176b3683d0ba4eaccba785ca4934ad528431f9fb"
"75554136.jpg","70111652e03453415d03dea6ce4a95b99e8d99abceb9f44db3f6c037330b7400","75554136.jpg","e66c61c33bf3b61ad464679e67ff04595c310e4dfec0fa4dde3dbb8eefe14e26"
"75554229.jpg","48b6970f0d3c5273fbdb9112b6ae15a9ac32305a4e09735e191537f83c330d3e","75554229.jpg","c5bf68b60db1aee9d9c3696987bcdf8e11af67f1bc0fb817f2c3de1157907b2f"
"75554305.jpg","1e841589a38d1ffa88d8ff8620600d2443714f8859746860c9bf1c1df3a6c386","75554305.jpg","7a1607cdd9a4757e2395726cb15828d48ebca86d3ed588a646beeee9e0dac2e9"
"75554331.jpg","a46733ba29b2e65cd5b19a5f9d8b582f20b13777b1213216d5551731502b9262","75554331.jpg","fcc03d74a8ebd83e2173e44399883c9b060fa1fa8db3a9e9e6a8a28641f68292"
"75554371.jpg","fa3e545d2a2e387da8bf58fc07cd71ab17295d2a81ee063e58b101453d338f92","75554371.jpg","5519435a292c59117d97919ed15aea0554a19cf1ab3f099c4ecc042780f6ae04"
"75554371_2.jpg","14347e7f93d493857d65ca96c1145e67f3d585eb77bfc346325af41479c735f0","75554371_2.jpg","bb098c6769e18b09b68ce454ad9d63110aba035dd15ecb7df7040b2160d59ac2"
"75554431.jpg","f8594f841893980abb590f034fadf60a762d217b56412df589e7ed5fbb6c56c2","75554431.jpg","2903e446153ea757046cb4c1f7f0770e5ef6090f5c94f2a00afe5b965c016537"
"75554447.jpg","fcc9643a6ea0796f54f23a160dc53c9a604b68a925bbbc177a7e85fc09b276d4","75554447.jpg","008a470922d42f124a95225b49554f172d197b722610aff0c99e64ca09acb7a7"
"75554529.jpg","e86be30b6547171f497893bd2651c742062a32594943e50997024511bae70bcf","75554529.jpg","6b8917de4257925012c90362b04ceeb8be299afece19a4ad680fabf75ec629f6"
"75554556.jpg","ca5eeb6fa4a57c5907dca7252f27d78e08385914c5f91b17e25ce3c48591ada3","75554556.jpg","d87fc38db0c598273aa3afb92994d3d55310e5fc9874d4cdec16427493d66aaa"
"75554608.jpg","c8944d00dc7a987e990fa67e4229c54a584a9fed886ac68118c9fb0be2a4a1ea","75554608.jpg","943fd5413a2ee3a3dd7a0c700da5545d7f976d778e06c9c3541f5b649c25b43f"
"75554657.jpg","434acb63aa3a4560600909efa8c959766fce30df00754cca0c2453e051de1add","75554657.jpg","5761b0fa16912ca0e72e784119be87d122d8627f077ca067376f346ec25e0bdd"
"75554707.jpg","08ca208e4b6af38449d68b39b20bc040734ae02389e896b7a01c0e406696c11e","75554707.jpg","e010339a7cbaf4e35eeb8f5aeae9b5093909f4b6e938e85a9b7d08a220a5a8ab"
"75554727.jpg","12b4122bd58b5d390b2e86fbbbd81e207bf593b06285f832db79d6fcd205c19c","75554727.jpg","e366773e8ff0d7290684a1ac7ff21f5231fcd9b9ec8a3b0c840a82e491ef5e2a"
"75554794.jpg","0c0c626409e007be4c6c5bcb5eb7801017d69bbe03e7431dae21d1f7be179d1b","75554794.jpg","241b2ed313e87dc2849131da5bf1d7da17952f518d4dc0e71b81e8730041dcfc"
"75554798.jpg","4bb09170a35d88b2df8034341bd859d04474434bab67b46f950f85c176992643","75554798.jpg","11aabb79df3e3631ac1f8155536bdf431c811476734bbddc74b29f6d88c2aef9"
"75554828.jpg","93d8cbea1bcf9158c7f42d2d2f1e448273ce4a5a6132303f50d751928425eb2b","75554828.jpg","78b17f7600d6c38c94f368e69cc2464f2ae7c2feb52a0c4e9e21e8f802a2cd2c"
"75554847.jpg","de769233b632280923e97134da7029a5c30caca3d1cf8c5fa8761ae8c55bab38","75554847.jpg","354c91124becfaf2a9e750dca12bfe9e8b8209ab051240d9b309232929036e1a"
"75554872.jpg","4bb09170a35d88b2df8034341bd859d04474434bab67b46f950f85c176992643","75554872.jpg","7a35a344cd1240c44c3efda6916cc197173745529eb3a6c2aeafdb67f76d0476"
"75554899.jpg","3c4f5ad876aa46f33c1eda4031034a95e166d22ad09fa8938e2f28ee9f766e33","75554899.jpg","7fc34d58f0568263b882e3b187aeee358470c351c50984165a1e65f661336527"
"75554907.jpg","c8e678a9b23938962d49edf43ec790c5047f2b87d3dab23d05fc0b9264a45cd2","75554907.jpg","8f566b99aafa346b008cb4069cac5c8a35fcb5dd146a4fff85d1574bcd99ba69"
"75554978.jpg","cb088f81bd8c1599855ee506ffcf2848f42d2e742f88bf6bc0005ff5bf382448","75554978.jpg","795f49bdddeab4e115d49195b0e79c5c64035445f368dd8e21a2f03391afa706"
"75554980.jpg","5538ad90e86c9941b8d93e47d2c6a8f9a06c20064ba5540a3ef38e4df1c722ea","75554980.jpg","55945d858ef8beaa72005e4995c5d004b091a67a70093eb257de978f89c5d84f"
"75555003.jpg","985ceb4722c8a432507eff1a7e1bff8a42d83710a08934ecaac95b88f7c2d353","75555003.jpg","39dea215a81ec3939092b0a7c23ef3e6f7ac5cb83b144774d83d59e3da9e1426"
"75555015.jpg","83aa58dbd1949f0e29223cc7c80ff401e9873794b7dd1b1967f8b7e0cab51c2f","75555015.jpg","42ce387f41e69d5fd56f4142b9c7a7e76623ad14d8ae41c00241575684fb4746"
"75555026.jpg","6eb015cf537444eccbb597e0c8bbf294d208423d9d9ab9bd5695ca1248aa60c1","75555026.jpg","ccd0b824a21acb49dddaf9a86393642556d0881bde2f40a02e08bcb39fb5ce0d"
"75555068.jpg","d3835ebe442b48129c2f0fe535811b17af0296ceb71b05f82da65436219217d6","75555068.jpg","142cad8143f73d267578d94d1226b676d7ea5825b7ba2ef1284164849736565a"
"75555091.jpg","d30a203dd4c44f9b1dd9fd89c74c2eb33fb5c24958898c96013a8c4f59e5b254","75555091.jpg","f7c1555db0833f5e73d18a74e52a312fa2b528795eda92ef6604414d31b3cd34"
"75555117.jpg","d942345224d6bd4b7b24b7a640deceea9391cc92b11256eb34a216a22ba39d8e","75555117.jpg","fec7bccedd5e8e62a623dbfc6301b5b4475af26b3489a3f7231d40d8a7866652"
"75555146.jpg","926e9a5929825f050375ca6e59a625651d48d846ed2e0d68a5abed6b9dc4adbe","75555146.jpg","875e22d414ca69fc511396e5a1f29b15364ea3ed748887380d2439739421b274"
"75555161.jpg","cb4a4143f168d4a9c1e58c8a567a48aba6093667bfa5470d9857eab6c18c58f1","75555161.jpg","89a1aba5377859c1dfa23016c48b0f76ac8efa2d6d9fa2f2e0a0ae76d637f157"
"75555244.jpg","cec309b3900892fcdb207db03f6efcde7bab781fd363ad78a0d235fc28936342","75555244.jpg","2d363618147a93cf9e9ae7880c3d899ddba6322e7be55463bb088e699d6886c1"
"75555286.jpg","edbeaebda5e125b8c2536e9c08eeadc939f62cf8f1d94c2a1cef67dee5041552","75555286.jpg","668f3ce67b926979b7c2a5003bbb5b83d5e9f2c306e24a0fd1a2abebea451d00"
"75555296.jpg","fb36cd570f60bb6b7c722dbd64083d7e574a73d661cc462879f02c1537944236","75555296.jpg","813ae67952f702a3731ae5759d92b63a1e65a10f3dcc71c98e158980ece29cd5"
"75555371.jpg","d3835ebe442b48129c2f0fe535811b17af0296ceb71b05f82da65436219217d6","75555371.jpg","c1166035f96310f2186fb74ca35ff813f2bda98c1e58117625ad886af36cf473"
"75555416.jpg","e2ab2ab73511fc20cfc9bfbc1745726a5995e52312002620d9c1bb9cfb3ba1b5","75555416.jpg","dd1e7d0e664e936a35709304b9fddb3df5d105197e4410db6a7e50622b3f70c2"
"75555460.jpg","3ee04087cd7ab376c9ab1a2c9c74e1727337c2d9274c891e8648e9946c4a20a0","75555460.jpg","90702a5a69069b4bc18125f0ad63b82dc57bcd0770cfa0918eaa5ca0dfb00866"
"75555491.jpg","923bd1aa4675b53c922a69e4871acf04954ba9576cf33d644dd6eeeb3aa0c7f4","75555491.jpg","8f95f04fd9058a09d982b5f895f98eb21786fea81daa787a5451e1cabbb7067e"
"75555496.jpg","97a1df6f53969e79d1a4d4f3bfd2bea6a052903f436221c51834561bf7885c97","75555496.jpg","65fc65fced09cf94d05abc4b84061865d2bc307c6c31766b2b36d9c86f2f999a"
"75555669.jpg","3f26d6deee9c00777fe068f51326838282125c9de50b0c5711fa97d2ca5cbfdc","75555669.jpg","ee972f751a0271220795dea27fbb398b1183aefe60dc80e52dc41790fbdd4f58"
"75555684.jpg","fa3e545d2a2e387da8bf58fc07cd71ab17295d2a81ee063e58b101453d338f92","75555684.jpg","c3984efb2fe543bb2cbee5c63b2cfb6c1e2fb3b3a305839eae4726a70cd0fcd2"
"75555684_2.jpg","14347e7f93d493857d65ca96c1145e67f3d585eb77bfc346325af41479c735f0","75555684_2.jpg","5969e4a93951817083bf3c469d32150a9e02c64825a3952542c6711c577285da"
"75555725.jpg","fa3e545d2a2e387da8bf58fc07cd71ab17295d2a81ee063e58b101453d338f92","75555725.jpg","bf9b3e84ad8ec125759fd13b4ea3bd92f4580cf9ab1190a45a61fae86d94ea4a"
"75555725_2.jpg","14347e7f93d493857d65ca96c1145e67f3d585eb77bfc346325af41479c735f0","75555725_2.jpg","420e4d05fbb7ddd143c1a2bf3d129f515d23ca13870c4126d1f8b3541bf31337"
"75555741.jpg","1738364ae64480cb767617ac080b95769a1bd3ce36a39b00336845f0a3351275","75555741.jpg","164c2698d8b6e886f99995924c4d2b805bf9b20794ec9b1ae17458bcadb6c5fd"
"75555822.jpg","dbbbae3661d1caf9b1bd83786ee663b021c60ee716d011db768a786fe1fa942a","75555822.jpg","2b1aa6421c5bab7875d87a5959a679f0c6569d56b0c4f346459ccec6515b0197"
"75555882.jpg","dbbbae3661d1caf9b1bd83786ee663b021c60ee716d011db768a786fe1fa942a","75555882.jpg","5ee5eb3f0768ed9e17a97f7abebcae4a7095ed4469adf1a9de31da1b0fcb6b63"
"75555896.jpg","3f26d6deee9c00777fe068f51326838282125c9de50b0c5711fa97d2ca5cbfdc","75555896.jpg","9265471893d3c9354e3d39d5eed0b249ca01d0c1b2b46c8ee2f74a33ead82943"
"75555982.jpg","70111652e03453415d03dea6ce4a95b99e8d99abceb9f44db3f6c037330b7400","75555982.jpg","2493a15cb6e901f3c553e996cd897ffb93880ab95f65215da34a992bb555a6ca"
"75556120.jpg","32c7a6c744afb94e37cc6fa16695fdf337b175e89923e6196b0046f76b22b3ed","75556120.jpg","c38f28b08bc312bc8a5c2dac4234b5a47598382616b4840d267018c4f91ca331"
"75556240.jpg","12b4122bd58b5d390b2e86fbbbd81e207bf593b06285f832db79d6fcd205c19c","75556240.jpg","d162552f0b370045c155bb9cd96a4e3ace0f48ebbeddf49a8538b7744f9cedbc"
"75556265.jpg","12b4122bd58b5d390b2e86fbbbd81e207bf593b06285f832db79d6fcd205c19c","75556265.jpg","8206f7fa5a5bc0118937a1eb7c0adb8dddabb4cc66cfb65d773f5f7747c9e796"
"75556275.jpg","de769233b632280923e97134da7029a5c30caca3d1cf8c5fa8761ae8c55bab38","75556275.jpg","17378a09a368cc5aae9d1c9dad6a8d7b266dae55b0c52a411b179f66461f0b6a"
"75556290.jpg","3c4f5ad876aa46f33c1eda4031034a95e166d22ad09fa8938e2f28ee9f766e33","75556290.jpg","40e9e92ae4b043bf4f7b9015a88d7856efff4a156b49a014297b3e944f8f409c"
"75556292.jpg","4717a8ced8a4bdb4a9635558969ba73394b66dbdc5e39537212010c9e0d0a7c7","75556292.jpg","a2fde27f8074f602e3aac4ee5ea81b300f9a045b01db6bf1a00d0973ce6d1b16"
"75556295.jpg","d09046c7c2a0a8e0f5ee4484189eefd34c79928aaf3677072eaedfc9fd479de7","75556295.jpg","a60ff73596cb26aeb5000fb6a17a65c3b63b2281e22b5fe99e4b43e4389865d9"
"75556303.jpg","985ceb4722c8a432507eff1a7e1bff8a42d83710a08934ecaac95b88f7c2d353","75556303.jpg","91e47f2d854a4ebb8e0c75e31d4e1bad816c8c754599594e661f801cf2a3cf2f"
"75556369.jpg","1bd23bc778422d109ccc7b3e7d476f5c6c6ec0effc53e830f2fc51953deadc1c","75556369.jpg","e2b7c9ffa1a9eed53202aa5c5a57f25460940724e7b919df85e990600c38b615"
"75556458.jpg","268a5e6abb8d4c411e5ba0003875d58c4518ef7914ce92718975ba0b04b03656","75556458.jpg","ff7c0f14e43a8490218f8c4a5550835811e35d71bce196b28673e76c0d75d53d"
"75556470.jpg","4a8e909058d6eb7805fc841f4bf379d762fc330e6c10eaeff5586acca8a7d85d","75556470.jpg","a029d840eb316bfb39cfd5e5529667335e5dabbe0bef1fdc478924fa80dad338"
"75556609.jpg","2ed8f95fd2a5f54b53862769226286624e4d91413d556af09db4fc657bbad394","75556609.jpg","cc04e53cd5760990d3feb22bb786b1d88f2271bf240cde095975cee250fa64b8"
"75556672.jpg","8441147fa1d4cb267e807fdcf521842d0dece5a2c9bd8777452fef8e6dcc685b","75556672.jpg","1646dff5267d8e6b17e653f3b1fd0e8895d90e56ca4c1449cc85642f41723549"
"75556676.jpg","da640847f1310e301d3768e31b44c6f094db8862eace4ac339975d3e9cb4a873","75556676.jpg","7a63e54408a49b133cdac2c1c7b7ba3c81b3935e418c411ad10e29060712924c"
"75556883.jpg","e09aba6bbb526ec3883dd8023d1fb15f824a759b3d79d5dfde662624c5ffac65","75556883.jpg","99ef6b4267c435f7bf37e012ff461cf8ef6a5b27831007cd999254de704e46f7"
"75556900.jpg","6a191d8b19cbae17c23a0c1deec89abe497ecd601235f9a0ea11c7ae9d53a20f","75556900.jpg","f80a422250ea4f9c9a5ace1e15f7238f15e3983d17a24834b58539a319269203"
"75557492.jpg","cc8e32273ec04c84c2e9dbed69578c718e7a17894e296a3e78fa3234bc42e676","75557492.jpg","b853dc6ff4020910596463896032efa7e7aa60748510f20e409148a936844856"
"75557600.jpg","781d8d69944bcdbd5837ffaf82f156bf7fa0c92ac4e91e52f2a92dedf6f087ab","75557600.jpg","22357dbfb6cc32733ccec503667d0fab8cb78e3012f9919cdbb988434038819a"
"75557637.jpg","23360aa89595e8c1cfcd77a948aef95f3f42a26871301ed1bcbf67a2811a017e","75557637.jpg","520e97d0c9d9517e81cb8b1cde64a7e377d3b782573aada34db7b7f5fb059e49"
"75557829.jpg","af30a864d537c88ff20be4cc4e84b1aa64fbaef6c92a6bf76f126333d0ec8804","75557829.jpg","9749c2136011b56a922901ff9bb437cc0cf2f29bd1fd661d68bd9d5812f63ae9"
"75559041.jpg","22fe1d1e2c25881e133685836857a390191e5827b0fdda4f18e022939342af79","75559041.jpg","385ae6bc44bc26a78b9871ffc23e242b118be30bd1cd7cb6a7a3292390617cf3"
"75559375.jpg","7a539e99bc4764e58210757803472f493c45f8419b07fee8f16950f8064e8d92","75559375.jpg","52561061ed774b9da8766fe7b9ab9e3f06aee47f5ba5750028ed21411397dc8b"
"75559406.jpg","27ee1714b69ea9fa2db12083ad6010af5cffcada9e876d232c5a8feedaa252d4","75559406.jpg","3f08beea93f1f3d2940c1d1aed0f59ccd6e4ff24a47fa1546aa76cdf7a380e68"
"75559415.jpg","017076fd8c61360666f99a09b1282cc0b67be7b2698f61ff97a76f497052f039","75559415.jpg","8c3ea6c67f4b7c67f7a68093dbe63a6daac8a97e63caa368d77adc01767f4c49"
"75559492.jpg","017076fd8c61360666f99a09b1282cc0b67be7b2698f61ff97a76f497052f039","75559492.jpg","f3108ba4c2ce99e6b9aea90f1927dabddf098521c078697672cf9121bc8e680a"
"75559532.jpg","99fbde9f5596a63e0efd73394493c3049a25ae79559a11aa483282f33382837a","75559532.jpg","de3f2c598389939fc86ae12f8e5588ef58978d0d6d3e1d708564ae52893a828f"
"75559548.jpg","b991fbb78d37226e8b6d933cae989df0af614285778132f9e8575512e554049a","75559548.jpg","270108a336c4f88a4e816c88db3a88be1e5c0fdbd465f4f0471b6f311c8f743a"
"75559566.jpg","fb06e6d51889f2192e98bbd51c4cd8b699da764408e623c657c9529ca463cb4b","75559566.jpg","2df29db778e625892fba376e45c33a4eec9ff3b60808f3d7aae76baf2d4b2f0e"
"75559590.jpg","a5c542e05b991e3d23111a796872c35ed0b98034b0aa3781e78c1a8f66121163","75559590.jpg","62ef85855806f43afaa1bc9f5acffc6e10612c5d4de8c2e8926668d44ee43ac4"
"75559684.jpg","5b17b7dc7e79efd7621b3de03c73515ad137546ccc3beb91b2f02e4cbc0b0e34","75559684.jpg","fa37b0426f504e5e810e02a2e1ee6b6948d874c8ad226c89291f9256bb2da571"
"75559750.jpg","a5c542e05b991e3d23111a796872c35ed0b98034b0aa3781e78c1a8f66121163","75559750.jpg","51bb2f0ea66c2e76f5d7f6bfe7089f781b3026c3f6c291644b1e7e2573c24004"
"75559809.jpg","4a87e30b057847af13e7b16d183e6365bc00cbd424662a2db93f91a0c4f73512","75559809.jpg","493655729ed3e2c29fe69c7cac2664686fc5d4d8d901dfe8a3c728a811704246"
"75559841.jpg","1e1a6435009aa47ac9c2b14f96e5f9b24e978853f6e307e70c08ea2765ba2428","75559841.jpg","b8042f8d1b62f8d684066b446e9358557f8130f2026b0dee42fb2eb79b2dfc5f"
"75559870.jpg","d71dcf013ed6432d6387891412152f13a9ded1dea27fe5bd242f6e4d1a5b06ff","75559870.jpg","c3fddd8798e8d0e098c1120a1abc5a9257640569c64d94d561ffa184529e109a"
"75559905.jpg","1f8e80d2cd59805def3a4da96a87046659a8f99a55c1981853ac0a48a95d6f48","75559905.jpg","72f0dc98624e421bf118a017f074f7731ef0eddf74f169b2120a96b07c3cb980"
"75559908.jpg","bb362294512802920820c2deb19beb4f84279107958df02c2fa1d035964c7644","75559908.jpg","3d961be5c7067aed7f144d282b2122347b0f8eb994d56b451c653f2b0d844253"
"75559951.jpg","6fc2fc38332b9d6960e9807d304efb1b482ed123d5bfc0330cf61bc9652a578d","75559951.jpg","20b9f144b49ef423ef7c35e39761c5b0526d785adc4e007c2305ba552d5ccaff"
"75559952.jpg","a1193fde4ca2324a092aed14ff038c72115c6775a7684176e77c66cc63086bb5","75559952.jpg","b8d308e68a996b3bdbb8bbdbd95e28353f475b7d353f6752403a03ee55619598"
"75559953.jpg","88dc49e2051aa4851e1c047d022ec4cbc2c263361997ff3eccd8dfdca69c744a","75559953.jpg","604b6ee179dac5415f0a40d2b7a643375f7a3827315901d8746af6f23b8219d0"
"75560001.jpg","fa69a9bf96cade1e96c8805d4356f88b1c1b84716e425e9860a860a9bf048e6a","75560001.jpg","a532dfdc27e6910f3b1cdc19517fd91bbbbafa06f2ef9f75e4e8618ca98a0896"
"75560012.jpg","745f016208667b28fdbe89cc5da12be113a874f97e16dd56b9aeaacf147b31ad","75560012.jpg","aa534e5668573ad983d457eca04ed5d508aa79e73f7481ef7a17fd0e71eb5f9a"
"75560042.jpg","5065d7f8622d3784a96c9e7cd6b03a57e08dd2040f030ed572002092cd61d5b9","75560042.jpg","d7bfbd664ef10f884e06b3cbad93125b08bd8357065b8671feaf7d7b071a805d"
"75560106.jpg","4c91409d0fd706f4531a6d2fbf118ca7af6a2c9f5fb855e0d70cfff35ac72114","75560106.jpg","fb44e3273b3eaa8dc487a1ec9683b1586562f3598661c383f8975d82579bea28"
"75560112.jpg","b965367a4b5b615b36a656baf59b6c9819e328716ba490481fee743f1baacd72","75560112.jpg","c42f060bb28a70df0216ebac332dfd0ef93f5ec4d4b6244bae291de049a3fe48"
"75560113.jpg","6e20a87337163bbf1ec83f6badcde32c610098e4bf7bbeb0dc7764502bb2875b","75560113.jpg","021c41a75d0ed3e3f008209163ab6f727d31acea4a1109923b2e35164ee27d62"
"75560126.jpg","4c9e51d1b62c975984db5e3867e3a241dc5367df741e67542abfc7bb413f685e","75560126.jpg","c555b03ec2869d9eeeaac82c1d7681b39815aec5e2095feef2d55be6134e8ff4"
"75560189.jpg","85b08cf9fce257dd0d3416719bc06aa11fa8e2e610e0dc1e0688d28a4793c93c","75560189.jpg","d1875ff06d5c683b6d85821274a1212473f0d2dd36aacf2b0cfb7d6e4af5e149"
"75560204.jpg","d48d50a074371b88b878622dadfa4d1297663cc9f933e8216db0ba722b05fa28","75560204.jpg","c15054583267d4c508b1bc1b3c8772eea044ae38663b7d609d062595a6e1dad8"
"75560211.jpg","a5d1ba8f2c8d5058bfcd0ea4c51c358d6666067537424a90d4ec7ad328905089","75560211.jpg","63ec06b1bffb0a0716326834b32d8571e30cfcebeccbf5932605a4a8de22a903"
"75560252.jpg","a5d1ba8f2c8d5058bfcd0ea4c51c358d6666067537424a90d4ec7ad328905089","75560252.jpg","5254b1eae9361f6e03909601570539dc408c5b347d416cd0b779077f44ca0f0d"
"75560284.jpg","a9a665cd74e74855d8c007c03980ce01fae599b8133b6ed6e1dc1f6fe6c0f198","75560284.jpg","c08bc6ed29c972b16da76537606f0592ea665a7f8452a0537104f554ced59b09"
"75560402.jpg","37a4862638d6e75f4e8569c436c10e722172ef176dc02217820acc0dee04443f","75560402.jpg","0166289e0e953fd98b168e9912d93f90ed8cd73d3991828917d47f25511a0cc7"
"75560423.jpg","b85abbb5f3795214ea7fa9f599b4df54da7d29dc1a5fa5ceb0a31b82bfbeae62","75560423.jpg","b8878a79da5021c190bb47ae9bf60b3c23145f1c815c0114f0cdf561fc2f5dd5"
"75560424.jpg","16ac8199c05fcf9d30d9fbb0595a4463d7c0bec90b9b365ff4794f07a3eae767","75560424.jpg","3f639f014b399d54c332bcd6025e3c4a9015b565c6651c2c72593bce65b61568"
"75560428.jpg","c3bc461b4b10832801b527d088cecf316fcc13f1137b8fd7cb9343cab9ac54b8","75560428.jpg","1e6ffcd18685a8a535dc5487a8d6ba976a3961b1bedc65afb05e282a5e68070c"
"75560437.jpg","48a7ac37a2256381a947d5f3c9c6ae66fa8a12a708504f99595c0cd3aecb1b3c","75560437.jpg","97c0acd381a6312d0dabfd74e3d7a6e69f3aeeb20920bc0bcaf50eeffa126bb6"
"75560456.jpg","06ad523147619b59a104dabc82ccaf3acb8110fcb8fd9dc61bfb3d2166f4b98b","75560456.jpg","7951bfc7f5b601feb5c4fa689fb550dccb1cefb635447b9f165e3418ddf1664b"
"75560459.jpg","d562fabecb9db0ec5fad02d35f9993ae6a704c025c2aa73f06362b81bf4228b0","75560459.jpg","7dee7dfba9b84c8de3bc8d515c14b01e7b3b96da658052362f6b871c3be9a515"
"75560494.jpg","228359dd277e46ab18d3496f03b993c478c0db1228d1d423a8279e5c9c2fd1a6","75560494.jpg","727a430c26f7b877fe0f3d243361f671d0fb54ce60a0f2999c987736137f44c8"
"75560531.jpg","919ce26fe9bc5cc2a1e7379e20170edb1537d12055a692308073a7bb07420b3a","75560531.jpg","6dde28a31dd4ae8a415aa7d6c53fba9c820738963023e2f7350e0c4f571bcb49"
"75560563.jpg","784c0556791b1fbb324dccb879803cfcd76f313e822ea6006de93e4d4f8b2f02","75560563.jpg","5a765bd6fbd7e124a081ad873080e4ffab7b080dd30fd88ea26031629c3fe21a"
"75560634.jpg","9bf427cf18508af535031be5828ce946d2ea8d019f32b3519c5d48d7f0cbfa5d","75560634.jpg","ec999065dbf801b25cd6fcea0accaa4da9b44c0ce1a9b24a2545bf6d98bf9122"
"75560641.jpg","627f91a61e9949db18f05851fb4a9ab0591e3d304fe4a0ec68eb9fcfc4f24a83","75560641.jpg","95ac047e0af26c703828b662f6de21e667c785a948e978223ae3468e0cc16e4f"
"75560660.jpg","66a037e6395b4ca9817919fe8ae02f0c42f468a583b3f407f1f45fe27116767e","75560660.jpg","32dd089007abac12190ca409b074e1ece3d9fc45ee44558ba3d8a0214a22631d"
"75560691.jpg","48cd5b70f615bad31838f84f34c9b5738746ff33ad360829c942ae3fe1e35eb9","75560691.jpg","fe7261f577c750924352e89e0f9705069e5a8d27e4cbf5f2450aeaec63a29d3c"
"75560725.jpg","7dc714beb8b2203caf1a53e0f40128e6187b474cb733f178894976fc361ab6b2","75560725.jpg","3fdd9a00ed7d45cb0f74ebc22a6b44a4c820510d3e3edf1d8fce6effb19880df"
"75560725_2.jpg","67cc0483fe1be28548e5e3732db464c58a28e0aeb9ddcceea4c11de3cfe84851","75560725_2.jpg","3d6ab53b4777c601d27c812c05ae1ea617173e135523bb67b0450a74f13a797c"
"75560742.jpg","01290a7dd5b94e4ada3cab0cc459df6a5972f62f4b9ddf32ea31ece11fd3bbaf","75560742.jpg","4e7515aa529f33771d0ec58b1b1dad2c5324826bb1d489735a741c035cd2a6fb"
"75560776.jpg","01290a7dd5b94e4ada3cab0cc459df6a5972f62f4b9ddf32ea31ece11fd3bbaf","75560776.jpg","003004d8142f3a98347e273c4ac77223dccdee8f60a4e45edf87e24650d5e2de"
"75560783.jpg","3a8919e2416d670c132fd6350205a9695abfc3240ef012a631607ddc09ca145d","75560783.jpg","2e4bf16eecf518f0dde746364f927f0ebd201cfb8098ed5d0e448a5ed21cc052"
"75560784.jpg","002d1c8922b6c6dc188875381e85d997983fcf17a4a96551ec1714391a6e9f1b","75560784.jpg","63c0ca9e2b3e2bdfc7e05dd2961025e56df8c75422ba877bc65cdc0844358a84"
"75560839.jpg","3e6d7167de021f92c18d064554570e07f0a2577343285bf1dfe29cbc05702c06","75560839.jpg","1f690f39d02aa65fd275a6f2da96852c02353837034e3975e53d0c450e39a3cf"
"75560848.jpg","716998001f6eb1586b5496eb998cc46f49c2b7a2148f54c77381515e5239256c","75560848.jpg","639bb4f8f17763a092aff3dac795f68d5a46835884f626406e6874249509ce56"
"75560850.jpg","36329992215b42f649be23a21ff5459e2ab3a8abf39f231a8e16eafe049e2b82","75560850.jpg","e60e5f711756d33874bc1e69c90f193df3c76589d7da433c1bffd04abc00e945"
"75560856.jpg","d99aed74288ad219939c1df8d612477cb68adc39965e7afbec641e2f6479c9e8","75560856.jpg","d7805633fc75889067647e8cc47ffec474a1b537c08a52e195f6c69d8f2201ef"
"75560859.jpg","1f1ddaf59802777b780f5fd8f2ff8401d4e2f05f0e1286aaaca969c30b010210","75560859.jpg","2e937582f1bb553a1a928734a5fc55dd4c770cd21aae1311309ff453186a25b7"
"75560859_2.jpg","010f57d3df048c4a779cba615b5582b3cfebbef23634aca356c338a29e182903","75560859_2.jpg","5720a93c6bd7125d6af72e6b78a0f0a76a70c3f58601922439afdbafd832a009"
"75560863.jpg","e8f84c04d8e77a644d235247baf25fd6d14f7c424aa46c059df9013879e3bd0e","75560863.jpg","1ca3489da6ad0a135e705646e3cd2704ec4aaac89dea0e0229a8b9ede2bf0851"
"75560864.jpg","371c6c97fd0f6f045f769db1b406f2d90ede5117d31be17f1f30636375f70538","75560864.jpg","dde16d3b1a6290bd7802538094f3511e62990b5ec232495e26d420c4a95eb05b"
"75560879.jpg","36329992215b42f649be23a21ff5459e2ab3a8abf39f231a8e16eafe049e2b82","75560879.jpg","b0e036d579594e1e3b18b211969eee5b5fa424de6b3d9c9cbc862c2e068c2a9f"
"75560893.jpg","6f782f09133844d03e5f15beaf465e68aac42f46d398537e8a3e9531a9517eb7","75560893.jpg","6320eb03f6d302b65bb3e944f5695ca006e8c812bff67f104b753868ed0c5ddf"
"75560905.jpg","6f782f09133844d03e5f15beaf465e68aac42f46d398537e8a3e9531a9517eb7","75560905.jpg","3d1f50d8f1de101d18f64a064dccea1b13e46a8f3dff49ccb82600ae8b6f448e"
"75560919.jpg","bc96aae56b191037df4c7265ecd9a033cabde4ee6e43fdab062942839be0e7cf","75560919.jpg","9ed2f5c439c443ebeff2d8f9d49721558fecbf555bc38da6dab711ae8724e6c3"
"75560920.jpg","29c71b8200a4deb6e380a28054aa84ea0392c962bc5c53cf9c0ae1887d8bb4b1","75560920.jpg","75c8b820f11dbdcb4d15504d64507f985f1a31f0fd9c6ce59cfee2e23492907a"
"75560928.jpg","9ba0184a09c1c91626b32c204910722bf574fa88f180973eb8aae992d7bc3707","75560928.jpg","fe8b67cd584af6c553d2ea095119e636aa63952d49cac7afc58c552875083805"
"75560929.jpg","371c6c97fd0f6f045f769db1b406f2d90ede5117d31be17f1f30636375f70538","75560929.jpg","6caf5f1457d59846a2517adfcc745461a999c86bbcbc1a936d2279334d02d6e7"
"75560932.jpg","371c6c97fd0f6f045f769db1b406f2d90ede5117d31be17f1f30636375f70538","75560932.jpg","38cb3ecc4550f5f5268c98e84b050ebc29719fb8ab47db0569e0e6cb7a22b136"
"75560941.jpg","a8fefa297251f32b78dbc408d45cba116689fca48fe443302356283360a5e6ab","75560941.jpg","c4563fd0a0ce267b96db9e44fd3725431ac9469f1ff75ce36202daa812cfe842"
"75560947.jpg","072a54999a83fc9772c48bfe050bf581efb7a369589b10d31206c626f4a21741","75560947.jpg","4a700d62c5cc47d5b64c6eabcfbdb5e99024a5f812478d54d15635fedbc5665b"
"75560977.jpg","9234a3aef838913fb3a74ede34a60e04931a98227845caa225528f1b54ee20e7","75560977.jpg","0d0de14db21c0158852cdf278f5d33c4feee5fbfc9fb4e69eecfd515456d5af3"
"75561012.jpg","2dca0bb832031e010f896bee00ea3cfe2ebe3e639d3070d687c346177acd4c2a","75561012.jpg","4ddd20472a7c9fefb4cdfe6bad1645dc307b11f32fdc8a79ffd85a1d76fe111b"
"75561020.jpg","c29cad31853c78f45f112b29f3b84ed9b5627b4ba6fc48827d91c8df5e820d0c","75561020.jpg","20503be7289c0bb22c360af035cc686509dfa834ad4a39b83b576074e891f258"
"75561020_2.jpg","3f77ac33d0d5e7ec0fb9075f5130ba4c56da25297e223733c700ac50b3e6d96f","75561020_2.jpg","7ff71b96945735a276e20d4fa628f34718e59b18164e07774d172e1c19a1d2bd"
"75561029.jpg","7400440d76a557e8b41a1f7bdb0a52e6b6e4dd47ba28437b695951dd377e4889","75561029.jpg","21988135e336994b1e2d2dcbdb9e3fb8639362b420a2152b4c697dd1b4c3b953"
"75561030.jpg","8ec9fe970006c7f6af9dc2c92f66efe640f776fc1c44de7211509e4337998b71","75561030.jpg","4a3592d1c493f41f07ca93a67f3d63e6a74c9362cee8d979b0bbe00980e6db15"
"75561043.jpg","6acdc7ab310280f95104999ad76f308fec97643d1ae195766bcb71c931e1a662","75561043.jpg","3d908ba171d480546c7da42a050371dd44afc10dedd927efc8912ccc065578d8"
"75561059.jpg","54ff2bdeebfa4d1d7571fecc4b6406dee163c19c28528d6480ca8e95061909d0","75561059.jpg","ca9bc4fe2e27234e9778b45f4eb36804167c09a91041f4c50b0e28de4e8a77ab"
"75561060.jpg","860e45a3d72eb91896ee2f2fd6caaf32f6fff8079c61253cf8d69240ed2e4856","75561060.jpg","4caf944614709c67c6e3ed1b597f5aab134b8d9659ab8c7508f4a44c4da9c57c"
"75561068.jpg","d7601fe065662ce91d7e1efaf779a3432d8d8fc6ac8567f07583b51f4c517efb","75561068.jpg","cebdb74109e9f298e9b17979f9c562b7a936cd53c1a46cd4cb8d4f2bf6fc71f1"
"75561069.jpg","54ff2bdeebfa4d1d7571fecc4b6406dee163c19c28528d6480ca8e95061909d0","75561069.jpg","302612a318e93b4ae5d755ae7a9a30da5795ce2be6f10c034813507d09bdda71"
"75561077.jpg","789b51b0448c1df7c1625acdbb481bc81fe29605667990d05513b2b17e2adddf","75561077.jpg","ba3aa86323c5dce06504b1cde1f7d529a6ea2ca2b17e4ad1708ae6d36e6effb5"
"75561078.jpg","e0b0a4138f35de9ea36fb9fe94f3e66e012d5ae02890bdfb7eae4614519a96dd","75561078.jpg","d29135ddeb5871e2578534cae758e9e2a0b5cef37d253b87ccdd6a8f8261b48e"
"75561083.jpg","58d790962f88d02070b7b9c3819cd6c79b1d9067d89cfedc8d2d2cff7dd431ca","75561083.jpg","7e709e233910f156da564076bc527fd20ebb82edb8f2d3df67b6dcca76bc2b29"
"75561102.jpg","f9003867f133498dada7d14297ea501e2cad3d3ea716908072f76e05d31bdead","75561102.jpg","85137e63732f8dc2a082d98dec25551fc58f996894524956ff777baa500fbe81"
"75561109.jpg","f5451473d4cb3856330b99d669a69dedb226fe4437fd436c220775cf1d582412","75561109.jpg","8f6ee58473bceb5e41a425b269b35323a9e27f3eb62280744e31a58f61804268"
"75561136.jpg","e50500798e4b5ac0119f099cad9d2414ca0f4ad3af6dbe10086b8f5919ad78c6","75561136.jpg","2898e14c18cfdeb4b90093bb1f42f22ad295e40ed9ca1a8e55907fa4c254c278"
"75561141.jpg","91b9a6bc885869aeda48b57c6218525210547e888c43f5f94704831cba341927","75561141.jpg","1231f44a5e76439b913548a09d3ea4e857b563632185b034114d4ee19d88a71d"
"75561143.jpg","2a4b74a29d318ed8e01540c70ac3c270950c937808ef75f559ea3bf3964e77e1","75561143.jpg","0fe1e3d9dcc98847702542e0cda48e6cc08dbd7171874d4d68a64aca8f8aa724"
"75561155.jpg","58d790962f88d02070b7b9c3819cd6c79b1d9067d89cfedc8d2d2cff7dd431ca","75561155.jpg","eaf0fe5fbd3265a77b6e06303b5d827fb6bd82dd0a6cb2d1720b5aebd0196ec3"
"75561156.jpg","d25ce7d7ba719f4e64cf7bcb6148c249d8c74b3949a7e1edbd0b44a6632555d8","75561156.jpg","fbae2675677a34176da8eaad3010f41a3d94b35b8e89d3d31b04e84eeb0f699b"
"75561159.jpg","329cd11df902b163d4f94654963f14bb156c966e8ed067ec40e96ef8f579bac2","75561159.jpg","ce2c1737bd6c4081508cbed60a7a449a002c8aab9bd855a9725c7b6f51420e3b"
"75561173.jpg","31abe9740ece9e124b2df3bfaf7948a66385b82f3725af19f135633b761c97d9","75561173.jpg","7802969f73c47964ba8cf8c03fdb93a2eca90c338d2b5a2da03bc82aa911faca"
"75561182.jpg","e8f578db5e3535c44367d941bdb2c03dd57d3d38f75905fdf2f40f41f2e3b798","75561182.jpg","9d4d059b4102293c47fc6399900fd38c3177b78b22f1e8d92a86c77e7678e065"
"75561214.jpg","5e7223bbc29ccef76bee85e372dae2f29248e5b54fd59f65ff731a7ff20f8b8c","75561214.jpg","f6fca6705b60fd22a3ddf6c0fbd996b548c36f805d794476d9aaadc9454f29d8"
"75561230.jpg","9a4689988bf3c7cc3a77c4f7cdf9357f5ae05c4bafe2c16370c38271de1ff167","75561230.jpg","c1469a6deb2ab0d3d97ec2d883cd6c6b62b645901fd99c2dd43aebb92d955696"
"75561233.jpg","14c60ae191750771c4ea5b7ac5f67a7a83c1e4ad609ab2a50a00d28e87b6d420","75561233.jpg","f74fc1639d9144bc7c97a4cb6e72673cb7b8d9159b56815e9e561dd3149812b1"
"75561235.jpg","e5b2b481b6e8840692b93328f27e1e292aa7f0b63f925bd882dfa871c25ff8ca","75561235.jpg","626a5045954407177785b04d7c998759314347d276fda4e5339ee0b9cab9d299"
"75561236.jpg","d279cdfdc22ddfeb181cac29c8738ddb5a39dec52d0125e5934bc8a21eb260cf","75561236.jpg","9bbcee5297093ac8858e40a6b9114551b03168cfd7ba9ee3d66b04e6a1e4f82c"
"75561239.jpg","d279cdfdc22ddfeb181cac29c8738ddb5a39dec52d0125e5934bc8a21eb260cf","75561239.jpg","be37857685a9d7d15c03b0bee3abd06280749fbb9b5881da56da9556684404f7"
"75561241.jpg","b8ca4e2ed38cfb670f53b4a7fb677d3c71ade095e85d45969b4ff304985abe9c","75561241.jpg","65a05ffd68c2b6663998ab09f1e3834227526b1d6bd9b879b611c384d69d8de8"
"75561244.jpg","5ebec2b7623120674092eae46db0263015b21eb04fcb775db002e947baf022e3","75561244.jpg","e56995cf9395fdeacd5e6e84179c9dee2e66e4c9912474959109c1538848de46"
"75561252.jpg","59fc2d14a5203d904f5f336f47c831e0b3ac7235665525d19aaeadd5226dfb4c","75561252.jpg","19152e28aa1cf76903fa6b1c1f98ae1ac89a9d3f86714322281c609431ad8d6a"
"75561255.jpg","ebd21555d21d7a7d4724f8faf0b4dbf9ab696e98e3b5e3f8c15911af7268ed7b","75561255.jpg","e6ddf1037190db62f065c42c0447ce599969080f18c3053fde6181c4e979e10c"
"75561258.jpg","59fc2d14a5203d904f5f336f47c831e0b3ac7235665525d19aaeadd5226dfb4c","75561258.jpg","c3892444dfe28e785bd472b11a572fa085239c6ee52e416f5dbd5bcea4f2ee97"
"75561263.jpg","85182626a9f5efb922c3cff48309a889c9ba714357a94a8adec26ed000eace88","75561263.jpg","d4556f0ebc13b5d30cfedbe3ea2f8d081a429666876308c01809e2d07b84f8f9"
"75561266.jpg","57b2ad29edcad296fd0ee89f0e37b9f0ebc1f079175fdab82659a4ad60342031","75561266.jpg","29ba3a11e33f460573f29046a97232ee6e48842cc111d32bb3a4add64f2d9668"
"75561267_2.jpg","60a985f8c8623fb6408fa178e49785b44cbf0d160b30470f4d2b0eb30ea193aa","75561267_2.jpg","e1864ba35ec98eee4c0f1072c07c0c26b07cf0e7390767d12784b4321a66eef0"
"75561268.jpg","ee8ba5a4d957983ad482c2e0060210ed91e60f1178645e53b60d665daace14e5","75561268.jpg","3e6f77da523421ad0d002ed2abf3485decf74cd022b1545cf3ce85af5cf783b1"
"75561269.jpg","a1df7fbd97d58a6b4539f0215d74b798ea0fa737edd2e1f7538f858ee627fbfd","75561269.jpg","5d8f14f9b52042b9ab99bc1577974cc6d47fa16a560974b8ab1b3e24a4eadeae"
"75561271.jpg","19f97d32ff3fd4986e10e100a7e35a734e1e4793f2cfae09a5a35afd3b6a70e7","75561271.jpg","e90f0e56f458a332e02a5cca8c7f5cbeb8a81918144923e9ce2a58cd74b11726"
"75561289.jpg","56a9c8b15bf40c8994b9d345f3ac4c0353e63b1471e82a0f8b4f8349d7393332","75561289.jpg","882c32f1675ef746473d4a19581dd37b363688aac6fcd0b8de5db563026ffff5"
"75561295.jpg","667067cfc64f4365d931f5143f31bc08fc6ba12b0dd2a83408b2f35496448a1f","75561295.jpg","278f03f4e8a8e80607d0d87e0edc7c8d8a7e53ac91e1d97b31d40a536aa11c3d"
"75561298.jpg","1a0d59d3f2eecf8aa252feb3e6ec913370bd18842cd7fd1b89c71599c88bd16b","75561298.jpg","35653f2b53976983b33405f0350d83c3da94c956b4a3d92700ad741deec41cbf"
"75561299.jpg","055177c09c21f5109077510b17826ec4ec7584161ec2d3162cc4ce59417e6314","75561299.jpg","57090298360d372962e76e3c4197bf312a85c9c18c5e91f15599add6f143929c"
"75561310.jpg","dededf8a0d9c6173804a6c92b40353b10380f8f18a8dc50a42e4ca43db45a114","75561310.jpg","470504cad0d2af6011e9e786ec7ac28676c638968d4c6fddb6b875b52764c476"
"75561319.jpg","f68b56d1c351d3e7b4b8c47cae091c714ca8a07d0603009ec5be1af4f8dd9bec","75561319.jpg","f9f69d2470be05ba0ba68d448daa815c94961ced1e35ea5c0ad0db441d2e3c67"
"75561320.jpg","667067cfc64f4365d931f5143f31bc08fc6ba12b0dd2a83408b2f35496448a1f","75561320.jpg","d82d306ea5c907969b282deaf1c9f23463498e1839a701046ec639feda04731f"
"75561324.jpg","667067cfc64f4365d931f5143f31bc08fc6ba12b0dd2a83408b2f35496448a1f","75561324.jpg","9f42eee415d4a6f5b6e01b39948dd73eaa1535d9e5723830a5af78a19b7a81a0"
"75561330.jpg","5911bc82f673cdc84cae4cb27a5fe1bd91ea9005cd5c493b09608cdb03bc260a","75561330.jpg","c3402c7fc03cf1f89ef4ea779d893d664601f073d32f42b3100bcef69a0a6c57"
"75561332.jpg","8010f39b564084d0160196a3f4d37a278cd3a2dc5d174a84371473a75d0c49eb","75561332.jpg","57f450d50e6277e5c8049ff85c201192a6b52fd33b2d6ac8bc0fe99897d40bd4"
"75561349.jpg","b0b1f2257162ab1c5b7fdca50d42a579b0fa0c9c273e8b512fe9433dc28b04fc","75561349.jpg","f7d1f313d43db724c83fb8faa40010a8245a644e6b5ae4b4531e0a8d0120ca71"
"75561356.jpg","6dc1f0760598583fc56a5938549eb055e77051002f142fb4dab0d23d9cb9a693","75561356.jpg","28312a19eef72e4776a0b62df0278ddf7ab4cd4444884a2ad97977fc0b4e8011"
"75561366.jpg","c870eb563aa5473fcd5da893c1a3724f85c7b73415e10d2ea3333bd0f5f9fc22","75561366.jpg","8500edb9f9650dc8eb40814e5867bff2f8d472fc82f45907fb394b3795396def"
"75561368.jpg","0c4c2e9ef937e5edb30dc90b7c48d2b2f65ef7e7d7a68aa216fe8b72cf6e19d0","75561368.jpg","4635696e01c2d7dd93f7ef83c4077b32bd8ac6465cded130a1ccc6689565d856"
"75561370.jpg","49968f500c7fe1d42c5a318f12b30670fa5bb1f1bbf5f4a477e7f187a2907dd9","75561370.jpg","067d6b8c10b86388a3401dc69ce3ffb318adaa6bfd5883f415d610403b372493"
"75561374.jpg","9633ba5563abc11d76bb75ff697257386f1cb2cf78d39a6584273088bc731e1b","75561374.jpg","51169972c5b5175269a652b6ba66ccfe4554ac7d82a3907f94c1713908ef815c"
"75561378.jpg","8c98ead0868650bdc3b5c1acda7408614051dddda32342428ba3629bf2693e46","75561378.jpg","29e8e45a1d5a1d6392548bf3eb3292ccf0e277f1b625967d0ff06c604ef9c0b8"
"75561379.jpg","49968f500c7fe1d42c5a318f12b30670fa5bb1f1bbf5f4a477e7f187a2907dd9","75561379.jpg","371b2add5162d33ad01996d59939d2d1b0db44da7407511346883f87eee54bee"
"75561383.jpg","0c4c2e9ef937e5edb30dc90b7c48d2b2f65ef7e7d7a68aa216fe8b72cf6e19d0","75561383.jpg","500e31bde18e6403a0360a07dd62bbdf549b9939197043cfb288c6ab9e14a97e"
"75561384.jpg","e52ab2da6e471fde92bc2df550a0811260cca4c31a7200073f444b3a53e8728d","75561384.jpg","75348cd7d919ffce117ceb6a7704f9d97c20a4c9a35a4dddbd489ae4988bb778"
"75561391.jpg","7400440d76a557e8b41a1f7bdb0a52e6b6e4dd47ba28437b695951dd377e4889","75561391.jpg","ac9e848a7e04eb451c6eb43dc076bde059a2e12e93484872615205ce86362c30"
"75561400.jpg","1a0d59d3f2eecf8aa252feb3e6ec913370bd18842cd7fd1b89c71599c88bd16b","75561400.jpg","7f8121904fcbf211652b07831401a8e9ac24732e6b46a29712e23e6f208dab94"
"75561401.jpg","75fe4de00e4dc155e76253d7a2e0c5e8b75cff2c56bc03ce8e0e04a1ef8454b5","75561401.jpg","056f1b7bcd8a0b5a5ada99aa35f70dee582cb5fc394ea643fe55489016c09ece"
"75561403.jpg","05c2caf06671e407fd1a33af26caee3174fe5881b008f26de0bf27204fe4e4b9","75561403.jpg","7a0291609ef75706a987f05c426c29d5996ee2cff537bdc5f74d91f406fef20a"
"75561407.jpg","c3da6cd13fb09b73e7cf92787cfc43dc12948bdb333970e12395fba12699672c","75561407.jpg","c0656030a0677df1063ae8f278df3c173228760a030e4dc08a6332cc9444a9d7"
"75561411.jpg","75fe4de00e4dc155e76253d7a2e0c5e8b75cff2c56bc03ce8e0e04a1ef8454b5","75561411.jpg","4dfce267ea3dfdd0c4f4bfe4ce8462f091cc7636446bfca0daccf6c86e7554f4"
"75561412.jpg","c6ed8053e9fa87c2d0edbf61dc8aeebbc9ebc6814fb25c70d90d64662779bfd0","75561412.jpg","8454f04722bc926ad6bb506601b1045c0d6a1f664a4fd975a304a2b0fd3b54c3"
"75561414.jpg","486de6a3fba3ea56302edf822c316ab4bc2723ea89f48466ee112afe2b4681da","75561414.jpg","7412ff547a8a52f8ee6165c802cbde293f152d6561b7870519c6f468d0763ece"
"75561415.jpg","75fe4de00e4dc155e76253d7a2e0c5e8b75cff2c56bc03ce8e0e04a1ef8454b5","75561415.jpg","82a2f6698c4f62f7ad843cdc941e77c6b9b11f501f0cbd8773a6dba12e4f94e3"
"75561419.jpg","aac5f6d62235363ce7110530b51dd5f2a73b551cd13478941f2e60a41d86d2e6","75561419.jpg","5925f6d0c8388e1cf07ced33bc0e2f809ec44950274eedee95989b3dc5645264"
"75561421.jpg","540c65cd9fc554839d0c50008fb6dd9e7f30951a5fc51fbeef14d1bce19e5099","75561421.jpg","c548c8efd96d18c6c9a6b8cce29bf9b20868e0c7be28c892453405d93bd6dbaa"
"75561434.jpg","b2f0b2c720203912d897d209403c23e6efdc45acdc5ecbb9a063a648db6669b7","75561434.jpg","632caeb380df8620fffe7dfe63699452d181a43193a5565253b0e30e1eefb4f7"
"75561444.jpg","becb76ddfacb3e2f6638fd2e74e30ab339f9ff108672bfc76ff1d321ad9a50d5","75561444.jpg","3e4e94c34f895095cf1d01aebd8597970570309ebad782c4fd6be305f76332b2"
"75561452.jpg","bb70cfd435622b8c2ac50e9aac5c2e4511ecfd90c1e93e7ab62da880f7fbfdb7","75561452.jpg","bef46f14247e83aa5e27c66e80480ffc485e3733c65fc6d781cef568da069330"
"75561457.jpg","bb70cfd435622b8c2ac50e9aac5c2e4511ecfd90c1e93e7ab62da880f7fbfdb7","75561457.jpg","f57cf00b1391756087a640c23f5c36b7577fca97847713d50a1ad1babb33991a"
"75561459.jpg","645aa263bd3b3a84c51afbc10c9812c092ec4fc90c461453992204efad6c54a2","75561459.jpg","89179ad5f99ab9d0acccbd2e90cf5cc8c22010666519bbd8b6991df856187bea"
"75561464.jpg","f9003867f133498dada7d14297ea501e2cad3d3ea716908072f76e05d31bdead","75561464.jpg","0b1067badce1b45999d1100478970b27d3e000a8c98e96c04127a6c39f72f8cf"
"75561466.jpg","58d790962f88d02070b7b9c3819cd6c79b1d9067d89cfedc8d2d2cff7dd431ca","75561466.jpg","317b415c89bfb7e6fd0cf0f8f0223cc78880fa78bf4deb1c190ee8d52e4669c9"
"75561468.jpg","f23e282590e1924c982afb2ead56bc1dd4d810ae866ff11ba45bb2a7b154a7ff","75561468.jpg","bbf0e8e7816df8e0bbce09b62fd93e1578ffa7451987b48fd6ed5703e3854840"
"75561471.jpg","b479334ca52a6f460637d20b2cf14bcb9ee1bf1c88001a08e29bb987bac2c91d","75561471.jpg","747e682247476e903c220bda4ea75bb629d9da8a23a68a248b6bc73fb40e50ea"
"75561475.jpg","f9003867f133498dada7d14297ea501e2cad3d3ea716908072f76e05d31bdead","75561475.jpg","15aa3ae408f47a1e6415493804fbe499eb1fbdeaaacae060850baed5d964db82"
"75561476.jpg","1454ca7b7f4cf86e1fe0ce955d55625a728118d0e6152b5784b5c7d78003ecb3","75561476.jpg","bb399579d1352faae6ffe6813e87433cc2ec7165bfa4d09ac6e79f939ae7596b"
"75561493.jpg","ff83c27ef485d83b5d19e5f210113f09d3511fa26e9054634b0f711c9a811416","75561493.jpg","c38853ec705591e9a6819321c903219e806ddef984c3d2d65b89b53c6ac6b4b6"
"75561494.jpg","b243d4288882e0d7bd36e1577aa6cfa40621bd0a5e9c6b53ab6c264834a268b4","75561494.jpg","449042d63f334e4239e92745bb8855d6df9c054ed278db051a51e6057285b637"
"75561495.jpg","c92cd2c1dbd16c71b6906adb05dba285036c97e148ff50f17c1a6fe1ac37abf5","75561495.jpg","51e36458931df808443d86d5d34417b175a4964de5e66427c5c5c38fb1115c70"
"75561509.jpg","8bd325022864b4b39eb05abfe213ae219366c12e7730977eb103d01c07a98843","75561509.jpg","aa05637a384942fb54a6e74743218cea7c01f6ee9979b2f817fd85a4682e2f59"
"75561511.jpg","e19fd8221e153355a5626b9e83054eb08746048175d8195b3171ddeedab7f478","75561511.jpg","97f166c5fb22e97801059e80ebe37e4a1882b455e4f0c26398a9e65805278352"
"75561518.jpg","0ace8c1f975d9f5216e8013a7894ecd639effa280357bb2aa39a9dbf9ab761e8","75561518.jpg","a0776d46f233b3385498be234ac7dd6d408e953eaeb69c2c7e78eee952b2dd31"
"75561520.jpg","89ffb0ea26c8c6b5872a487f599b09fd55d96bce981e61774c9441abce458caf","75561520.jpg","7ecaa4b7e9d6fb35387f0ee285d29a39fd0f39bc1210b4ae91e802ae1c5c09a4"
"75561532.jpg","bd844b6e21604edaa6f0a6a89c93ad279bfd805bbf1e2b63b4be06a4e020773e","75561532.jpg","3f28a6acb0a7c176a44e276c97363678762a8635f7843d25212259fee32a957e"
"75561538.jpg","1d41ab708b6e6807cd65a4e649407ac4857ba5245f17e00c45091fa6e273e88a","75561538.jpg","c3188145dc041fb73aba610cb59e136ab71e3ca7d4eafeeaa167822c82771b9a"
"75561549.jpg","b5d6c0297fe7cecbb16682013e8b063602beeb7e116ebb635543ef93224770c2","75561549.jpg","c198dbc2076f4b723a63d76801d0377e2bc1c89414b60810e47fd9a524b070cd"
"75561556.jpg","188ce81b005f5c51f632d5e0a26fabf2c889b88901e49e56cdcaf1b7e40de0e4","75561556.jpg","9686e54ade9eaab3a80bd3ad8448e13469d87e6c863e296a9aeb9ad877caf71f"
"75561568.jpg","987310ec311eeed4bd0ea0a8398845de5f92273e089460d9bf6d2af5acdd79f9","75561568.jpg","0ca13dac146b1bc2f178f743999550aa1d9fec9aeb2f3018e236a321317c935e"
"75561573.jpg","4e19cea306afe4358ea82c07480205a43fba6f9ad5a32a3f58be30f76a016137","75561573.jpg","986a2662a3182e6284ff56c2b62774533821de9bc9250f2a87949831037aaadc"
"75561577.jpg","447de580cb077ce9b673dd1eccdac58fe7d19b75f5076c5c48658eaf26d906c0","75561577.jpg","10b334d98c254b36d05ba56f26a7e18b23b9e80a19b2d47b1539b33b4e92bf99"
"75561579.jpg","1660f11e8235e5846d75e47ac0a044b18e1b727f286430938d0f188edf906071","75561579.jpg","b694ef7d705138a712ef337af7a216a7efa828d586b64456d9857ba0fbe1d9b4"
"75561582.jpg","975918d5f9c6d8fb709d6f2b500c35bb53e0a714b4e6c5d84b8a91ac709ccc7e","75561582.jpg","924189f5a9dd43a59f68f2b888f1102271618dc087f3b99df5e5ffd331604968"
"75561583.jpg","77cf385842230c401ca2af69f845365f3cff0b02276a858f6cc4a415f8588caa","75561583.jpg","b3a4c3d006d089bc5deff4e7a835bfb4d406d73c6e736c1bf4fbe38f18811313"
"75561591.jpg","a3425b9a4fefa3943bc8114a678d903152e8b270ad0a9fdfc6fb478157829eff","75561591.jpg","bccd460e1b82e4f5c45100253087609edc38a54a9d83486f7f9b4065fff5b767"
"75561595.jpg","1d5d40c22ffe29f492a8691e5a19dd072468b7d1edcdb76738bd0ef6cf0c20fd","75561595.jpg","30d7cadeba9fd9b294705d684f47b1a6d37b2f774d563ecfc09c7fd805cbfd70"
"75561597.jpg","dba68673f3cd81ed2bb07bcac5bd13ebb8fe7eeef697e7b18e7aabcb9e074d8b","75561597.jpg","ea96830d8836ddf723556d9d6d188c9e79ae8da6d62082beb6cb99f44107e1bf"
"75561601.jpg","6534954cafd6827b41fa93242dfb451f2d17a27dc1eacc559e3cc1e6da160a6f","75561601.jpg","a20ea95103b00cc203f73aa22d38f60799e25c3b09f5ca36f1d59445442ed065"
"75561604.jpg","8fb58db654ec718cb2b35c6301a693660811abcd7145133cb45fa2f045bb17ad","75561604.jpg","8d9c14b8114e946ee8ab68e92d0999fcdb9dcfcd6cdd6885588b65d6f75a9192"
"75561605.jpg","c32578644a4d84e1fbc7cdbbbc8872bef82bd425c94415e2fde5b9c4886777aa","75561605.jpg","f79f638db3def8b98e2a530f7c27834f02a394cfde1e16eea77e6ec850d70b19"
"75561609.jpg","77cf385842230c401ca2af69f845365f3cff0b02276a858f6cc4a415f8588caa","75561609.jpg","aa63df787c11de4f31f6ef84c5b28535cdc3cafdf7881096da950e7cd3e12de7"
"75561611.jpg","a3425b9a4fefa3943bc8114a678d903152e8b270ad0a9fdfc6fb478157829eff","75561611.jpg","8ac6ed26473d03e505b386af45375aabbc87f1b80484b395fbdc4b26ef09d3e1"
"75561614.jpg","747f15315b874fbed5837e4b3418817a4cbe9e35ad6b30bff2e8e281da52f281","75561614.jpg","5728abc55a1d8d3d4b911ddcfd01e89afa56f46d1c9c554b1245d133155905db"
"75561619.jpg","3c44991b0d36f089b63528322c73a9de0771c7d752b96a6a7454f247dceaa866","75561619.jpg","6f803f0d6ddef32d86f06b10bf46f567a54e74107ad12ef9ce171e83432862d4"
"75561630.jpg","223a5db752685546c26424e3b72cb0ca962788ea9f487a6c73a5884f2e9e5465","75561630.jpg","6ecdbe86475353eb07724dd6e6a71d5383ad6e80b52417f638ce4156159ab2ae"
"75561633.jpg","4d28efb4a452c757972dd35caef46dab948f960c52b897f925b991cf8728f6b7","75561633.jpg","0906bf8887de7c234097ff83ae5feaef2113f694e26bdaa9135557903706ab0b"
"75561640.jpg","6c483997d41bc17f2b025c3355e69c4f905c34c5280256eba665732dca9b5aac","75561640.jpg","0e0b73f855dfcf4cde00ddd6a217073483bbbf14113beb1bccb8534281b014d9"
"75561643.jpg","32d616a62ca78f1e42fbc4ded01a26b523759834c6cefff62b95a5223281f9cd","75561643.jpg","4c6ed835c47ff696bd8d107c31f8c595f8ff309c3f33ba5bb24ea60fb2444420"
"75561643_2.jpg","60e2796a1d56aba0fa78fa0db14102a202bee52cb661ebf36e0bf92f6328df27","75561643_2.jpg","9044588009b25feb775ae01db11e43e2f9f0f966211032087d9e8a9621ec67cc"
"75561648.jpg","2d4605e2e499c56719f70de256d40ba6fc4780e28fbdf263d81533af53ef5325","75561648.jpg","44ef1029a7ac1fd1fe444652d9068e0f46ed7112ff1751c11e6b3a23ca7cff3e"
"75561653.jpg","298a18e2618d47e5a3cfb1785c9a3e359f74e3e9066e57800ebebe9b27bbba9b","75561653.jpg","2aec6c45c6d73642aa5790182049ab801bd8b861c88a9c0615976420c70da8dc"
"75561674.jpg","4d86215c423d8e00b29430af93b8e67a35470d306a2f410153205d5b72c0a965","75561674.jpg","377f67d3e43b7c0f7d959e5970759b6b15da102fdade3f0bc153c15e23de0c26"
"75561679.jpg","a1b1241cfd946f9301e79085097f0f367aaa76566278d3faccad784325cf2603","75561679.jpg","db3699f1d3dc2e894772a6e2049d46106d528fb098acdff24465476d54f9304b"
"75561697.jpg","fc194f533a2d314aa2ccfb1c571bcf20eb064f8809f13374a41497c92d0b668b","75561697.jpg","233ecfef47c9bdac2dbee4a813c611f2f4b82be0e174a4be95351a8e1b2bfa91"
"75561702.jpg","8d12bb1d64adb176d468ee4ce35d2a4e22ed49e4356a6ac4139c8fe897382cf7","75561702.jpg","46c2b843329da10e903e8c59eb4eb2ad10edcdd2e81979c5a8abdb04d4736461"
"75561712.jpg","f86e968784aaebdb07bd947aee5f2a43c7279908abd7d6cd9dac45c9efc2ab6a","75561712.jpg","d506a9bc0750a31bc5dbdf6b738921863afb3e7e63701e82868e6e19a8f0ed75"
"75561720.jpg","85cbde0e685ecf203a3496412b9c1ca08a40e5fc6fe644fef60e0ec2e54b2957","75561720.jpg","8947511ed74292c279d3f655d12009bb272bbde44569e6c87ad7d58bc147d12d"
"75561729.jpg","b2d49146b90757b8dade52724e286acbbd94c8f2e0fe9ad5026ec2cd4cfe53d5","75561729.jpg","ab5347c6ef994a7cd357d06eb48d6b3ff48fd54606fe22b96eb0a3e2114eedac"
"75561738.jpg","f86e968784aaebdb07bd947aee5f2a43c7279908abd7d6cd9dac45c9efc2ab6a","75561738.jpg","aca895440b31b7c65b049cb694344c8668c117720740e1291a2ca93ca727718a"
"75561739.jpg","7a318c3683c062096caf593356acdd505aab46327e86a6453ec210e8bd1b8cfa","75561739.jpg","5cd2bf911ce2af4adff91090a07b94b880c1c508a3a16ff9df96307c5741c2af"
"75561743.jpg","dea7b410baba12c9d87762bb60e4372f672007efd7baad4ff7f1a2eb49d517c8","75561743.jpg","d926dc03aa5a91913d255f677689a4f6565c8db58fc9da552b2399bc0766c600"
"75561743_2.jpg","612545e2e46f2801053d7436ac266b0c4fac056f507c73a4fab109f75dcceb98","75561743_2.jpg","0a380a62173bfa60fcfa67236ea4d2267df0cc099f6ca085b09fa6c03b1b74e4"
"75561746.jpg","7a318c3683c062096caf593356acdd505aab46327e86a6453ec210e8bd1b8cfa","75561746.jpg","724327c51def1b3ec2d53e06e405d302b17144208ce51baed990ad9864ec1780"
"75561748.jpg","dea7b410baba12c9d87762bb60e4372f672007efd7baad4ff7f1a2eb49d517c8","75561748.jpg","9bce9e302e971c8205c0e932c17411e44b72f73f7986d61925c1556868401856"
"75561748_2.jpg","612545e2e46f2801053d7436ac266b0c4fac056f507c73a4fab109f75dcceb98","75561748_2.jpg","9ed2405f47e0d96c60c480a39cea889c7448052f1253a7cd0c8892038b37ea93"
"75561767.jpg","f86e968784aaebdb07bd947aee5f2a43c7279908abd7d6cd9dac45c9efc2ab6a","75561767.jpg","1e73e91ee65b3636419140f46b191caa2ab560fef1f99e204a98d91ed5a4bfc0"
"75561787.jpg","00364917062587af7a374da4cb8e248f6838bdb1f435f2dc2c6ecbfb6323db13","75561787.jpg","546f9adb81a5462152f697ff64d82e495f2a498d81ce4a864c6e4853e7f6e54f"
"75561794.jpg","552880fedb0c8c00685c391a3d7fd1ce44acbcd22ec654e93ae03667aa98c955","75561794.jpg","fd709ba5827feecd22e073da9a948bfefeb5d476a5fc16e4123cd52104096c1d"
"75561804.jpg","88918c662a8738f6077b35f77b068a99402c3a6912826d6a2cb8f0fb8d9b9187","75561804.jpg","3ee9ae86c42e190d916d83a4e4f821afa343cfced983413ac2a8257dd5470683"
"75561813.jpg","62717b18f05ea4dc54afcbcfb63a1df6e071e1ccfda203183af208307f9136d7","75561813.jpg","6e219aae161e54cd6789d56c00b5f1edb81bf6907eb2c44bdda83391621627c2"
"75561813_2.jpg","b192d0f53e67534b08be7f09aac879df61a043ff25db4c81a58d55c140e2174e","75561813_2.jpg","59a14f6f7c99e635c65b3a7725ea2d6346335e395f063920d77a1b39d880fe2c"
"75561815.jpg","ce6d254f2ededb01bfe1259bc51837fc26b5894884712c4913186015b49c17cb","75561815.jpg","2013deeb974f0d330e03e8bfb9b0bc0aceb2b2642fbd123b38537c3374d04072"
"75561821.jpg","a1da5b18ecfa8d4a655863865d2fac2087d6f1fb56ba72edac9df3d7a2d17eb4","75561821.jpg","1f8c195d1b02e7681b09a9573e07afaab33515014e67c81e7834529cd9a57fbe"
"75561822.jpg","0b2f670581ae3e9d70bb632125bc4659f89ee889a28fd9b496f7d39fa577ddb6","75561822.jpg","d1b9569311538bd61b1c67d09104205b1b6cb04fa9011816fc8ab5fff355f0f8"
"75561835.jpg","c1d9b1b6e4f340576871c265dc5818ca2a8198c16e0ee1966b84fc4a078affd4","75561835.jpg","e9ad68445632744b9aef55470c92421d54560b9615385f813dbcc274df6fa71a"
"75561835_2.jpg","a7b8b4e081ee68bfc744c1983833619789d934b8e59382fd22f1b5c895940f6d","75561835_2.jpg","ab32d04eb844df2b812163a9035fc7aa5007c202cdc7f8c4a19367a547830c0e"
"75561836.jpg","dace01a366d35dd48862f399f10366c0cc4936d8671c3c73b227e9c74c8b3d83","75561836.jpg","69a75f463c1d22b9a815df23e391f2a16c6394be7fccb506d6a60b909504fefb"
"75561840.jpg","ae983fc233f0a5b00c419ba79ed6d051d16fbeacbdbc5985bed4d5f7ae46b90e","75561840.jpg","858487f1359cb04e2b1aedd41cb13fd27571b58177d66d48bdfc6d075f38ba31"
"75561847.jpg","69c5fff47f7a19695c6be966c23d05bee42de78e328f47350493946b549a7852","75561847.jpg","96c3690ed235254ee8e331c21ca357d43e46d7090541f5ff9cccd25541d93cb8"
"75561848.jpg","c157bf301a4b37febe6ea51f5d02d80a792fba64f57fb6c6d2f428924e97e49c","75561848.jpg","4033062e6c6c20f1d37ee0a24bc75f1c5f976a15227c4f957dd2603128cf3770"
"75561849.jpg","cc8d9688e660588e2e142af74c254553d79287c0de8b73b5f19bd1dfd00f83cb","75561849.jpg","bb720366babb78f05adb4bf8fe2ded321f43b80c120d37d6612992ab106d5cda"
"75561867.jpg","7302506a3e655f4c75747613119f9d0955808bc811321a2a59b9c9236b13ae48","75561867.jpg","cd083c96b52bac5cbd6b1f22ba69c87bd2b5e317f33d2e8cec6bf4ee8c269986"
"75561883.jpg","dd57df0922d721f87302a5e50d88f9e9b91aa3d8a43084d21541b3ffcb511c7f","75561883.jpg","0c6ddb7d7a077e5a0fce5c52b843e0d2381df71be4e1bf60e7fb06efff3d1dc5"
"75561884.jpg","864ffdb3fd1f1cc04bb0c7ccbb89c9af197f9008eda6ee3e8ad33c4201da139c","75561884.jpg","bcf4d79ede501a1a86dd4f97ba84fbe6a7ea0036826d68f36d5788b5a585cad6"
"75561901.jpg","61a4dd0111bdb19497fd6c4b8f15f977adc8fc0e32db0068bd13651b4bba4d6f","75561901.jpg","f0ea1470ccc9eba6ed3bcc41e0f3f8fdc176f96acde615f2b4bd194228c58b12"
"75561922.jpg","9a2075db18aa3efd2357c7a57e0aa24d0878e2ad1b552356ab999ddac33bacbf","75561922.jpg","84ba1b13c77072f2d6da23ded4fb7481457b63301412a45ecc40391b0324291b"
"75561925.jpg","a05a330d90e1c6a502999f225ac457b93430615f2782038759669f4ca0235b5c","75561925.jpg","a181411bb40ea2fad0870418b62736de13e82d7cab513972e1617e4a62b364f7"
"75561928.jpg","417a6dc75d2772974d8d6bf2ae188ea3b7e60b5bd871d6190d691e39cf77d0b4","75561928.jpg","c31385a1f8fd8fd0039b9408b0c927a10618cca8bc98fa90876cf87622873391"
"75561942.jpg","fd0b6cfe2be948bbaf69d96f87d32737e90efed038879323512eaefc848c408b","75561942.jpg","2a759f6cccf0a5904fdf9127a0e465e2a072fb64ef1759d6ab5ad75147d09304"
"75561946.jpg","7ec4dd0c3baabd9f4b344e552c1343fe3c26baf06ea3d74e77bb401469ec5477","75561946.jpg","9047da86dc1de203dd4ba5cb4102aed9a1fc403b1cef3a0a36b7ab154cc2e8d1"
"75561951.jpg","a05a330d90e1c6a502999f225ac457b93430615f2782038759669f4ca0235b5c","75561951.jpg","b4a77d5aa7edf90c5a887a0b4ceacd029a2fa4c3b1724e14f19f23ca9606c193"
"75561953.jpg","09cd00b91fc9e49cef6a1d282a1e156839fb19ee03ce129606db4151ef280e71","75561953.jpg","0cd71e36d5f0ca906cdfea415975d9f3d06464acc7898772d3813f07a6622f4f"
"75561956.jpg","00adad2e0cb85b96ee45a0e58e5722a0adf7668d1b3ab2dc5b8b4f5fd1d82892","75561956.jpg","5f109912221b27bdf8bac33ea4fe1bd150128661e85c3aee4e663fb6ece1a7a7"
"75561964.jpg","095d9a643e5c8fc9d835c02b57e4525fcbf5bd5a0dc1de7ad308c5c9c039b392","75561964.jpg","86ce07d55667fe7eb68ab9d7939e054087e840b423b79d6e5fb6a7acd2a2e9b7"
"75561974.jpg","2b81a7e7fcecadaae5f5f0f7e9e00ba65ee84ee99a97675193e0318840457d6c","75561974.jpg","ef6b8b2fbdba13536b5233fcf8d26dcc4eadb85b8a1a3113d2d75e6b5f63f6a1"
"75561978.jpg","dcbc5b18770900bf2707271efbbc0b613b53d1364362c7a3f16da3a062095be2","75561978.jpg","e8eadc38a3cfb7ce76c643566950f32be45e000b1dcb605d3a5edacc015b0c15"
"75561986.jpg","3c3be5031109a69a504ce6f95c0051166769c2d9ba44e6b996f49be95ffe5aea","75561986.jpg","96fa4029034fdee5a36568ed8c8397d46ed8b2b6feb306b1356334cf8bd19390"
"75561987.jpg","56f21e854674af75d534142504bfd8ad98bcb32749e6b3111635dbd245783b78","75561987.jpg","3140e7269afbd9bfa23eecf9dfc9066ff304d32fa8cd916385eb1151b90f1bfc"
"75562000.jpg","f16e0c3acc6e70d0252eb29f95eaec95306a380feba6315cd6ac6e4a17316458","75562000.jpg","ffb7edb96b403e19bae587c188a89ab136aa6d57fc9a99eb856281e1ba62e1d5"
"75562016.jpg","e2f2f31faf0136e5e6c6a8307e101c414414c331b4439ad28df3aec312c43ce1","75562016.jpg","0bfa134fd4626b1a7861f12667f03be6318543446ba33d466fc70226f73a15ce"
"75562020.jpg","83c682b8c708149a3ebd1e8b434c4ed6293e2e4771eec48946429be792d8173a","75562020.jpg","09ca16904b4ac42562a9f43e084f83b5b971cc0c0cf47b90434f77b69382ac93"
"75562027.jpg","bf58b38efa5f4b9cd22fe26dd561debf3c62dd9b08f663dfd777987216c28a10","75562027.jpg","1a9322ec84111c5055510e3cf5b0d54cd02842f94e609a844e97e54cb080ddf6"
"75562028.jpg","09cd00b91fc9e49cef6a1d282a1e156839fb19ee03ce129606db4151ef280e71","75562028.jpg","c8d7e131fd49d86dfd5c94d6ede74986f6c9c7c5bf987d7fd003b2aef4c43e19"
"75562031.jpg","abb43ee6135d3682d934102fd77383dba3043db55b9f1f551de7c554de2c6c16","75562031.jpg","3c3a9310e7d1fbcd4943fd83480523605e2658dbee38d1faa0c87c0ca661560f"
"75562032.jpg","5cf544b53bf846438da1e96f96b48ab74e60e90126a21265751168d7bbdd791b","75562032.jpg","9ffefe377cc424d6ce7121aa8ac5b2a7b1af23d2169e8cd236696abc7143e513"
"75562034.jpg","423cb2409a02326664ce5bd2dd1a0808ea1ba86e8eb3b5160370340c05250ae4","75562034.jpg","27fe88cc7622a7cf69d1a6f7e3b7b9f8d1c6f89879db6448895d7da626628099"
"75562040.jpg","39d0e63e707fdd9ff27e1db823c6a5115545f2b1a0bba0202b6e6801a6fb604e","75562040.jpg","406685372b5779ad3fb16ceb0d07905ddc26d840fbb8d2c980e1785609d65c0f"
"75562051.jpg","39d0e63e707fdd9ff27e1db823c6a5115545f2b1a0bba0202b6e6801a6fb604e","75562051.jpg","4f22ce5da878269673858539df21d49f62f019973a93b894b7eafc86b234502a"
"75562060.jpg","f8244520076c11b52f8c249c4a1f9829ff9937e7c1b1764123a23c77462503ff","75562060.jpg","0d20a8fa071295048d564fc487d39489b3386f9681e5743b692ba96c2fd47bcf"
"75562065.jpg","2f9536254b5fd18e43248528312d33af8d7f512c072dd7523d4b34a781f6700f","75562065.jpg","ffda3892d881eb41580785e00761da326358ef560beb89869f0d9d831684770a"
"75562074.jpg","361ce07604561bb59eab0ed94c041a13f0c77c8da58bc46d436c3f175aff920e","75562074.jpg","92bdf88cb77628fa7cf514434e4d82223a138bdb99916c8ba6d868b023abc9d5"
"75562086.jpg","dc34c3a89b94a8a16683270fc767152bad7679a18c7db825a3ebbfff1d375a59","75562086.jpg","264c653376403c2e1b8c4c7aacb23c9da59bc7eb398501976d9654a18f1424ee"
"75562089.jpg","8bd0b48cc76ff1314ba9980be63ee15e69adbbf37a606c8343fe0c61524f4d72","75562089.jpg","9ded24738bbfae7e06bec9d499f6deb5411d94c0f794aefc85a280abb5836a10"
"75562090.jpg","1e899b56339137db7010f46b0a6f557483d8ba5463103ffcda44cd36e3b23361","75562090.jpg","31a8972e0cf4b6f32daa210e902136980dd0dc4d81fb4bff7f03b92d6c3e0387"
"75562095.jpg","cec177d9928aff5f6fef4be970c4424dc339aa0d85588ab2d76e5e8194ecff0c","75562095.jpg","ea44c0b7e7a2a26c57c31d6da8e6310ddec8b67a4d934f108ffb9e8240a8bf86"
"75562100.jpg","115917f3af8f10d555f44fc9bed17a320fa2f7ba23a1f4dd90113fcf2b945335","75562100.jpg","2afcf81fbdcc17fb5155b9666a398e8af3123fc2a233f3e726b8c8d54afc80db"
"75562116.jpg","001212a155f7c7529d2e4063fffe5006a6f414f08dc3416d71cc01f725eefb86","75562116.jpg","80088915d956262c7929279aaca9b0f517efde1cde8a588cb37eb292bbc04c23"
"75562146.jpg","41fa1677e929619bde3527d025dec620caaeaf54b3e033537a184ba3540fdf16","75562146.jpg","459a7d5662f23c712784c5ff5e95097691011ecb95d9e6282b68d77339dc38a1"
"75562166.jpg","16d2839c75b9b68f697e2a1b30e308fab0025f0e2cd9e32c84437a7cd04179d2","75562166.jpg","d6830bc76066af88063a8efa0048f004b036928d4b747295dfc8c3306138d512"
"75562175.jpg","7ed4bac5c8806c6f07a33386dbe39d644416c2f3ac99ed8b0d8908c7d9079dde","75562175.jpg","1f17796fa0ba451edac279a4e7fdfea68f3cd595a553a5990869ec057b90c188"
"75562183.jpg","567baa71cfaf6c5da23e06203f712b548fca160bcc8f94f7cf9cf9ee887274d1","75562183.jpg","543aadb929c36858fe137e7856fc20ffa86c0cf09427bd811b79e2a1b2bbc503"
"75562189.jpg","567baa71cfaf6c5da23e06203f712b548fca160bcc8f94f7cf9cf9ee887274d1","75562189.jpg","9bd2cc6bdd116db5d8f5d447be5cf91f830a22c65f4a5ec2e0f0d993545f6d28"
"75562190.jpg","7ed4bac5c8806c6f07a33386dbe39d644416c2f3ac99ed8b0d8908c7d9079dde","75562190.jpg","4bb3ded165067addc18e36a2ed8a7426b6299a2255268634ec10dad059d457ea"
"75562200.jpg","621e8925a00079eae35f5a2c04289ce5d28c9b5f4465c57de82d6b9a7ee3c02a","75562200.jpg","cdd1abf9ae9a273fccf9b707bfe4e1a85153dc5d3a22dbf69f13edd9b840f7d9"
"75562223.jpg","525930baaa4f9e522d87d3ca21798265ec274968aa923384599a853e1587d94a","75562223.jpg","f3d28582dc04c8707943ab9e320081f5564f0558a262d0f19860639713b916fd"
"75562224.jpg","9d7fc223b6460b99e8e10c8447c7fa178d89e5847b6c16c313b52b78550b6d76","75562224.jpg","02bb2eb60ae771002d13f1922525f1266ed21820e6bf09878862499df4e947b4"
"75562225.jpg","e31a63c08cc04ba576ad17f83ad942b0158eaf4c6f8c97394487519ba78bb5fa","75562225.jpg","e0cc9d3ed1163ffdc2f0a16269a8674e1ea74bd07602de1c828a2bb21f1cd68c"
"75562237.jpg","c47f4ca67352123b2271eefd9802a7ac5358ac20844d75985270eff476a9d6f6","75562237.jpg","6dd7b0c157c7b94437032c488fd678ef637f0c99b8b764929a22c1a03d619694"
"75562240.jpg","9c090ad4f0c892314acf57de76a065a0871fe02044cd4191c713b950b81b2a22","75562240.jpg","705bc2801615234f140f490d86bf63545b234eee42f140caa9ba23ed79e86bd9"
"75562253.jpg","bac8d2ad82dd4e618dfbc11cdc7834d5aeeab36a75f072f622a957cf7868a3a0","75562253.jpg","3405b8426d0dd290c7f367dcfef35acdffbfecc3bb4b5dc8514a9434ade586ea"
"75562256.jpg","e584325b8ac33e80bcd224f4297c1deb6736ee70d19e938454b638db627950a7","75562256.jpg","6d1becb2fad7bb9b348821730607f1f688da2c4fd3746444143df9b51feba1db"
"75562268.jpg","7cab551cea6a871a6ad1e088c960466335c5007e775235300b8d69846d42ba23","75562268.jpg","6a4de74880a88b26cb79adcc9e933004342a91db7d131bdb3cb9265feb588389"
"75562273.jpg","7ea1a28f5e51f559a9eba28dbbcbd4066a6366f2aa3d2e319bbb7271795ba8a6","75562273.jpg","4ee6c0b2999b4e9bc95bff673c2d1bb7e7eceaa948ea75076ff19e17eaa704ef"
"75562299.jpg","52b2f7bc66b58871fa50ca481ad47b594e46455cfacde5f5a020c2a1eadb3be4","75562299.jpg","ede13594fdd75e02bb40d5157d037a6c5c8fd3b6dca341765d6c8762070a999c"
"75562299_2.jpg","306e2e6d2890eea793fd46130461d217742a9dd60d9582042e1a8169c8003eba","75562299_2.jpg","c7c407ac73cadbe23fd66a7cf1b06d61024bd5b3484976bca4f0216309cc0d76"
"75562304.jpg","05a94dd9e46f5d4c518d8b729a798d2108b79cce512f1875d5c83b8db7137a84","75562304.jpg","c73d5e5b28e1e5c6df61d49e9a8633db720e390fd94be0746107bb11092f18db"
"75562309.jpg","b5eccee4eee1a2f601d8f507abbd517949b61d7f607dc76ceb3a612220783613","75562309.jpg","77dbe33d7751e28d153c0723c1c1ee522237b7cdd0da78477b1809c0064aab62"
"75562311.jpg","2ab7bbe9875ccd3f6b5fb8d6ee84e3f8f54a44f9e685008ee60a3b9a7d4e751a","75562311.jpg","8ad10ae5c48c088b40f9fc63fe068bc5a69d0651f082f334714cab15d4543ef1"
"75562313.jpg","8a114fb7ff0f75d060136c4491dbcd496fa7af608d26682fb0be6ee755095cef","75562313.jpg","25a4c03127ecab7e83f308ba9b440f8b01381bdff93be700ca64096256fc6596"
"75562316.jpg","519d3ef4969517a89554c96cfaf280298522d1d88f0e66d4e6c8f0ba55609c6b","75562316.jpg","1cbcdeccc27211d6c2bc448c6470050ef123a866ed8b6a943b7f220fad94f4e4"
"75562319.jpg","d09141aa70a665dc8da1736bb0e193068112446fcadb61da33192469e4bdcc60","75562319.jpg","b422f619fc4ba25f1944c7729f1b56d03703b4f2abb5ef76c99d3ed7bfde7cbf"
"75562322.jpg","6e1520bbba149ee204aee14c69d0625a6bb0e309b601173821b3b625f6813289","75562322.jpg","4cfb0c950cac94efcba3796874429923a41701fe60024a3544368d1c7c2766bc"
"75562330.jpg","91dda938c355c213603292c720fd833a46901f1f111561863767840957bfe1aa","75562330.jpg","94528cab7b2c56b3504f6ededf6d697c5e0a86fbd78ae0d0a23140c695293933"
"75562333.jpg","ce28b923839013761d01a0412e8032f4d1a4aeea67e55e9b62910e114dd5e089","75562333.jpg","597483523ebf16fc9048ecaf22a7bb22a2cf4980cb328af270ab3626620bcfd4"
"75562344.jpg","b12ed80b71d0d85601159226c7f8bfe5f3d02e82ab3d5c10f0cef0213e22b5d6","75562344.jpg","d431312f0fd4dbfe184623b7112b9d46b62237b6253e1e3c490c610accdf36f9"
"75562352.jpg","1a86ef241e4c34ca921c63711e8ab9e0e4ea7654912fb07152a37d56e8da0a0e","75562352.jpg","0f2eada7b16274601601c3b5c72068b72c8c5074df6eaadc714f28228d00896d"
"75562359.jpg","5688efb50f3e06f8d5ca2f917f9cfd4ff645e7e56fd984dd2d0329fa0168df88","75562359.jpg","b85fefbf20efa29e779fcae6af57e5f091fda252510a51d5017aabae4583c49b"
"75562364.jpg","eaf0d1e53c40830d2cd5ab027a2bf5494e08ea213e1f927343e2a5d5d8bc6336","75562364.jpg","c1955926f73ea7665baec5ad832b24781fd1957ba29e0a7fff7712fce189f580"
"75562385.jpg","adfb6502736243901b966352817e5904064094102dc8cc8cab8109445fb9b8f3","75562385.jpg","2ad8e957b3f6a0df09222b7dda033d2b66acc3937f924c85c3cb620d61f64098"
"75562395.jpg","57517f8b392f33d4d89ee49ad9d0b6dd4fac2ad92f1e3ad80e1c3a3e7f1314c0","75562395.jpg","031abb620f5196c3c9a4ce6d794c7cd48e1f401583dac9afa07d38658ed3a94e"
"75562397.jpg","57517f8b392f33d4d89ee49ad9d0b6dd4fac2ad92f1e3ad80e1c3a3e7f1314c0","75562397.jpg","b7f17bce6633a37d2a1380ed2724d423ef8a4d2b606132e3a13d422b4d1f57d3"
"75562399.jpg","e720b4303596f3b007a7303ce7a0b8c4495f54097832f2e8ab228182246d35cd","75562399.jpg","a52f8d421d46f6f1764601fa649ea8bad6b502ef598d66e4512d076ef83f76df"
"75562400.jpg","752fa67d3013f33b3973e2c5c566e520e9c4662c5484814113a0339eda1edd87","75562400.jpg","b1d2d35567ad955f14f11271688bc25311c29f1546b544bd3ce1cc2fafe17071"
"75562403.jpg","cf121057656b1704c3b5ccccac1826a9d9e3035f9b97cb9c0db47b4402a10161","75562403.jpg","3a0fedee71147072b18d12d6434b1f73bfca6fc7df886d38ee1a87ed920327fb"
"75562407.jpg","8cae0449955979c105df82106d0bdb463d50429dc9c77d5ce1157a869242cbb9","75562407.jpg","be67aa668dbebcea19b3da72a5765b7657bf0586cd39983b2404e4ecc71bf827"
"75562414.jpg","af1b352f01e162b2c04df9084195c19d74e991a96b4e1aa20a5d89f973959e34","75562414.jpg","ae74904bc9a23bfe053ee952e571502a72c61ee630bc452dd3d86145f6db05ff"
"75562416.jpg","b77bebb3646b8a891bfcb5acd9d41d7bb182a9f0009a28a938c7388fed33a9f7","75562416.jpg","8edbfd7e2daf8ff25a0ac1943337f5fffe5a869b995fc269b8a112113a262247"
"75562419.jpg","f86cfba6eb9c0d8484a21b5a423aa3840ce81a8c2716322d7a8e7158a9cefe4e","75562419.jpg","c1e727e8a15a5f1608be2fab1bb2b33d497e011421309217630e1d95ec77936d"
"75562423.jpg","3d57cea9a8b3eac0f85a9f7480db0d910af4b7b06a416a80ffb1b63ae5445367","75562423.jpg","0c55d41c2943a59dcebb1482aee3bcc76e996a4cd5f6591aff01afc751912737"
"75562428.jpg","81b89d0ce9cc22925ca7bb89e6a5b13a5e698cd9a400e5e5f4a58d85a4ca0e7e","75562428.jpg","52780c908921408111a21ed228a850a7fda4264833688aff5b150e7062b1cbd6"
"75562435.jpg","a0d7f291977139c49a3bb38596538b7d874df16f277c925590a56093e12a1534","75562435.jpg","b6fa03c315b51e3028b73d0d33b8dc4577c7666d06acc0189c41d29811e49fa7"
"75562442.jpg","4a142f5c80dd51971dae0b3ae06ebc9ea27977341d9198414eb1c8943c743f31","75562442.jpg","a7e887d46e73aa80a6308ffefbfd76cf2f0419f9b4cd7f3c8581ea9038cfd7fc"
"75562445.jpg","59e04141d9a1b33036e595c973bcc1c2808935fd9f7438bc75690aea2229e275","75562445.jpg","b2f9eb2abeb749bdac9cc3f09a5c0c44b660c96fbecf8917f9c8a8d50e7f16e6"
"75562446.jpg","716f9080a408150de73c0579aa47c418ddb5077e96c13b6d4942feb5b2cf0044","75562446.jpg","35b36d9660a3e300ed42bc5cf3284b6bfcf3a007b4ca34b1dd0405447f8ebcda"
"75562455.jpg","21019baec87fa14fef53b9bc10ff934f792d372f2e234b8ca274761e641360f7","75562455.jpg","5e095bea86effd14ba048c8a3b3df90875344d2d6b812367377846e8e89be76e"
"75562459.jpg","3991d0c06466b68a432cfb48dfbe1519989225c0cc2478a1d8d95e0ffb30cbfe","75562459.jpg","9a6b66137020db3d82648fe38e0b4964f8fc88c96c8cb10776f21380c95d94bb"
"75562462.jpg","16e08b6c77c4573f9dc6b863a349c4633f6004c422c3942ea55d1a6ebd5d1d02","75562462.jpg","25d8fb2bb0b74124c89c920841f4c52e776421c619dd7f58189dfa8cb75cd3f9"
"75562463.jpg","3991d0c06466b68a432cfb48dfbe1519989225c0cc2478a1d8d95e0ffb30cbfe","75562463.jpg","82616c1a4fc99a1ce003ea6055600fc8628f6200f83da6b8e8ba6d4967cc6bf1"
"75562471.jpg","3991d0c06466b68a432cfb48dfbe1519989225c0cc2478a1d8d95e0ffb30cbfe","75562471.jpg","8dbd3f8b2a90df3bd87664ab13534a3662726a53fb58b92d7d4a283e3bb4fd08"
"75562564.jpg","5f9d9e4cb86186cee73e69033686c1bfa28d61a7cf5fc86820d3f0b7ee100c40","75562564.jpg","b40f0dbc7c4147463c6b12a1e6bdbdd924300a6539b6668a2aadacd145c9928d"
"75562568.jpg","b9156f9ad525f1d61eb71b44ecd55c6b7388e7c2ad3fa774662b650d0876873b","75562568.jpg","b53919bc2fd2710e54a627fb3bfa301183bc8e6ce14f9420772275bdb85f3522"
"75562569.jpg","d9c85a90155f54200187aed823828ea14619c1ea5876f2e4df4c2a069dae3017","75562569.jpg","0670b31865f24bcb0bb06872861b25b093b3cf30d4126f29e62f89b62830e2b3"
"75562579.jpg","49f428bdb3802daac309f61dde0db44020b68f87d174f48ce773a1edb1d9f397","75562579.jpg","29da8d10d7c77508a286a1a60e47531cb70b4cf4de910ce60825b694b12b2185"
"75562581.jpg","6e1bfbd65f1289f7ca90c9ecdd6009d5a39a911bb07685c3a5b29580a537006c","75562581.jpg","d4771cf40fa54b1b22668e0a96f002060dfc4b5dfc1aa0f6d9598fa874b206f2"
"75562584.jpg","6e718bbf0eaf529e28540b516f3f9396e6757595e16156d22b0f3e31ad4e8c0b","75562584.jpg","2fb53cfd95d18837bab868f1b2d07b193c36308ecf88958b087e82d600786fee"
"75562596.jpg","f89ded787ad66fd72c666db8152c8a4690d8c91227a8ae5040c609c46b9e661b","75562596.jpg","ec1bca9e93a367b2d9dbb9afccc151c015650398b2d7b4f77e6e641500dc07fb"
"75562600.jpg","ce7bc3a97f5a4edcc1faa8ef11e1c7868c247fa300e8d30da0d1a750bda0292a","75562600.jpg","b94355e6f07f2e72410e64b1a3305045a6e48e732d0c207e5c395ccfbf69c659"
"75562605.jpg","87f771f885d1fb08a1c9444cd7b4682f49d13abf7a2e23f54291951cb9e390c3","75562605.jpg","28f242e8fe5fbac24bf4ea6af36be9e9e60b2b5b29e3902247dbce2deec19bdf"
"75562618.jpg","d09283d2b5528f7629bf71c74e48116d8d06fef7f11e70547e08302e02419801","75562618.jpg","615b7ba7f98adf70f2bee08b7c6bf64841d58303b4c2e045f8680c6481587845"
"75562630.jpg","3fba85593aadfb60a0e6a40aa1756aa362f827f5def02b7763ea83644c91c468","75562630.jpg","d4799de66176f0d55fb31af0d33da1d6095184e77ef37f4b9f666638b7d1a6cd"
"75562631.jpg","ffa7a9d0dad2e5c8fa592c4019467bae12903114a1c61ec22142bc4ef461562c","75562631.jpg","784c182464bd662e189b48325710a60e452ea4d01f57eb7ea1e154351137c155"
"75562632.jpg","675a6dd10a5e3f15de5a4797fb15a87e7fb61166bb277a42be56a09eb975675d","75562632.jpg","5ece78551eb0cca9b63f9e7fd847380338a848c1c77b624fedb4c7511e6c3549"
"75562634.jpg","5fe44dc9e54df575ed29e039da7618b5b70fda88e0e23f06be882444e31ba259","75562634.jpg","1ad15211bfffb8e2885b143a4f93492dada96bf83e98c487be17c539e111b44e"
"75562647.jpg","2e45b8e326dde91d2964a6ea93086bd936a06dd15a2388793a19e653252eb01a","75562647.jpg","68724d7beae60bdb6459c00a5a1bd016f166ad68d1a7ec675bbf6d49bd87099d"
"75562651.jpg","f73775bb48c74b92f959228bb845c9456fb814e51b5db4328b8e1a3e4621c66e","75562651.jpg","a7f5bd15035e0a6f1a176169f3dea4a4ee91c11bd0f6011fb5e11fe75c2d6056"
"75562663.jpg","675a6dd10a5e3f15de5a4797fb15a87e7fb61166bb277a42be56a09eb975675d","75562663.jpg","33fa6f46bc3176d109e26cab47bd542bfc6cd2a568028a0ebe001ea2015172e6"
"75562664.jpg","bf38b28a9a43ee97260df4e9cb6a290b246e1fc50d58a95e60a7d0ebee76ea7e","75562664.jpg","6c39caaaeee69b6d5d1e81c6fa2185356d59a09192c12b802c16b9876a11b61c"
"75562665.jpg","60ae9f464cad5bcdb8b80261c5df74eb755052969bd882ac9a7830066faf04ab","75562665.jpg","5cbd6ed8a94d0040eb68d0b789178d824fc922b24ed7515f47c45e04a23d7933"
"75562763.jpg","9c9ae9636cd2afd1bcbdf5567b66eb65728d67d84b0033d182ce7fea6fbb3c07","75562763.jpg","5095c5b90ad37a2d1794584302c349d572553536f83e324630881708ac781d17"
"75562771.jpg","9c9ae9636cd2afd1bcbdf5567b66eb65728d67d84b0033d182ce7fea6fbb3c07","75562771.jpg","a063843cc29a5bebd999366ad8b9ecbb7b188efb82654858c6feeee6d94c0352"
"75562889.jpg","d91eeefd97cfae43d15e88b830014655c5953a44825be1bdc5cc15e6699d85f7","75562889.jpg","ddb9c4dbaa23e6d846699a56ac2f08634820b93aa54566ded55ecf02b1146fc3"
"75562986.jpg","5ef8328ee9898b07a705b7556e0e5b7f6d532f7360c0279c114814aaeab56ddb","75562986.jpg","5376fcfbb556b19c04e8d0ed87b5b609efd8267e57d58bab176114e792c436f7"
"75563087.jpg","4dd0166218551426299d6ddd35d7db6fe5ea6cc5aca6506790a28a752e31f0c8","75563087.jpg","07d204c61f76e4d57d5a67b4cec384f56c575033f88b8f675a05a0f5531eb0b0"
"75563448.jpg","486b6a540eb9c8a0b7d30cda0fad6c3f975d42895b5fa17bf18bb6c0a9e02485","75563448.jpg","a9f9c52fcea42f16cab3c2c444a13d7cbae36e780194365f88100da9808af6ab"
"75563507.jpg","f0d8f5a2aa8d86242be6988b00dd76e5acd41cf61285cfe0e064a5370cafec49","75563507.jpg","4b79d926ee4bf75d194ed378c7942cae40baeefc56a2f7514af7841455132ad1"
"75563655.jpg","b52d73107ce86b37d18f26fceba799217639414c3949f43c87bc98fe60c12c6e","75563655.jpg","a0a66b3ed83dc09829ed5e814ba31d768c8c2127d18db64872630c43f4d227c9"
"75563741.jpg","0130ed4f227f22106966cefd8357289a24c7e25952f228f878c249642af066b6","75563741.jpg","921a8b00d2dc6b084e9b52f42562e1ef8610e5a10528d01a910a96133f0a23f6"
"75563742.jpg","d77c8dc5268def9fe34fa0d4c56db85cb0b99448b52c1dfd2447400567aa0d9d","75563742.jpg","5fdc64658248792df7f10cbe641f7b5d639c3e6f2c89949bcfa0c4c35bec18cd"
"75563750.jpg","8013e55dc872b1480c940f0ed8869094084e076801ed67140ffa88723d62a23d","75563750.jpg","1ca0782eebd4311478cef2f4526e664aae9d1d1bed9525b9d1c19b631761ca61"
"75563752.jpg","921e5dab34b24ef12f7f218f8436e920d97a376d9641bca5f567afb6cfea3222","75563752.jpg","d6763ad7150d02f0110ff4f6aff9de3b62483bccf9b48448a4f81fe4befe169c"
"75563768.jpg","f2076174e5790d1ecebe3d1eec65029a8ad6501d62b91b3d4bdd33d6e5237bef","75563768.jpg","c5fb60358194d51f90637b72aefd564b6aaf895ab85468c56d9f793c9bc38ae3"
"75563774.jpg","b97493588d7a36b4704f842f6ff948cb7c6d6cabd5ace88800d7c4c6196092e9","75563774.jpg","fcbba5f41338083867bf85af25a65acc68d20aea044c4288dd7c8edc9df65749"
"75563776.jpg","7fc1bfb842565c1080515da0b3a36d6535123b897477a1f4d7ab43f5f6392d37","75563776.jpg","32a7cc15e7e9c9efd81c39a02b94bb5f066c589ed237f208d30fe1df60e948ab"
"75563824.jpg","a2c0ae9d211f29bdc1ed3718df29252d13919bc50ee564b5b11a5635e35672c3","75563824.jpg","e742213501ee7e070b47dc75d730232124ef9fff332708ffa3704c3548d58146"
"75563834.jpg","8013e55dc872b1480c940f0ed8869094084e076801ed67140ffa88723d62a23d","75563834.jpg","cab1c1f7815c30d4a57ace00cbde2f2caf3085a25bd5de9c96361a7e553c2d66"
"75563835.jpg","d1c2d0daef114be6c8891aa5f316524e9f7520af3a8fe6d729ea4771fa5a5ab0","75563835.jpg","9c3b4af1f897e60bddbe6f898c2f24b7c5a56b634f3750dfcd5efd22eb264dfc"
"75563876.jpg","09fd606304b54c7315b8e53cb60701b801f2298b54b4a77805bbc29c391683c6","75563876.jpg","02c96d3dea47825d6480224f77f8bb049cf5f2b5d6c3a1931e372b223d8cad78"
"75563915.jpg","91bc1620c5709aee869d89b59292ca2d599b5891082bf183d03c2f25f91d603d","75563915.jpg","a63b3ea572b5fc18210ca75f57ec1b2d8c8b32035432d9dfc5b317a15789feda"
"75563931.jpg","561b597e008a96f21123b7bb0170b3bbc55f1219fa63b7b7f06227fd11de5ca1","75563931.jpg","c07cf08a1e773215a79686685a9f1f95698920f6fc7600789499d7f6f9cc19e9"
"75563937.jpg","479dbfaa68567682798a518ac33875e02bcfc2b3db5fa9c7f03871047e23db66","75563937.jpg","eb3acefb547b8be83b9cf0a355f60a91fc4a7d7f6e39ccb960840c6050902c41"
"75563957.jpg","3027af8c35dd66061fe5f50c59ccbfd640a2ac0b30bf37c36a2333c2f63392c8","75563957.jpg","18ed422eacd2cfccfe6a767bd31acd70d10fd8eeb6f7e76fad44e1d0fcdd674d"
"75563989.jpg","9a2c03a6bb2c47342d5ffc46af014984db50cf2692cb72233b03bd08d6f07f65","75563989.jpg","9d5b0dffe401a043b123ab23fc04d36c2bbbb967a248a4aa471cbdefb6250e35"
"75564015.jpg","c98009ebe23b72a66dd552f4dfd6a8a3b1fd2fcee435c192b0d4f1d37e10db71","75564015.jpg","32b1912fa6541e91ab65acaf0c64bd5413bf3430dc9cbe9990f765af2b9a21b5"
"75564038.jpg","655f9f55bef7835da7abaff94ecfdf21ef75c4e85f931b68e87c34b70687ef30","75564038.jpg","113dff6b6d5653f6d935d7ef96a3868087a5a312059c5d6b51bc84996b99112d"
"75564052.jpg","f8951fabb85e5bb876d337dcb0c445a9edc25b0ebd3b8dbfeef2b063a47fc0ec","75564052.jpg","3f06776985dfe3a59f47874795b7f03daba957b7fe6b6a695be2153df0e51d9b"
"75564076.jpg","21fb9da490bef89ce86ec6106794f44099cc2e9db47fda1bf6ae3d18d69be4e4","75564076.jpg","a848400893fdedff71733479dc5b2d1f4edf306b1a222eb66f867846761bf6c2"
"75564136.jpg","705e094a17de9491611d1d5b6bd01568540e51e57e179699127516d97ea31f75","75564136.jpg","0d03923077334e09668ccd9e425578ecd830ecfa1b0d773411c0c3c4a022c216"
"75564171.jpg","3267d27304377e0257b3f221e574c3a3557797aef17509f40a268b799a236b9c","75564171.jpg","eca03c7c91ce71485a8e8ddc42e5aafe1132f077423bbe5ea8b162aa359e7a1a"
"75564172.jpg","d98ba88beb8f15c6c0daad35528de1f70ad506c21b7a4714d1cebd9cc13742cc","75564172.jpg","5f2e818bfed82f80b91d9852c21f5219b3033a09f01cc73d10f75f153c74d752"
"75564207.jpg","b313ac99a5d1906fe88c289fda28c14e5aa3c9bef8bd9dd4511da1c516f8ed9c","75564207.jpg","5f258b7ba75e97d136356a62f4d461ac1132085b2709c0a05632e725f581ab32"
"75564226.jpg","17d13396a2cbc506c1aaaadbeab9b2d66766d96dae4901bf3532eceb2ac587fc","75564226.jpg","27ed20dc4a496bd0dcbc02b3baf9c56c721d74497715d252d2d837f9cf70bbb3"
"75564237.jpg","b53847ebc62e48051219d637c0a82310691cc707cd7821fab41efd5a7ed9f38f","75564237.jpg","15f7cbbc8b5c10d9afabe959e86eeb6078feb6faa8f42f2613c56c61a9695434"
"75564246.jpg","62c3a8dc1091d2b3c7325252db45caec2202d0a5c5246e590c6ab91bf865aa4e","75564246.jpg","ecf767ea20e8cf517c2dd9fb42eaf6667c9a7e4e922f932cb16a53ba8d04e688"
"75564263.jpg","e9e091940cbb1a6054702b19914fb1460dce84ed44db4357eb702a2766ce0e95","75564263.jpg","413ef2bcf46635f4caa5f172117894d65942e6b6d88f74927e833e79dbc683b4"
"75564358.jpg","1390302983b22757b9c239a134f3c3ef0e1bdc4cbeacf6949484705bb199bcd9","75564358.jpg","2e4444013371d7a0b0ee7cc3c314497db069b7632d21158c9dd22f055c83c49f"
"75564388.jpg","85bda3e87abcc0921246c871fe60e4f57fe4d125d9b8bcccaff540d9595f096b","75564388.jpg","2d4e8759d9b48b02bc9a06cd090d95d3be4d7ab16c05d93e930cbff08d1d2421"
"75564390.jpg","b7a8bea9022c981e966bf2c3d13120d0a3a3bc3ac156f3f9bbb59be681228165","75564390.jpg","94671b709b14269aace8a5e26cc32de8452b79270484d0edacb6e6491f35d33d"
"75564410.jpg","9de369abed96c19024aa8a63dd8fcf80b72e635db65cf77b3d86093eef6038fa","75564410.jpg","8659794c1fe45cd00f2f685d6f271e1fa961ea87ec8eea64662b802ae42c3745"
"75565217.jpg","8d8ab693e77f754953d792a775481a1ca11652b34ec15d743d82212a0ff65b30","75565217.jpg","034623f5e546a959b952a84d6e6a783cbd9af70f36911abfd9ff848a95e52066"
"75565333.jpg","1147cc460e23bff394ada9569eae3b0ef5e5b43849ad4c83b2e58c7e17aa7142","75565333.jpg","7e3e1c91660dbd49a3b1620fa29c8556db55efdda07b65fa9a95ad10a713bdfe"
"75565434.jpg","135ea553b674ef2ddcc055f151606180491d5bd375e63ac2abbc454535ef5b0c","75565434.jpg","5272f80a9b91ed42d81b04a5b213017ab480df918c9e0063f639e41a03273048"
"75565887.jpg","999af5bcf3b4011d7467e34cc66e9addf32d3de7edd9d721f6fc3586024a68d5","75565887.jpg","ab1dc016ea857e1812a37bed8cc67d0c544a1a4e4d72fafe11a59b012eabc42b"
"75565993.jpg","999af5bcf3b4011d7467e34cc66e9addf32d3de7edd9d721f6fc3586024a68d5","75565993.jpg","6c94957e2c86440a8ecafe7204b86edc539115adf46b8bf288094f7acd83f80d"
"75566076.jpg","b9c6ee6ac7725be25db89dc397932d250f0483817f28cae8e308ff58428b1529","75566076.jpg","f274bd361fc243a9cb178475a1791eb7bc74e1836c1e64fa8e7c8760a2c7e9f5"
"75566144.jpg","cdb0516bf959ecd48e91447784e21a6e5f76f94ca1dc0403dd6da000db42daac","75566144.jpg","5cf2383bf4844084ae8da086dfb42410f06b16777a2562689abb4de59bbbf2a9"
"75566339.jpg","cb18b5c54bf3c27f08d37c6407868ead2213c3ef0bafcbd48b4f93c76d42e9fa","75566339.jpg","ccc32884b18c1f56cd651e36c5ea1dbc0f0552db05414620caa37d5ada099e33"
"75566503.jpg","63e3abd673a50d67e8ee2aff1245c68f9ad23a27b2110254d51e507e3042e800","75566503.jpg","210362789d84699ecc05977fee01f705a77082cc58b58e91cabb51f5fa3e85fa"
"75566618.jpg","cb18b5c54bf3c27f08d37c6407868ead2213c3ef0bafcbd48b4f93c76d42e9fa","75566618.jpg","6290b89f0d7c61377c7805a9a5ada3423ce7a80959e7627bae7a39ea715d289e"
"75566716.jpg","cb18b5c54bf3c27f08d37c6407868ead2213c3ef0bafcbd48b4f93c76d42e9fa","75566716.jpg","01278a93b9b2f906f38ba74f4c639c59d6ace19e126f95ec0a399415d92d02ba"
"75567045.jpg","8cbebd77333a7ab9d5006dd9dc2e253d48e69dd1d996acc6bf4af7103c8453b6","75567045.jpg","6ab5cf5930ea59e84df6e79638c10e7a949785486b11cc1d7508bc8e3a8ceca8"
"75567097.jpg","f1cc380edd52d8326b64a5db5f670dd75cb219d97f2abf302219ac99414c6b2e","75567097.jpg","a6bd7c9e9b3b1dc6f46aa7d3f9e5631003fed56b6904530b5b1d7921d51ccba4"
"75568297.jpg","a973eb9123ae6432607c8505317be5bb58ee6f3f85348b4c358fabe1247012d6","75568297.jpg","eb32d3814f0591390717965c2f353ba69a79afb7f8ffa32c6aa3e574acad0be2"
"75568440.jpg","d055191f573dbbca1e3e772b5c291c75505a96cd3ea95bc0212351d329506819","75568440.jpg","57681179e30b5fdfcd97f95f14785669a95616edb7dfc7e1572b29685811229b"
"75568458.jpg","fc084ff92e45a161bceed1f3614148026afb61b880352f3f9695563b200e850b","75568458.jpg","c5b32eecb016d359a7d517c3e7347c1e294a73d4daebd7ea8b983126420a329d"
"75568654.jpg","7db9ee3c8ed907d44f4cf1cc9ea3211beecba5c6947dfabc81d1b7ff4391eb6d","75568654.jpg","c6f0b7357b9d7b62cefc826bc76e065425c8c9b7b19dce4ddc65577946580230"
"75568663.jpg","486b6a540eb9c8a0b7d30cda0fad6c3f975d42895b5fa17bf18bb6c0a9e02485","75568663.jpg","dc2fc4c434d3eb4ec1d5a772d6153cc49f40a3b3cc7df86b30064712e16855f9"
"75568871.jpg","c85e217d38b35f9adde7675a4638ca7f5c725a14aecfcb301cfbafbb98f17537","75568871.jpg","6105f79dcf500e655a186abf406dffe2c7052fad0ec01840ea4ef5d36751488f"
"75568894.jpg","0ba5cfb7242638f366b4c132e61f4817bc8e430404c3dfbc4f57220261ea3f9b","75568894.jpg","63c20c4987bd9006e53de7e35a9969af8e7a77ef063feeee0d88660c55caf3c9"
"75568998.jpg","f7727998ce31a06caff257a8fbc64062bdf63fafaee1bfda4dfd669f1492efe4","75568998.jpg","57fa3936abfe3672fe2300a3a6c2928e980c6e42d1b7c4dab4a3e7d3b98145b7"
"75569220.jpg","c3bf179c697390cbbad35b88b4c9c2435d24cf433c2ea00bc6eca4db4cc5bd67","75569220.jpg","4820c36762c953c2ca24b87fda6f47e5ac8a5f7389e6e90f025c1239caa765dd"
"75569249.jpg","c3bf179c697390cbbad35b88b4c9c2435d24cf433c2ea00bc6eca4db4cc5bd67","75569249.jpg","5105bbad5ce8adca05883c849b95df55ed85a67456c3b2992defebf02223aac4"
"75569358.jpg","4650062f90d831915d8e0343aa3bb4cd41dbd35ed1d4f893a441620a93ccea71","75569358.jpg","18d38cf53ed39e44eb4065010e9a808a66f9ce37b67158cfbb985baaa2cd1f4d"
"75569402.jpg","0dba8f9d37d0eb7859572d2dd41f0311576fd656342825b9379ec56f4b833984","75569402.jpg","7222c5ee5dd477a29ec5e284b125f45dc7b6d3f2b329ece0989ece56afd6874b"
"75569420.jpg","4650062f90d831915d8e0343aa3bb4cd41dbd35ed1d4f893a441620a93ccea71","75569420.jpg","e1e55a2f2b368b71d5962b45b22cca287a66a316c360feb24123e3285bd6b2e6"
"75569499.jpg","5c08a1d67385d3431a78552778871808ff14b936fd1155db103431089706154d","75569499.jpg","a1a7e5a9c1121b1dbce379ebcd9e6845226574b38fa834bbdff3c53ed0e348dc"
"75569553.jpg","74d07de579fc44157add2156b4be9540d945c3f900a855a103ffc53157e9bf4e","75569553.jpg","2de515edc8a05ec30879b2f9c572fd78fd8a69aacd3d907cee51e4fd7031f066"
"75569612.jpg","bb2f21f114906aa2e01cf5060c467e234607ce1dbf50ebdeb38256ed7093eff0","75569612.jpg","bdcd21a66f7304a99399afce029e32dc90ec4a1411ade9ea8ce7b5eedbbcb69b"
"75569629.jpg","f5302506114b53d5b939495802e8cbde20a495e73aae6e3128122bbd5b62218a","75569629.jpg","25dbdd0e681fb592fed59d59fbaf2abc199827feb79c2be60f16b6edbdbb7bfb"
"75569808.jpg","0dba8f9d37d0eb7859572d2dd41f0311576fd656342825b9379ec56f4b833984","75569808.jpg","df65b76475c26e10835d512698b179adb63de1436d030487d9bd8357bd87316a"
"75569812.jpg","5c08a1d67385d3431a78552778871808ff14b936fd1155db103431089706154d","75569812.jpg","798308d86ed3dd4f81afbc4758d9db59a2fb957b0c7bc8674abe307bb7f88225"
"75569889.jpg","bb2f21f114906aa2e01cf5060c467e234607ce1dbf50ebdeb38256ed7093eff0","75569889.jpg","dba100767e995bdafb6cf967f634591b23ec132695ddb330ce94a69ea9c39c66"
"75570128.jpg","9fcdaa383ccf19909441f65c149874d192d1e8d814da287e242f7ccabf12392e","75570128.jpg","23c6d34674925b0c3c5669534c4cc7a029936955bd3d7b338503f6833f679ca3"
"75570128_2.jpg","9c1d70143fc8dff34abdb7af3f9584ced844e4516ae7a4779c82a33409556132","75570128_2.jpg","b9e7366b4677c46e9c5a243a7253c4d57a12ec2603b28f5d36091f29847ff2ce"
"75570175.jpg","0b8ee155f79e20766c1b37527b3612f3ba6def85548bde84a89f3862632411de","75570175.jpg","ac85e6b5c6f6794c9cb3343c3df61d65eebf039dfb3e4ef1c925a70eb5ccd667"
"75570191.jpg","dc003382b9711e612367e4e03f0730a38d65a5083086bd094a134393b806fa6b","75570191.jpg","30928a4aeee447f16e433679ecf0d44d93e017c1543a7ce854d3733b53f74971"
"75570232.jpg","705bfbf932e91f929298577fffab9efc207bc58c120037d3c032e85dd7c3533a","75570232.jpg","60cb002b7c43098a74407aa41fb4de27729f8242d519c91b1b4f54accc528fc7"
"75570275.jpg","8dcd47859821d8d2d084f3c48be85873e6f7331dd2f01e950d038d0d7346b1a8","75570275.jpg","9af258982951600ba1066ec0be8d7ce1a7b2f8d8a417a3e660a3c38522cd7e50"
"75570303.jpg","dc003382b9711e612367e4e03f0730a38d65a5083086bd094a134393b806fa6b","75570303.jpg","21c6ea3c8db1913ea8dec1a73d0b7e3ea3e198800a18c8251ff78a92c8b59a99"
"75570369.jpg","f8cb35ecb41807fc1ffcf48e8b4cecb9e2139ebf88a88191b8ebee1df5445cb7","75570369.jpg","72e0d24abcf8eaf16261e820fb94a3bbdd9767927f2ced135ce5767648693bb5"
"75570552.jpg","7a31da90ffebcdeb39f917b001bfd4a600dcf9ef91de420b529f70e6dfe9be09","75570552.jpg","e2b34dcab7e9f0a3784f5feb02389de0e66fdf844c2a9ca7e23750aa45ca4bb5"
"75570588.jpg","00e7a28a3d3d5055dbee2c0ef546ea67c3082f2fcbbfa01f9bac6f4cba9f8bc0","75570588.jpg","362e9fdf7a8ef56db2f5413c4de16a1eedb29b278ff33878f2f3a7db7d2ab67c"
"75570931.jpg","4a81ca469449468e9506e671fc17c018f2a2109160a317882be40814cf749bdf","75570931.jpg","a31ce92d844d6a024d9b3a90b9d28a4ec0a22d7a1ac25120f0a61f705677af4c"
"75570962.jpg","8400e616202137c3d28e430947d97c41e94698a269d4e4dd7c94ebba955b4cdd","75570962.jpg","a9bd28b6e02903db7b1689859a16e0a6e92d821b0cff249f5b26de9bd99f4258"
"75570973.jpg","13652ca29ef6e1e374c978571a33003e0eded9aec70710ac0c6841cd06849ba5","75570973.jpg","5dc54d679bbf183485b31f6beb7bb9403e03d990b69d3b9de760807d5c2b3901"
"75571078.jpg","a3ac2119119b30a4517ce141b48826dc3ab28feab1bf581a7d3a5959d08ad566","75571078.jpg","000fea28ebcd09a8738c177c5a9e6f5167cd0b49223f451a852038954318091d"
"75571094.jpg","ac0416f71a08c56dc5f5a7a5c257de7d7580db674a27aa4489bd824431dc006c","75571094.jpg","6a8a3d1cf456968ef7aa97e3a288717257ac3ae844392a3721fa7b44991f8d10"
"75571180.jpg","4a81ca469449468e9506e671fc17c018f2a2109160a317882be40814cf749bdf","75571180.jpg","65f23515e5b93472c80acf98ab1a22ba4cfa9dcc838e9a2b37def888454793ec"
"75571213.jpg","7eecb4a67f83dbfd2321b4d4a4c2f745c27a4158b0b327db9bea3934596a5ade","75571213.jpg","92b8f86d163e502e36e4da35c516642e09ca97b2f47eccdb3fb85f81a825e1ed"
"75571239.jpg","50a1710b3016781953bc28c01e40f6381fd480f33bece2945bb7111aba8fdc49","75571239.jpg","39776db136c4014825234f8ad1fabc3b74a36040b7e72d72867324fb3d269fc2"
"75571245.jpg","7eecb4a67f83dbfd2321b4d4a4c2f745c27a4158b0b327db9bea3934596a5ade","75571245.jpg","244999e075bd2af862ffcad4e0d7d737a1ce50f394e0a776e8556f93955efad4"
"75571303.jpg","6c6548851477ca74f91923605a2a670282deeedda5bfd66ddb65479cfa5e6748","75571303.jpg","7c2c5923b5e4ff08448ca063cedb070c206022f9e21eac6e4058ceba72fd0e5a"
"75571352.jpg","4a81ca469449468e9506e671fc17c018f2a2109160a317882be40814cf749bdf","75571352.jpg","2e112318cce4256a1f4cfa1af8254f8a68195962688969cc883c1ad85547c8a8"
"75571516.jpg","c2cdf4152731e44d7491f457be3e3141846ecf062a4d57b50e96c19c9d437db0","75571516.jpg","7ddb553903a5486967379ef1212b38cda09fdef0d030c503af281e8becbd3ac9"
"75571600.jpg","a8c9a2bbc889ee404daea29a1bd2221c9c7cacc82f236fc51121ea163f9dbea9","75571600.jpg","2c838cdfae107e46416d1c89e8860d3791d0b9c4d7fb6acd872983634f4314bc"
"75571649.jpg","8bc903400812e34aad721f20447802837ee6c24924b4ccd2179939f236fbe2c1","75571649.jpg","99edcb1c8311793b8537423e4403f2b5074478a1de8975e99cc060df85e2b310"
"75571695.jpg","cf43b870a39f81d2d13e4ccd6584a7415e5015e29f6832a50d84cb2c0c936e06","75571695.jpg","d29a74492ead8dd27ba6bf257a52603ab229637e7b3d73e6ced2cdd30ab1fb13"
"75571759.jpg","cc995ef99a1a082de40a036e6ddc2ce6bf4f28440b66b8eafe27668e832edb4b","75571759.jpg","16d3fa536df0588982c04c7621a1ba3da88afaee32c5b8f69f1c67ce9bc482be"
"75571813.jpg","a8c9a2bbc889ee404daea29a1bd2221c9c7cacc82f236fc51121ea163f9dbea9","75571813.jpg","ea28197675234b861a1211871887c679cb54506971ccb927500c9b2a29e3fd00"
"75572102.jpg","0d4afae5b14bf142e1299cbcc9ad12e5884c403a1c3df4089fe0955e9f5a9412","75572102.jpg","e358863c8ebaa6efaee18b927ba073d6de3fd843b0a0c0a79a65507bae2e075b"
"75572254.jpg","a06f0b2bd1c564ff5e84d5ec36e704155037c941586b4998df0ff26448256558","75572254.jpg","b8a84e7a53274f5d3bbb7e463c4e7d55cace7c9ca7454450add9de58398c0a94"
"75572264.jpg","2806781137af83f6d1c456169aefbe169ee2393e86c76ab8ba32c3427c56eb42","75572264.jpg","c35cf62b273f9f7407b3663b521094a2f0d4a00997cb858f85bf0fe1b007dc76"
"75572369.jpg","ff43d86c82201ce9facc12302ec1d8bc1674791075ab0f8c61ff3c5613f8203c","75572369.jpg","0b3bc3e8b18ded6ddf732ab1c5b43fd235d51d79641dd6d2f8f98e1bce616a61"
"75572430.jpg","aad1d1142c40cd6422444acd67e17d223a74cb2664e6db64c41975e7af1d05ac","75572430.jpg","fef43e4cb2294ef459ada430fd71832e868bf386defdf261405bc1721884b5d5"
"75572558.jpg","6c2c301f8ddc27c4b4c8adfb2fed7c5059a463ece7dbbbd084bfd649d697d195","75572558.jpg","d12eb4714789128df4089ddfed185c2445ee04e12872c1f9118565bde66e3d04"
"75572707.jpg","efdb9ff4e083833d1b06c74c3b22ba2317f7491d1daa3bac7fb36f5c6e2879df","75572707.jpg","b719bd5259bea62a1d4e8208d58784cae59bb55858280a0cb5634eb2db5e0d52"
"75573306.jpg","d057afdeb855f7d0673e9908909b0e4cf4b11b9cc88dadff5571f216911742b8","75573306.jpg","50d78b3590c01436a1432a80c3e7dfc3d2a6efad3981ea21071679ac8b3677da"
"75573405.jpg","77fd81818706d03fa240186366a0d36f86abd6728b05c37fdcf76945547700e2","75573405.jpg","4743af24c1efcd938c81a9994847192e077837bd2dc24c18ee2b7db5452ce221"
"75573505.jpg","29e19fe60486b521955d7be95903f9438a434283594349d6cf73874014e5d19c","75573505.jpg","cc38fe1394c0bee24f4160a366c7d515c55e257f02eea779e391f8c55cf36be7"
"75573667.jpg","ac6a66b8a49b70185b1c37d98b947a489d5acacbd703e1a26ee000cd60e9bf50","75573667.jpg","0ddae253c2abc54b7d90d79bad1a6807ebb13685d8f85755061bfd3acf248e99"
"75573805.jpg","baaeb6889f54736c90cdaaca1c9bf21c47051d13a3af37a030056f93d89106e4","75573805.jpg","5d764b8446cea9465e1abc853366471533bb73f2958989b8eb1f16f7df2a8944"
"75574121.jpg","16a32b81e645cf6ec159d43784dbf02a9bb045f18f5587fbff7c65259593cc51","75574121.jpg","ffc6ec5116a0410b83e6e1fe13d6fce8375a9394f01b165d46fb6366a1b41a15"
"75574200.jpg","011a6dc160f1e30c9a176c817b86cacea201cb82165604275862d0025f364b42","75574200.jpg","e7877dc318831a6a0714818fd179ff497cd6f25d6913287e7402de4a6a83bc1e"
"75574610.jpg","b037dce16c285d138a92444bbc840f68575096cd3d7005a1178e3b2ada1acaff","75574610.jpg","6643ff951dd154db94a50acb0a2a3477ba8a36a0f589a33152a5a9c0e4ac3116"
"75574944.jpg","bd1a9dd20e85d539d4441b76bcdec662cd9a1ebe0cb10758ae751ffaabcd9fbf","75574944.jpg","0bca2a8e5d654225ec480005705999a8da7cdf1a734660563562590ad80f04ad"
"75575199.jpg","affc7922ca04cee1f4a3572b7c9df43cb1f3ac7781bfc52997cef1692eb49508","75575199.jpg","75350df3d59cc29dbc0d3ff87ba1a720f82b8f721a7276844d91d06f81a8838b"
